#pragma once
/*
    #version:1# (machine generated, don't edit!)

    Generated by sokol-shdc (https://github.com/floooh/sokol-tools)

    Cmdline:
        sokol-shdc --input src/shader/model.glsl --output src/shader/model.glsl.h --slang metal_macos --format=sokol_impl -r

    Overview:
    =========
    Shader program: 'program_normal':
        Get shader desc: model_program_normal_shader_desc(sg_query_backend());
        Vertex shader: vs
            Attributes:
                ATTR_model_vs_a_position => 0
                ATTR_model_vs_a_normal => 1
                ATTR_model_vs_a_texcoord0 => 2
                ATTR_model_vs_a_id => 3
                ATTR_model_vs_a_buffer_index => 4
                ATTR_model_vs_a_model_flags => 5
                ATTR_model_vs_a_model_type_flags => 6
                ATTR_model_vs_a_t0 => 7
                ATTR_model_vs_a_t1 => 8
                ATTR_model_vs_a_t2 => 9
                ATTR_model_vs_a_t3 => 10
            Uniform block 'vs_params':
                C struct: model_vs_params_t
                Bind slot: SLOT_model_vs_params => 0
        Fragment shader: fs_normal
            Uniform block 'fs_params_normal':
                C struct: model_fs_params_normal_t
                Bind slot: SLOT_model_fs_params_normal => 0
            Storage buffer 'tex_atlas_entries_buffer':
                C struct: model_tex_atlas_entries_buffer_t
                Bind slot: SLOT_model_tex_atlas_entries_buffer => 0
            Storage buffer 'model_render_data_buffer':
                C struct: model_model_render_data_buffer_t
                Bind slot: SLOT_model_model_render_data_buffer => 1
            Image 'tex_atlas_virtual':
                Image type: SG_IMAGETYPE_2D
                Sample type: SG_IMAGESAMPLETYPE_FLOAT
                Multisampled: false
                Bind slot: SLOT_model_tex_atlas_virtual => 0
            Image 'tex_atlas':
                Image type: SG_IMAGETYPE_ARRAY
                Sample type: SG_IMAGESAMPLETYPE_FLOAT
                Multisampled: false
                Bind slot: SLOT_model_tex_atlas => 1
            Sampler 'smp_nearest':
                Type: SG_SAMPLERTYPE_FILTERING
                Bind slot: SLOT_model_smp_nearest => 0
            Image Sampler Pair 'tex_atlas_virtual_smp_nearest':
                Image: tex_atlas_virtual
                Sampler: smp_nearest
            Image Sampler Pair 'tex_atlas_smp_nearest':
                Image: tex_atlas
                Sampler: smp_nearest
    Shader program: 'program_phantom':
        Get shader desc: model_program_phantom_shader_desc(sg_query_backend());
        Vertex shader: vs
            Attributes:
                ATTR_model_vs_a_position => 0
                ATTR_model_vs_a_normal => 1
                ATTR_model_vs_a_texcoord0 => 2
                ATTR_model_vs_a_id => 3
                ATTR_model_vs_a_buffer_index => 4
                ATTR_model_vs_a_model_flags => 5
                ATTR_model_vs_a_model_type_flags => 6
                ATTR_model_vs_a_t0 => 7
                ATTR_model_vs_a_t1 => 8
                ATTR_model_vs_a_t2 => 9
                ATTR_model_vs_a_t3 => 10
            Uniform block 'vs_params':
                C struct: model_vs_params_t
                Bind slot: SLOT_model_vs_params => 0
        Fragment shader: fs_phantom
*/
#if !defined(SOKOL_GFX_INCLUDED)
#error "Please include sokol_gfx.h before model.glsl.h"
#endif
#if !defined(SOKOL_SHDC_ALIGN)
#if defined(_MSC_VER)
#define SOKOL_SHDC_ALIGN(a) __declspec(align(a))
#else
#define SOKOL_SHDC_ALIGN(a) __attribute__((aligned(a)))
#endif
#endif
const sg_shader_desc* model_program_normal_shader_desc(sg_backend backend);
int model_program_normal_attr_slot(const char* attr_name);
int model_program_normal_image_slot(sg_shader_stage stage, const char* img_name);
int model_program_normal_sampler_slot(sg_shader_stage stage, const char* smp_name);
int model_program_normal_uniformblock_slot(sg_shader_stage stage, const char* ub_name);
size_t model_program_normal_uniformblock_size(sg_shader_stage stage, const char* ub_name);
int model_program_normal_storagebuffer_slot(sg_shader_stage stage, const char* sbuf_name);
int model_program_normal_uniform_offset(sg_shader_stage stage, const char* ub_name, const char* u_name);
sg_shader_uniform_desc model_program_normal_uniform_desc(sg_shader_stage stage, const char* ub_name, const char* u_name);
const sg_shader_desc* model_program_phantom_shader_desc(sg_backend backend);
int model_program_phantom_attr_slot(const char* attr_name);
int model_program_phantom_image_slot(sg_shader_stage stage, const char* img_name);
int model_program_phantom_sampler_slot(sg_shader_stage stage, const char* smp_name);
int model_program_phantom_uniformblock_slot(sg_shader_stage stage, const char* ub_name);
size_t model_program_phantom_uniformblock_size(sg_shader_stage stage, const char* ub_name);
int model_program_phantom_storagebuffer_slot(sg_shader_stage stage, const char* sbuf_name);
int model_program_phantom_uniform_offset(sg_shader_stage stage, const char* ub_name, const char* u_name);
sg_shader_uniform_desc model_program_phantom_uniform_desc(sg_shader_stage stage, const char* ub_name, const char* u_name);
#define ATTR_model_vs_a_position (0)
#define ATTR_model_vs_a_normal (1)
#define ATTR_model_vs_a_texcoord0 (2)
#define ATTR_model_vs_a_id (3)
#define ATTR_model_vs_a_buffer_index (4)
#define ATTR_model_vs_a_model_flags (5)
#define ATTR_model_vs_a_model_type_flags (6)
#define ATTR_model_vs_a_t0 (7)
#define ATTR_model_vs_a_t1 (8)
#define ATTR_model_vs_a_t2 (9)
#define ATTR_model_vs_a_t3 (10)
#define SLOT_model_vs_params (0)
#define SLOT_model_fs_params_normal (0)
#define SLOT_model_tex_atlas_entries_buffer (0)
#define SLOT_model_model_render_data_buffer (1)
#define SLOT_model_tex_atlas_virtual (0)
#define SLOT_model_tex_atlas (1)
#define SLOT_model_smp_nearest (0)
#pragma pack(push,1)
SOKOL_SHDC_ALIGN(16) typedef struct model_vs_params_t {
    m4 view;
    m4 proj;
} model_vs_params_t;
#pragma pack(pop)
#pragma pack(push,1)
SOKOL_SHDC_ALIGN(16) typedef struct model_fs_params_normal_t {
    int tick;
    f32 time_s;
    uint8_t _pad_8[8];
} model_fs_params_normal_t;
#pragma pack(pop)
#pragma pack(push,1)
SOKOL_SHDC_ALIGN(8) typedef struct model_tex_atlas_entry_info_t_t {
    v2 uv_min;
    v2 uv_max;
    int32_t layer;
    int32_t anim_ticks_per_frame;
    int32_t anim_width;
    uint8_t _pad_28[4];
} model_tex_atlas_entry_info_t_t;
#pragma pack(pop)
#pragma pack(push,1)
SOKOL_SHDC_ALIGN(16) typedef struct model_model_render_data_t_t {
    int32_t id;
    int32_t tex;
    int32_t tex_overlay;
    f32 overlay_alpha;
    v3 hsv;
    int32_t flags;
    v4 tint;
    v4 extra_bloom;
    v3 extra_light;
    f32 spawn_time;
    int32_t corpse_tick;
    uint8_t _pad_84[12];
    v3 m_centroid;
    uint8_t _pad_108[4];
} model_model_render_data_t_t;
#pragma pack(pop)
#if defined(SOKOL_SHDC_IMPL)
/*
    #pragma clang diagnostic ignored "-Wmissing-prototypes"

    #include <metal_stdlib>
    #include <simd/simd.h>

    using namespace metal;

    // Returns the determinant of a 2x2 matrix.
    static inline __attribute__((always_inline))
    float spvDet2x2(float a1, float a2, float b1, float b2)
    {
        return a1 * b2 - b1 * a2;
    }

    // Returns the determinant of a 3x3 matrix.
    static inline __attribute__((always_inline))
    float spvDet3x3(float a1, float a2, float a3, float b1, float b2, float b3, float c1, float c2, float c3)
    {
        return a1 * spvDet2x2(b2, b3, c2, c3) - b1 * spvDet2x2(a2, a3, c2, c3) + c1 * spvDet2x2(a2, a3, b2, b3);
    }

    // Returns the inverse of a matrix, by using the algorithm of calculating the classical
    // adjoint and dividing by the determinant. The contents of the matrix are changed.
    static inline __attribute__((always_inline))
    float4x4 spvInverse4x4(float4x4 m)
    {
        float4x4 adj;	// The adjoint matrix (inverse after dividing by determinant)

        // Create the transpose of the cofactors, as the classical adjoint of the matrix.
        adj[0][0] =  spvDet3x3(m[1][1], m[1][2], m[1][3], m[2][1], m[2][2], m[2][3], m[3][1], m[3][2], m[3][3]);
        adj[0][1] = -spvDet3x3(m[0][1], m[0][2], m[0][3], m[2][1], m[2][2], m[2][3], m[3][1], m[3][2], m[3][3]);
        adj[0][2] =  spvDet3x3(m[0][1], m[0][2], m[0][3], m[1][1], m[1][2], m[1][3], m[3][1], m[3][2], m[3][3]);
        adj[0][3] = -spvDet3x3(m[0][1], m[0][2], m[0][3], m[1][1], m[1][2], m[1][3], m[2][1], m[2][2], m[2][3]);

        adj[1][0] = -spvDet3x3(m[1][0], m[1][2], m[1][3], m[2][0], m[2][2], m[2][3], m[3][0], m[3][2], m[3][3]);
        adj[1][1] =  spvDet3x3(m[0][0], m[0][2], m[0][3], m[2][0], m[2][2], m[2][3], m[3][0], m[3][2], m[3][3]);
        adj[1][2] = -spvDet3x3(m[0][0], m[0][2], m[0][3], m[1][0], m[1][2], m[1][3], m[3][0], m[3][2], m[3][3]);
        adj[1][3] =  spvDet3x3(m[0][0], m[0][2], m[0][3], m[1][0], m[1][2], m[1][3], m[2][0], m[2][2], m[2][3]);

        adj[2][0] =  spvDet3x3(m[1][0], m[1][1], m[1][3], m[2][0], m[2][1], m[2][3], m[3][0], m[3][1], m[3][3]);
        adj[2][1] = -spvDet3x3(m[0][0], m[0][1], m[0][3], m[2][0], m[2][1], m[2][3], m[3][0], m[3][1], m[3][3]);
        adj[2][2] =  spvDet3x3(m[0][0], m[0][1], m[0][3], m[1][0], m[1][1], m[1][3], m[3][0], m[3][1], m[3][3]);
        adj[2][3] = -spvDet3x3(m[0][0], m[0][1], m[0][3], m[1][0], m[1][1], m[1][3], m[2][0], m[2][1], m[2][3]);

        adj[3][0] = -spvDet3x3(m[1][0], m[1][1], m[1][2], m[2][0], m[2][1], m[2][2], m[3][0], m[3][1], m[3][2]);
        adj[3][1] =  spvDet3x3(m[0][0], m[0][1], m[0][2], m[2][0], m[2][1], m[2][2], m[3][0], m[3][1], m[3][2]);
        adj[3][2] = -spvDet3x3(m[0][0], m[0][1], m[0][2], m[1][0], m[1][1], m[1][2], m[3][0], m[3][1], m[3][2]);
        adj[3][3] =  spvDet3x3(m[0][0], m[0][1], m[0][2], m[1][0], m[1][1], m[1][2], m[2][0], m[2][1], m[2][2]);

        // Calculate the determinant as a combination of the cofactors of the first row.
        float det = (adj[0][0] * m[0][0]) + (adj[0][1] * m[1][0]) + (adj[0][2] * m[2][0]) + (adj[0][3] * m[3][0]);

        // Divide the classical adjoint matrix by the determinant.
        // If determinant is zero, matrix is not invertable, so leave it unchanged.
        return (det != 0.0f) ? (adj * (1.0f / det)) : m;
    }

    // Returns the inverse of a matrix, by using the algorithm of calculating the classical
    // adjoint and dividing by the determinant. The contents of the matrix are changed.
    static inline __attribute__((always_inline))
    float3x3 spvInverse3x3(float3x3 m)
    {
        float3x3 adj;	// The adjoint matrix (inverse after dividing by determinant)

        // Create the transpose of the cofactors, as the classical adjoint of the matrix.
        adj[0][0] =  spvDet2x2(m[1][1], m[1][2], m[2][1], m[2][2]);
        adj[0][1] = -spvDet2x2(m[0][1], m[0][2], m[2][1], m[2][2]);
        adj[0][2] =  spvDet2x2(m[0][1], m[0][2], m[1][1], m[1][2]);

        adj[1][0] = -spvDet2x2(m[1][0], m[1][2], m[2][0], m[2][2]);
        adj[1][1] =  spvDet2x2(m[0][0], m[0][2], m[2][0], m[2][2]);
        adj[1][2] = -spvDet2x2(m[0][0], m[0][2], m[1][0], m[1][2]);

        adj[2][0] =  spvDet2x2(m[1][0], m[1][1], m[2][0], m[2][1]);
        adj[2][1] = -spvDet2x2(m[0][0], m[0][1], m[2][0], m[2][1]);
        adj[2][2] =  spvDet2x2(m[0][0], m[0][1], m[1][0], m[1][1]);

        // Calculate the determinant as a combination of the cofactors of the first row.
        float det = (adj[0][0] * m[0][0]) + (adj[0][1] * m[1][0]) + (adj[0][2] * m[2][0]);

        // Divide the classical adjoint matrix by the determinant.
        // If determinant is zero, matrix is not invertable, so leave it unchanged.
        return (det != 0.0f) ? (adj * (1.0f / det)) : m;
    }

    struct vs_params
    {
        float4x4 view;
        float4x4 proj;
    };

    struct main0_out
    {
        float3 pos_w [[user(locn0)]];
        float3 pos_v [[user(locn1)]];
        float3 pos_l [[user(locn2)]];
        float3 n_w [[user(locn3)]];
        float3 n_v [[user(locn4)]];
        float2 uv [[user(locn5)]];
        int id [[user(locn6)]];
        int buffer_index [[user(locn7)]];
        int flags [[user(locn8)]];
        int type_flags [[user(locn9)]];
        float4 gl_Position [[position]];
    };

    struct main0_in
    {
        float3 a_position [[attribute(0)]];
        float3 a_normal [[attribute(1)]];
        float2 a_texcoord0 [[attribute(2)]];
        float a_id [[attribute(3)]];
        float a_buffer_index [[attribute(4)]];
        float a_model_flags [[attribute(5)]];
        float a_model_type_flags [[attribute(6)]];
        float4 a_t0 [[attribute(7)]];
        float4 a_t1 [[attribute(8)]];
        float4 a_t2 [[attribute(9)]];
        float4 a_t3 [[attribute(10)]];
    };

    vertex main0_out main0(main0_in in [[stage_in]], constant vs_params& _98 [[buffer(0)]])
    {
        main0_out out = {};
        out.id = as_type<int>(in.a_id);
        out.buffer_index = as_type<int>(in.a_buffer_index);
        out.flags = as_type<int>(in.a_model_flags);
        out.type_flags = as_type<int>(in.a_model_type_flags);
        out.pos_l = in.a_position * float3(length(in.a_t0.xyz), length(in.a_t1.xyz), length(in.a_t2.xyz));
        out.pos_w = (float4x4(in.a_t0, in.a_t1, in.a_t2, in.a_t3) * float4(in.a_position, 1.0)).xyz;
        out.pos_v = float3((_98.view * float4(out.pos_w, 1.0)).xyz);
        out.pos_v = round(out.pos_v * 64.0) * float3(0.015625);
        out.pos_w = (spvInverse4x4(_98.view) * float4(out.pos_v, 1.0)).xyz;
        out.gl_Position = _98.proj * float4(out.pos_v, 1.0);
        if ((out.flags & 8) != 0)
        {
            out.gl_Position.z *= 0.001000000047497451305389404296875;
        }
        out.uv = in.a_texcoord0;
        out.n_w = transpose(spvInverse3x3(float3x3(in.a_t0.xyz, in.a_t1.xyz, in.a_t2.xyz))) * in.a_normal;
        out.n_v = (_98.view * float4(out.n_w, 0.0)).xyz;
        return out;
    }

*/
static const uint8_t model_vs_source_metal_macos[6528] = {
    0x23,0x70,0x72,0x61,0x67,0x6d,0x61,0x20,0x63,0x6c,0x61,0x6e,0x67,0x20,0x64,0x69,
    0x61,0x67,0x6e,0x6f,0x73,0x74,0x69,0x63,0x20,0x69,0x67,0x6e,0x6f,0x72,0x65,0x64,
    0x20,0x22,0x2d,0x57,0x6d,0x69,0x73,0x73,0x69,0x6e,0x67,0x2d,0x70,0x72,0x6f,0x74,
    0x6f,0x74,0x79,0x70,0x65,0x73,0x22,0x0a,0x0a,0x23,0x69,0x6e,0x63,0x6c,0x75,0x64,
    0x65,0x20,0x3c,0x6d,0x65,0x74,0x61,0x6c,0x5f,0x73,0x74,0x64,0x6c,0x69,0x62,0x3e,
    0x0a,0x23,0x69,0x6e,0x63,0x6c,0x75,0x64,0x65,0x20,0x3c,0x73,0x69,0x6d,0x64,0x2f,
    0x73,0x69,0x6d,0x64,0x2e,0x68,0x3e,0x0a,0x0a,0x75,0x73,0x69,0x6e,0x67,0x20,0x6e,
    0x61,0x6d,0x65,0x73,0x70,0x61,0x63,0x65,0x20,0x6d,0x65,0x74,0x61,0x6c,0x3b,0x0a,
    0x0a,0x2f,0x2f,0x20,0x52,0x65,0x74,0x75,0x72,0x6e,0x73,0x20,0x74,0x68,0x65,0x20,
    0x64,0x65,0x74,0x65,0x72,0x6d,0x69,0x6e,0x61,0x6e,0x74,0x20,0x6f,0x66,0x20,0x61,
    0x20,0x32,0x78,0x32,0x20,0x6d,0x61,0x74,0x72,0x69,0x78,0x2e,0x0a,0x73,0x74,0x61,
    0x74,0x69,0x63,0x20,0x69,0x6e,0x6c,0x69,0x6e,0x65,0x20,0x5f,0x5f,0x61,0x74,0x74,
    0x72,0x69,0x62,0x75,0x74,0x65,0x5f,0x5f,0x28,0x28,0x61,0x6c,0x77,0x61,0x79,0x73,
    0x5f,0x69,0x6e,0x6c,0x69,0x6e,0x65,0x29,0x29,0x0a,0x66,0x6c,0x6f,0x61,0x74,0x20,
    0x73,0x70,0x76,0x44,0x65,0x74,0x32,0x78,0x32,0x28,0x66,0x6c,0x6f,0x61,0x74,0x20,
    0x61,0x31,0x2c,0x20,0x66,0x6c,0x6f,0x61,0x74,0x20,0x61,0x32,0x2c,0x20,0x66,0x6c,
    0x6f,0x61,0x74,0x20,0x62,0x31,0x2c,0x20,0x66,0x6c,0x6f,0x61,0x74,0x20,0x62,0x32,
    0x29,0x0a,0x7b,0x0a,0x20,0x20,0x20,0x20,0x72,0x65,0x74,0x75,0x72,0x6e,0x20,0x61,
    0x31,0x20,0x2a,0x20,0x62,0x32,0x20,0x2d,0x20,0x62,0x31,0x20,0x2a,0x20,0x61,0x32,
    0x3b,0x0a,0x7d,0x0a,0x0a,0x2f,0x2f,0x20,0x52,0x65,0x74,0x75,0x72,0x6e,0x73,0x20,
    0x74,0x68,0x65,0x20,0x64,0x65,0x74,0x65,0x72,0x6d,0x69,0x6e,0x61,0x6e,0x74,0x20,
    0x6f,0x66,0x20,0x61,0x20,0x33,0x78,0x33,0x20,0x6d,0x61,0x74,0x72,0x69,0x78,0x2e,
    0x0a,0x73,0x74,0x61,0x74,0x69,0x63,0x20,0x69,0x6e,0x6c,0x69,0x6e,0x65,0x20,0x5f,
    0x5f,0x61,0x74,0x74,0x72,0x69,0x62,0x75,0x74,0x65,0x5f,0x5f,0x28,0x28,0x61,0x6c,
    0x77,0x61,0x79,0x73,0x5f,0x69,0x6e,0x6c,0x69,0x6e,0x65,0x29,0x29,0x0a,0x66,0x6c,
    0x6f,0x61,0x74,0x20,0x73,0x70,0x76,0x44,0x65,0x74,0x33,0x78,0x33,0x28,0x66,0x6c,
    0x6f,0x61,0x74,0x20,0x61,0x31,0x2c,0x20,0x66,0x6c,0x6f,0x61,0x74,0x20,0x61,0x32,
    0x2c,0x20,0x66,0x6c,0x6f,0x61,0x74,0x20,0x61,0x33,0x2c,0x20,0x66,0x6c,0x6f,0x61,
    0x74,0x20,0x62,0x31,0x2c,0x20,0x66,0x6c,0x6f,0x61,0x74,0x20,0x62,0x32,0x2c,0x20,
    0x66,0x6c,0x6f,0x61,0x74,0x20,0x62,0x33,0x2c,0x20,0x66,0x6c,0x6f,0x61,0x74,0x20,
    0x63,0x31,0x2c,0x20,0x66,0x6c,0x6f,0x61,0x74,0x20,0x63,0x32,0x2c,0x20,0x66,0x6c,
    0x6f,0x61,0x74,0x20,0x63,0x33,0x29,0x0a,0x7b,0x0a,0x20,0x20,0x20,0x20,0x72,0x65,
    0x74,0x75,0x72,0x6e,0x20,0x61,0x31,0x20,0x2a,0x20,0x73,0x70,0x76,0x44,0x65,0x74,
    0x32,0x78,0x32,0x28,0x62,0x32,0x2c,0x20,0x62,0x33,0x2c,0x20,0x63,0x32,0x2c,0x20,
    0x63,0x33,0x29,0x20,0x2d,0x20,0x62,0x31,0x20,0x2a,0x20,0x73,0x70,0x76,0x44,0x65,
    0x74,0x32,0x78,0x32,0x28,0x61,0x32,0x2c,0x20,0x61,0x33,0x2c,0x20,0x63,0x32,0x2c,
    0x20,0x63,0x33,0x29,0x20,0x2b,0x20,0x63,0x31,0x20,0x2a,0x20,0x73,0x70,0x76,0x44,
    0x65,0x74,0x32,0x78,0x32,0x28,0x61,0x32,0x2c,0x20,0x61,0x33,0x2c,0x20,0x62,0x32,
    0x2c,0x20,0x62,0x33,0x29,0x3b,0x0a,0x7d,0x0a,0x0a,0x2f,0x2f,0x20,0x52,0x65,0x74,
    0x75,0x72,0x6e,0x73,0x20,0x74,0x68,0x65,0x20,0x69,0x6e,0x76,0x65,0x72,0x73,0x65,
    0x20,0x6f,0x66,0x20,0x61,0x20,0x6d,0x61,0x74,0x72,0x69,0x78,0x2c,0x20,0x62,0x79,
    0x20,0x75,0x73,0x69,0x6e,0x67,0x20,0x74,0x68,0x65,0x20,0x61,0x6c,0x67,0x6f,0x72,
    0x69,0x74,0x68,0x6d,0x20,0x6f,0x66,0x20,0x63,0x61,0x6c,0x63,0x75,0x6c,0x61,0x74,
    0x69,0x6e,0x67,0x20,0x74,0x68,0x65,0x20,0x63,0x6c,0x61,0x73,0x73,0x69,0x63,0x61,
    0x6c,0x0a,0x2f,0x2f,0x20,0x61,0x64,0x6a,0x6f,0x69,0x6e,0x74,0x20,0x61,0x6e,0x64,
    0x20,0x64,0x69,0x76,0x69,0x64,0x69,0x6e,0x67,0x20,0x62,0x79,0x20,0x74,0x68,0x65,
    0x20,0x64,0x65,0x74,0x65,0x72,0x6d,0x69,0x6e,0x61,0x6e,0x74,0x2e,0x20,0x54,0x68,
    0x65,0x20,0x63,0x6f,0x6e,0x74,0x65,0x6e,0x74,0x73,0x20,0x6f,0x66,0x20,0x74,0x68,
    0x65,0x20,0x6d,0x61,0x74,0x72,0x69,0x78,0x20,0x61,0x72,0x65,0x20,0x63,0x68,0x61,
    0x6e,0x67,0x65,0x64,0x2e,0x0a,0x73,0x74,0x61,0x74,0x69,0x63,0x20,0x69,0x6e,0x6c,
    0x69,0x6e,0x65,0x20,0x5f,0x5f,0x61,0x74,0x74,0x72,0x69,0x62,0x75,0x74,0x65,0x5f,
    0x5f,0x28,0x28,0x61,0x6c,0x77,0x61,0x79,0x73,0x5f,0x69,0x6e,0x6c,0x69,0x6e,0x65,
    0x29,0x29,0x0a,0x66,0x6c,0x6f,0x61,0x74,0x34,0x78,0x34,0x20,0x73,0x70,0x76,0x49,
    0x6e,0x76,0x65,0x72,0x73,0x65,0x34,0x78,0x34,0x28,0x66,0x6c,0x6f,0x61,0x74,0x34,
    0x78,0x34,0x20,0x6d,0x29,0x0a,0x7b,0x0a,0x20,0x20,0x20,0x20,0x66,0x6c,0x6f,0x61,
    0x74,0x34,0x78,0x34,0x20,0x61,0x64,0x6a,0x3b,0x09,0x2f,0x2f,0x20,0x54,0x68,0x65,
    0x20,0x61,0x64,0x6a,0x6f,0x69,0x6e,0x74,0x20,0x6d,0x61,0x74,0x72,0x69,0x78,0x20,
    0x28,0x69,0x6e,0x76,0x65,0x72,0x73,0x65,0x20,0x61,0x66,0x74,0x65,0x72,0x20,0x64,
    0x69,0x76,0x69,0x64,0x69,0x6e,0x67,0x20,0x62,0x79,0x20,0x64,0x65,0x74,0x65,0x72,
    0x6d,0x69,0x6e,0x61,0x6e,0x74,0x29,0x0a,0x0a,0x20,0x20,0x20,0x20,0x2f,0x2f,0x20,
    0x43,0x72,0x65,0x61,0x74,0x65,0x20,0x74,0x68,0x65,0x20,0x74,0x72,0x61,0x6e,0x73,
    0x70,0x6f,0x73,0x65,0x20,0x6f,0x66,0x20,0x74,0x68,0x65,0x20,0x63,0x6f,0x66,0x61,
    0x63,0x74,0x6f,0x72,0x73,0x2c,0x20,0x61,0x73,0x20,0x74,0x68,0x65,0x20,0x63,0x6c,
    0x61,0x73,0x73,0x69,0x63,0x61,0x6c,0x20,0x61,0x64,0x6a,0x6f,0x69,0x6e,0x74,0x20,
    0x6f,0x66,0x20,0x74,0x68,0x65,0x20,0x6d,0x61,0x74,0x72,0x69,0x78,0x2e,0x0a,0x20,
    0x20,0x20,0x20,0x61,0x64,0x6a,0x5b,0x30,0x5d,0x5b,0x30,0x5d,0x20,0x3d,0x20,0x20,
    0x73,0x70,0x76,0x44,0x65,0x74,0x33,0x78,0x33,0x28,0x6d,0x5b,0x31,0x5d,0x5b,0x31,
    0x5d,0x2c,0x20,0x6d,0x5b,0x31,0x5d,0x5b,0x32,0x5d,0x2c,0x20,0x6d,0x5b,0x31,0x5d,
    0x5b,0x33,0x5d,0x2c,0x20,0x6d,0x5b,0x32,0x5d,0x5b,0x31,0x5d,0x2c,0x20,0x6d,0x5b,
    0x32,0x5d,0x5b,0x32,0x5d,0x2c,0x20,0x6d,0x5b,0x32,0x5d,0x5b,0x33,0x5d,0x2c,0x20,
    0x6d,0x5b,0x33,0x5d,0x5b,0x31,0x5d,0x2c,0x20,0x6d,0x5b,0x33,0x5d,0x5b,0x32,0x5d,
    0x2c,0x20,0x6d,0x5b,0x33,0x5d,0x5b,0x33,0x5d,0x29,0x3b,0x0a,0x20,0x20,0x20,0x20,
    0x61,0x64,0x6a,0x5b,0x30,0x5d,0x5b,0x31,0x5d,0x20,0x3d,0x20,0x2d,0x73,0x70,0x76,
    0x44,0x65,0x74,0x33,0x78,0x33,0x28,0x6d,0x5b,0x30,0x5d,0x5b,0x31,0x5d,0x2c,0x20,
    0x6d,0x5b,0x30,0x5d,0x5b,0x32,0x5d,0x2c,0x20,0x6d,0x5b,0x30,0x5d,0x5b,0x33,0x5d,
    0x2c,0x20,0x6d,0x5b,0x32,0x5d,0x5b,0x31,0x5d,0x2c,0x20,0x6d,0x5b,0x32,0x5d,0x5b,
    0x32,0x5d,0x2c,0x20,0x6d,0x5b,0x32,0x5d,0x5b,0x33,0x5d,0x2c,0x20,0x6d,0x5b,0x33,
    0x5d,0x5b,0x31,0x5d,0x2c,0x20,0x6d,0x5b,0x33,0x5d,0x5b,0x32,0x5d,0x2c,0x20,0x6d,
    0x5b,0x33,0x5d,0x5b,0x33,0x5d,0x29,0x3b,0x0a,0x20,0x20,0x20,0x20,0x61,0x64,0x6a,
    0x5b,0x30,0x5d,0x5b,0x32,0x5d,0x20,0x3d,0x20,0x20,0x73,0x70,0x76,0x44,0x65,0x74,
    0x33,0x78,0x33,0x28,0x6d,0x5b,0x30,0x5d,0x5b,0x31,0x5d,0x2c,0x20,0x6d,0x5b,0x30,
    0x5d,0x5b,0x32,0x5d,0x2c,0x20,0x6d,0x5b,0x30,0x5d,0x5b,0x33,0x5d,0x2c,0x20,0x6d,
    0x5b,0x31,0x5d,0x5b,0x31,0x5d,0x2c,0x20,0x6d,0x5b,0x31,0x5d,0x5b,0x32,0x5d,0x2c,
    0x20,0x6d,0x5b,0x31,0x5d,0x5b,0x33,0x5d,0x2c,0x20,0x6d,0x5b,0x33,0x5d,0x5b,0x31,
    0x5d,0x2c,0x20,0x6d,0x5b,0x33,0x5d,0x5b,0x32,0x5d,0x2c,0x20,0x6d,0x5b,0x33,0x5d,
    0x5b,0x33,0x5d,0x29,0x3b,0x0a,0x20,0x20,0x20,0x20,0x61,0x64,0x6a,0x5b,0x30,0x5d,
    0x5b,0x33,0x5d,0x20,0x3d,0x20,0x2d,0x73,0x70,0x76,0x44,0x65,0x74,0x33,0x78,0x33,
    0x28,0x6d,0x5b,0x30,0x5d,0x5b,0x31,0x5d,0x2c,0x20,0x6d,0x5b,0x30,0x5d,0x5b,0x32,
    0x5d,0x2c,0x20,0x6d,0x5b,0x30,0x5d,0x5b,0x33,0x5d,0x2c,0x20,0x6d,0x5b,0x31,0x5d,
    0x5b,0x31,0x5d,0x2c,0x20,0x6d,0x5b,0x31,0x5d,0x5b,0x32,0x5d,0x2c,0x20,0x6d,0x5b,
    0x31,0x5d,0x5b,0x33,0x5d,0x2c,0x20,0x6d,0x5b,0x32,0x5d,0x5b,0x31,0x5d,0x2c,0x20,
    0x6d,0x5b,0x32,0x5d,0x5b,0x32,0x5d,0x2c,0x20,0x6d,0x5b,0x32,0x5d,0x5b,0x33,0x5d,
    0x29,0x3b,0x0a,0x0a,0x20,0x20,0x20,0x20,0x61,0x64,0x6a,0x5b,0x31,0x5d,0x5b,0x30,
    0x5d,0x20,0x3d,0x20,0x2d,0x73,0x70,0x76,0x44,0x65,0x74,0x33,0x78,0x33,0x28,0x6d,
    0x5b,0x31,0x5d,0x5b,0x30,0x5d,0x2c,0x20,0x6d,0x5b,0x31,0x5d,0x5b,0x32,0x5d,0x2c,
    0x20,0x6d,0x5b,0x31,0x5d,0x5b,0x33,0x5d,0x2c,0x20,0x6d,0x5b,0x32,0x5d,0x5b,0x30,
    0x5d,0x2c,0x20,0x6d,0x5b,0x32,0x5d,0x5b,0x32,0x5d,0x2c,0x20,0x6d,0x5b,0x32,0x5d,
    0x5b,0x33,0x5d,0x2c,0x20,0x6d,0x5b,0x33,0x5d,0x5b,0x30,0x5d,0x2c,0x20,0x6d,0x5b,
    0x33,0x5d,0x5b,0x32,0x5d,0x2c,0x20,0x6d,0x5b,0x33,0x5d,0x5b,0x33,0x5d,0x29,0x3b,
    0x0a,0x20,0x20,0x20,0x20,0x61,0x64,0x6a,0x5b,0x31,0x5d,0x5b,0x31,0x5d,0x20,0x3d,
    0x20,0x20,0x73,0x70,0x76,0x44,0x65,0x74,0x33,0x78,0x33,0x28,0x6d,0x5b,0x30,0x5d,
    0x5b,0x30,0x5d,0x2c,0x20,0x6d,0x5b,0x30,0x5d,0x5b,0x32,0x5d,0x2c,0x20,0x6d,0x5b,
    0x30,0x5d,0x5b,0x33,0x5d,0x2c,0x20,0x6d,0x5b,0x32,0x5d,0x5b,0x30,0x5d,0x2c,0x20,
    0x6d,0x5b,0x32,0x5d,0x5b,0x32,0x5d,0x2c,0x20,0x6d,0x5b,0x32,0x5d,0x5b,0x33,0x5d,
    0x2c,0x20,0x6d,0x5b,0x33,0x5d,0x5b,0x30,0x5d,0x2c,0x20,0x6d,0x5b,0x33,0x5d,0x5b,
    0x32,0x5d,0x2c,0x20,0x6d,0x5b,0x33,0x5d,0x5b,0x33,0x5d,0x29,0x3b,0x0a,0x20,0x20,
    0x20,0x20,0x61,0x64,0x6a,0x5b,0x31,0x5d,0x5b,0x32,0x5d,0x20,0x3d,0x20,0x2d,0x73,
    0x70,0x76,0x44,0x65,0x74,0x33,0x78,0x33,0x28,0x6d,0x5b,0x30,0x5d,0x5b,0x30,0x5d,
    0x2c,0x20,0x6d,0x5b,0x30,0x5d,0x5b,0x32,0x5d,0x2c,0x20,0x6d,0x5b,0x30,0x5d,0x5b,
    0x33,0x5d,0x2c,0x20,0x6d,0x5b,0x31,0x5d,0x5b,0x30,0x5d,0x2c,0x20,0x6d,0x5b,0x31,
    0x5d,0x5b,0x32,0x5d,0x2c,0x20,0x6d,0x5b,0x31,0x5d,0x5b,0x33,0x5d,0x2c,0x20,0x6d,
    0x5b,0x33,0x5d,0x5b,0x30,0x5d,0x2c,0x20,0x6d,0x5b,0x33,0x5d,0x5b,0x32,0x5d,0x2c,
    0x20,0x6d,0x5b,0x33,0x5d,0x5b,0x33,0x5d,0x29,0x3b,0x0a,0x20,0x20,0x20,0x20,0x61,
    0x64,0x6a,0x5b,0x31,0x5d,0x5b,0x33,0x5d,0x20,0x3d,0x20,0x20,0x73,0x70,0x76,0x44,
    0x65,0x74,0x33,0x78,0x33,0x28,0x6d,0x5b,0x30,0x5d,0x5b,0x30,0x5d,0x2c,0x20,0x6d,
    0x5b,0x30,0x5d,0x5b,0x32,0x5d,0x2c,0x20,0x6d,0x5b,0x30,0x5d,0x5b,0x33,0x5d,0x2c,
    0x20,0x6d,0x5b,0x31,0x5d,0x5b,0x30,0x5d,0x2c,0x20,0x6d,0x5b,0x31,0x5d,0x5b,0x32,
    0x5d,0x2c,0x20,0x6d,0x5b,0x31,0x5d,0x5b,0x33,0x5d,0x2c,0x20,0x6d,0x5b,0x32,0x5d,
    0x5b,0x30,0x5d,0x2c,0x20,0x6d,0x5b,0x32,0x5d,0x5b,0x32,0x5d,0x2c,0x20,0x6d,0x5b,
    0x32,0x5d,0x5b,0x33,0x5d,0x29,0x3b,0x0a,0x0a,0x20,0x20,0x20,0x20,0x61,0x64,0x6a,
    0x5b,0x32,0x5d,0x5b,0x30,0x5d,0x20,0x3d,0x20,0x20,0x73,0x70,0x76,0x44,0x65,0x74,
    0x33,0x78,0x33,0x28,0x6d,0x5b,0x31,0x5d,0x5b,0x30,0x5d,0x2c,0x20,0x6d,0x5b,0x31,
    0x5d,0x5b,0x31,0x5d,0x2c,0x20,0x6d,0x5b,0x31,0x5d,0x5b,0x33,0x5d,0x2c,0x20,0x6d,
    0x5b,0x32,0x5d,0x5b,0x30,0x5d,0x2c,0x20,0x6d,0x5b,0x32,0x5d,0x5b,0x31,0x5d,0x2c,
    0x20,0x6d,0x5b,0x32,0x5d,0x5b,0x33,0x5d,0x2c,0x20,0x6d,0x5b,0x33,0x5d,0x5b,0x30,
    0x5d,0x2c,0x20,0x6d,0x5b,0x33,0x5d,0x5b,0x31,0x5d,0x2c,0x20,0x6d,0x5b,0x33,0x5d,
    0x5b,0x33,0x5d,0x29,0x3b,0x0a,0x20,0x20,0x20,0x20,0x61,0x64,0x6a,0x5b,0x32,0x5d,
    0x5b,0x31,0x5d,0x20,0x3d,0x20,0x2d,0x73,0x70,0x76,0x44,0x65,0x74,0x33,0x78,0x33,
    0x28,0x6d,0x5b,0x30,0x5d,0x5b,0x30,0x5d,0x2c,0x20,0x6d,0x5b,0x30,0x5d,0x5b,0x31,
    0x5d,0x2c,0x20,0x6d,0x5b,0x30,0x5d,0x5b,0x33,0x5d,0x2c,0x20,0x6d,0x5b,0x32,0x5d,
    0x5b,0x30,0x5d,0x2c,0x20,0x6d,0x5b,0x32,0x5d,0x5b,0x31,0x5d,0x2c,0x20,0x6d,0x5b,
    0x32,0x5d,0x5b,0x33,0x5d,0x2c,0x20,0x6d,0x5b,0x33,0x5d,0x5b,0x30,0x5d,0x2c,0x20,
    0x6d,0x5b,0x33,0x5d,0x5b,0x31,0x5d,0x2c,0x20,0x6d,0x5b,0x33,0x5d,0x5b,0x33,0x5d,
    0x29,0x3b,0x0a,0x20,0x20,0x20,0x20,0x61,0x64,0x6a,0x5b,0x32,0x5d,0x5b,0x32,0x5d,
    0x20,0x3d,0x20,0x20,0x73,0x70,0x76,0x44,0x65,0x74,0x33,0x78,0x33,0x28,0x6d,0x5b,
    0x30,0x5d,0x5b,0x30,0x5d,0x2c,0x20,0x6d,0x5b,0x30,0x5d,0x5b,0x31,0x5d,0x2c,0x20,
    0x6d,0x5b,0x30,0x5d,0x5b,0x33,0x5d,0x2c,0x20,0x6d,0x5b,0x31,0x5d,0x5b,0x30,0x5d,
    0x2c,0x20,0x6d,0x5b,0x31,0x5d,0x5b,0x31,0x5d,0x2c,0x20,0x6d,0x5b,0x31,0x5d,0x5b,
    0x33,0x5d,0x2c,0x20,0x6d,0x5b,0x33,0x5d,0x5b,0x30,0x5d,0x2c,0x20,0x6d,0x5b,0x33,
    0x5d,0x5b,0x31,0x5d,0x2c,0x20,0x6d,0x5b,0x33,0x5d,0x5b,0x33,0x5d,0x29,0x3b,0x0a,
    0x20,0x20,0x20,0x20,0x61,0x64,0x6a,0x5b,0x32,0x5d,0x5b,0x33,0x5d,0x20,0x3d,0x20,
    0x2d,0x73,0x70,0x76,0x44,0x65,0x74,0x33,0x78,0x33,0x28,0x6d,0x5b,0x30,0x5d,0x5b,
    0x30,0x5d,0x2c,0x20,0x6d,0x5b,0x30,0x5d,0x5b,0x31,0x5d,0x2c,0x20,0x6d,0x5b,0x30,
    0x5d,0x5b,0x33,0x5d,0x2c,0x20,0x6d,0x5b,0x31,0x5d,0x5b,0x30,0x5d,0x2c,0x20,0x6d,
    0x5b,0x31,0x5d,0x5b,0x31,0x5d,0x2c,0x20,0x6d,0x5b,0x31,0x5d,0x5b,0x33,0x5d,0x2c,
    0x20,0x6d,0x5b,0x32,0x5d,0x5b,0x30,0x5d,0x2c,0x20,0x6d,0x5b,0x32,0x5d,0x5b,0x31,
    0x5d,0x2c,0x20,0x6d,0x5b,0x32,0x5d,0x5b,0x33,0x5d,0x29,0x3b,0x0a,0x0a,0x20,0x20,
    0x20,0x20,0x61,0x64,0x6a,0x5b,0x33,0x5d,0x5b,0x30,0x5d,0x20,0x3d,0x20,0x2d,0x73,
    0x70,0x76,0x44,0x65,0x74,0x33,0x78,0x33,0x28,0x6d,0x5b,0x31,0x5d,0x5b,0x30,0x5d,
    0x2c,0x20,0x6d,0x5b,0x31,0x5d,0x5b,0x31,0x5d,0x2c,0x20,0x6d,0x5b,0x31,0x5d,0x5b,
    0x32,0x5d,0x2c,0x20,0x6d,0x5b,0x32,0x5d,0x5b,0x30,0x5d,0x2c,0x20,0x6d,0x5b,0x32,
    0x5d,0x5b,0x31,0x5d,0x2c,0x20,0x6d,0x5b,0x32,0x5d,0x5b,0x32,0x5d,0x2c,0x20,0x6d,
    0x5b,0x33,0x5d,0x5b,0x30,0x5d,0x2c,0x20,0x6d,0x5b,0x33,0x5d,0x5b,0x31,0x5d,0x2c,
    0x20,0x6d,0x5b,0x33,0x5d,0x5b,0x32,0x5d,0x29,0x3b,0x0a,0x20,0x20,0x20,0x20,0x61,
    0x64,0x6a,0x5b,0x33,0x5d,0x5b,0x31,0x5d,0x20,0x3d,0x20,0x20,0x73,0x70,0x76,0x44,
    0x65,0x74,0x33,0x78,0x33,0x28,0x6d,0x5b,0x30,0x5d,0x5b,0x30,0x5d,0x2c,0x20,0x6d,
    0x5b,0x30,0x5d,0x5b,0x31,0x5d,0x2c,0x20,0x6d,0x5b,0x30,0x5d,0x5b,0x32,0x5d,0x2c,
    0x20,0x6d,0x5b,0x32,0x5d,0x5b,0x30,0x5d,0x2c,0x20,0x6d,0x5b,0x32,0x5d,0x5b,0x31,
    0x5d,0x2c,0x20,0x6d,0x5b,0x32,0x5d,0x5b,0x32,0x5d,0x2c,0x20,0x6d,0x5b,0x33,0x5d,
    0x5b,0x30,0x5d,0x2c,0x20,0x6d,0x5b,0x33,0x5d,0x5b,0x31,0x5d,0x2c,0x20,0x6d,0x5b,
    0x33,0x5d,0x5b,0x32,0x5d,0x29,0x3b,0x0a,0x20,0x20,0x20,0x20,0x61,0x64,0x6a,0x5b,
    0x33,0x5d,0x5b,0x32,0x5d,0x20,0x3d,0x20,0x2d,0x73,0x70,0x76,0x44,0x65,0x74,0x33,
    0x78,0x33,0x28,0x6d,0x5b,0x30,0x5d,0x5b,0x30,0x5d,0x2c,0x20,0x6d,0x5b,0x30,0x5d,
    0x5b,0x31,0x5d,0x2c,0x20,0x6d,0x5b,0x30,0x5d,0x5b,0x32,0x5d,0x2c,0x20,0x6d,0x5b,
    0x31,0x5d,0x5b,0x30,0x5d,0x2c,0x20,0x6d,0x5b,0x31,0x5d,0x5b,0x31,0x5d,0x2c,0x20,
    0x6d,0x5b,0x31,0x5d,0x5b,0x32,0x5d,0x2c,0x20,0x6d,0x5b,0x33,0x5d,0x5b,0x30,0x5d,
    0x2c,0x20,0x6d,0x5b,0x33,0x5d,0x5b,0x31,0x5d,0x2c,0x20,0x6d,0x5b,0x33,0x5d,0x5b,
    0x32,0x5d,0x29,0x3b,0x0a,0x20,0x20,0x20,0x20,0x61,0x64,0x6a,0x5b,0x33,0x5d,0x5b,
    0x33,0x5d,0x20,0x3d,0x20,0x20,0x73,0x70,0x76,0x44,0x65,0x74,0x33,0x78,0x33,0x28,
    0x6d,0x5b,0x30,0x5d,0x5b,0x30,0x5d,0x2c,0x20,0x6d,0x5b,0x30,0x5d,0x5b,0x31,0x5d,
    0x2c,0x20,0x6d,0x5b,0x30,0x5d,0x5b,0x32,0x5d,0x2c,0x20,0x6d,0x5b,0x31,0x5d,0x5b,
    0x30,0x5d,0x2c,0x20,0x6d,0x5b,0x31,0x5d,0x5b,0x31,0x5d,0x2c,0x20,0x6d,0x5b,0x31,
    0x5d,0x5b,0x32,0x5d,0x2c,0x20,0x6d,0x5b,0x32,0x5d,0x5b,0x30,0x5d,0x2c,0x20,0x6d,
    0x5b,0x32,0x5d,0x5b,0x31,0x5d,0x2c,0x20,0x6d,0x5b,0x32,0x5d,0x5b,0x32,0x5d,0x29,
    0x3b,0x0a,0x0a,0x20,0x20,0x20,0x20,0x2f,0x2f,0x20,0x43,0x61,0x6c,0x63,0x75,0x6c,
    0x61,0x74,0x65,0x20,0x74,0x68,0x65,0x20,0x64,0x65,0x74,0x65,0x72,0x6d,0x69,0x6e,
    0x61,0x6e,0x74,0x20,0x61,0x73,0x20,0x61,0x20,0x63,0x6f,0x6d,0x62,0x69,0x6e,0x61,
    0x74,0x69,0x6f,0x6e,0x20,0x6f,0x66,0x20,0x74,0x68,0x65,0x20,0x63,0x6f,0x66,0x61,
    0x63,0x74,0x6f,0x72,0x73,0x20,0x6f,0x66,0x20,0x74,0x68,0x65,0x20,0x66,0x69,0x72,
    0x73,0x74,0x20,0x72,0x6f,0x77,0x2e,0x0a,0x20,0x20,0x20,0x20,0x66,0x6c,0x6f,0x61,
    0x74,0x20,0x64,0x65,0x74,0x20,0x3d,0x20,0x28,0x61,0x64,0x6a,0x5b,0x30,0x5d,0x5b,
    0x30,0x5d,0x20,0x2a,0x20,0x6d,0x5b,0x30,0x5d,0x5b,0x30,0x5d,0x29,0x20,0x2b,0x20,
    0x28,0x61,0x64,0x6a,0x5b,0x30,0x5d,0x5b,0x31,0x5d,0x20,0x2a,0x20,0x6d,0x5b,0x31,
    0x5d,0x5b,0x30,0x5d,0x29,0x20,0x2b,0x20,0x28,0x61,0x64,0x6a,0x5b,0x30,0x5d,0x5b,
    0x32,0x5d,0x20,0x2a,0x20,0x6d,0x5b,0x32,0x5d,0x5b,0x30,0x5d,0x29,0x20,0x2b,0x20,
    0x28,0x61,0x64,0x6a,0x5b,0x30,0x5d,0x5b,0x33,0x5d,0x20,0x2a,0x20,0x6d,0x5b,0x33,
    0x5d,0x5b,0x30,0x5d,0x29,0x3b,0x0a,0x0a,0x20,0x20,0x20,0x20,0x2f,0x2f,0x20,0x44,
    0x69,0x76,0x69,0x64,0x65,0x20,0x74,0x68,0x65,0x20,0x63,0x6c,0x61,0x73,0x73,0x69,
    0x63,0x61,0x6c,0x20,0x61,0x64,0x6a,0x6f,0x69,0x6e,0x74,0x20,0x6d,0x61,0x74,0x72,
    0x69,0x78,0x20,0x62,0x79,0x20,0x74,0x68,0x65,0x20,0x64,0x65,0x74,0x65,0x72,0x6d,
    0x69,0x6e,0x61,0x6e,0x74,0x2e,0x0a,0x20,0x20,0x20,0x20,0x2f,0x2f,0x20,0x49,0x66,
    0x20,0x64,0x65,0x74,0x65,0x72,0x6d,0x69,0x6e,0x61,0x6e,0x74,0x20,0x69,0x73,0x20,
    0x7a,0x65,0x72,0x6f,0x2c,0x20,0x6d,0x61,0x74,0x72,0x69,0x78,0x20,0x69,0x73,0x20,
    0x6e,0x6f,0x74,0x20,0x69,0x6e,0x76,0x65,0x72,0x74,0x61,0x62,0x6c,0x65,0x2c,0x20,
    0x73,0x6f,0x20,0x6c,0x65,0x61,0x76,0x65,0x20,0x69,0x74,0x20,0x75,0x6e,0x63,0x68,
    0x61,0x6e,0x67,0x65,0x64,0x2e,0x0a,0x20,0x20,0x20,0x20,0x72,0x65,0x74,0x75,0x72,
    0x6e,0x20,0x28,0x64,0x65,0x74,0x20,0x21,0x3d,0x20,0x30,0x2e,0x30,0x66,0x29,0x20,
    0x3f,0x20,0x28,0x61,0x64,0x6a,0x20,0x2a,0x20,0x28,0x31,0x2e,0x30,0x66,0x20,0x2f,
    0x20,0x64,0x65,0x74,0x29,0x29,0x20,0x3a,0x20,0x6d,0x3b,0x0a,0x7d,0x0a,0x0a,0x2f,
    0x2f,0x20,0x52,0x65,0x74,0x75,0x72,0x6e,0x73,0x20,0x74,0x68,0x65,0x20,0x69,0x6e,
    0x76,0x65,0x72,0x73,0x65,0x20,0x6f,0x66,0x20,0x61,0x20,0x6d,0x61,0x74,0x72,0x69,
    0x78,0x2c,0x20,0x62,0x79,0x20,0x75,0x73,0x69,0x6e,0x67,0x20,0x74,0x68,0x65,0x20,
    0x61,0x6c,0x67,0x6f,0x72,0x69,0x74,0x68,0x6d,0x20,0x6f,0x66,0x20,0x63,0x61,0x6c,
    0x63,0x75,0x6c,0x61,0x74,0x69,0x6e,0x67,0x20,0x74,0x68,0x65,0x20,0x63,0x6c,0x61,
    0x73,0x73,0x69,0x63,0x61,0x6c,0x0a,0x2f,0x2f,0x20,0x61,0x64,0x6a,0x6f,0x69,0x6e,
    0x74,0x20,0x61,0x6e,0x64,0x20,0x64,0x69,0x76,0x69,0x64,0x69,0x6e,0x67,0x20,0x62,
    0x79,0x20,0x74,0x68,0x65,0x20,0x64,0x65,0x74,0x65,0x72,0x6d,0x69,0x6e,0x61,0x6e,
    0x74,0x2e,0x20,0x54,0x68,0x65,0x20,0x63,0x6f,0x6e,0x74,0x65,0x6e,0x74,0x73,0x20,
    0x6f,0x66,0x20,0x74,0x68,0x65,0x20,0x6d,0x61,0x74,0x72,0x69,0x78,0x20,0x61,0x72,
    0x65,0x20,0x63,0x68,0x61,0x6e,0x67,0x65,0x64,0x2e,0x0a,0x73,0x74,0x61,0x74,0x69,
    0x63,0x20,0x69,0x6e,0x6c,0x69,0x6e,0x65,0x20,0x5f,0x5f,0x61,0x74,0x74,0x72,0x69,
    0x62,0x75,0x74,0x65,0x5f,0x5f,0x28,0x28,0x61,0x6c,0x77,0x61,0x79,0x73,0x5f,0x69,
    0x6e,0x6c,0x69,0x6e,0x65,0x29,0x29,0x0a,0x66,0x6c,0x6f,0x61,0x74,0x33,0x78,0x33,
    0x20,0x73,0x70,0x76,0x49,0x6e,0x76,0x65,0x72,0x73,0x65,0x33,0x78,0x33,0x28,0x66,
    0x6c,0x6f,0x61,0x74,0x33,0x78,0x33,0x20,0x6d,0x29,0x0a,0x7b,0x0a,0x20,0x20,0x20,
    0x20,0x66,0x6c,0x6f,0x61,0x74,0x33,0x78,0x33,0x20,0x61,0x64,0x6a,0x3b,0x09,0x2f,
    0x2f,0x20,0x54,0x68,0x65,0x20,0x61,0x64,0x6a,0x6f,0x69,0x6e,0x74,0x20,0x6d,0x61,
    0x74,0x72,0x69,0x78,0x20,0x28,0x69,0x6e,0x76,0x65,0x72,0x73,0x65,0x20,0x61,0x66,
    0x74,0x65,0x72,0x20,0x64,0x69,0x76,0x69,0x64,0x69,0x6e,0x67,0x20,0x62,0x79,0x20,
    0x64,0x65,0x74,0x65,0x72,0x6d,0x69,0x6e,0x61,0x6e,0x74,0x29,0x0a,0x0a,0x20,0x20,
    0x20,0x20,0x2f,0x2f,0x20,0x43,0x72,0x65,0x61,0x74,0x65,0x20,0x74,0x68,0x65,0x20,
    0x74,0x72,0x61,0x6e,0x73,0x70,0x6f,0x73,0x65,0x20,0x6f,0x66,0x20,0x74,0x68,0x65,
    0x20,0x63,0x6f,0x66,0x61,0x63,0x74,0x6f,0x72,0x73,0x2c,0x20,0x61,0x73,0x20,0x74,
    0x68,0x65,0x20,0x63,0x6c,0x61,0x73,0x73,0x69,0x63,0x61,0x6c,0x20,0x61,0x64,0x6a,
    0x6f,0x69,0x6e,0x74,0x20,0x6f,0x66,0x20,0x74,0x68,0x65,0x20,0x6d,0x61,0x74,0x72,
    0x69,0x78,0x2e,0x0a,0x20,0x20,0x20,0x20,0x61,0x64,0x6a,0x5b,0x30,0x5d,0x5b,0x30,
    0x5d,0x20,0x3d,0x20,0x20,0x73,0x70,0x76,0x44,0x65,0x74,0x32,0x78,0x32,0x28,0x6d,
    0x5b,0x31,0x5d,0x5b,0x31,0x5d,0x2c,0x20,0x6d,0x5b,0x31,0x5d,0x5b,0x32,0x5d,0x2c,
    0x20,0x6d,0x5b,0x32,0x5d,0x5b,0x31,0x5d,0x2c,0x20,0x6d,0x5b,0x32,0x5d,0x5b,0x32,
    0x5d,0x29,0x3b,0x0a,0x20,0x20,0x20,0x20,0x61,0x64,0x6a,0x5b,0x30,0x5d,0x5b,0x31,
    0x5d,0x20,0x3d,0x20,0x2d,0x73,0x70,0x76,0x44,0x65,0x74,0x32,0x78,0x32,0x28,0x6d,
    0x5b,0x30,0x5d,0x5b,0x31,0x5d,0x2c,0x20,0x6d,0x5b,0x30,0x5d,0x5b,0x32,0x5d,0x2c,
    0x20,0x6d,0x5b,0x32,0x5d,0x5b,0x31,0x5d,0x2c,0x20,0x6d,0x5b,0x32,0x5d,0x5b,0x32,
    0x5d,0x29,0x3b,0x0a,0x20,0x20,0x20,0x20,0x61,0x64,0x6a,0x5b,0x30,0x5d,0x5b,0x32,
    0x5d,0x20,0x3d,0x20,0x20,0x73,0x70,0x76,0x44,0x65,0x74,0x32,0x78,0x32,0x28,0x6d,
    0x5b,0x30,0x5d,0x5b,0x31,0x5d,0x2c,0x20,0x6d,0x5b,0x30,0x5d,0x5b,0x32,0x5d,0x2c,
    0x20,0x6d,0x5b,0x31,0x5d,0x5b,0x31,0x5d,0x2c,0x20,0x6d,0x5b,0x31,0x5d,0x5b,0x32,
    0x5d,0x29,0x3b,0x0a,0x0a,0x20,0x20,0x20,0x20,0x61,0x64,0x6a,0x5b,0x31,0x5d,0x5b,
    0x30,0x5d,0x20,0x3d,0x20,0x2d,0x73,0x70,0x76,0x44,0x65,0x74,0x32,0x78,0x32,0x28,
    0x6d,0x5b,0x31,0x5d,0x5b,0x30,0x5d,0x2c,0x20,0x6d,0x5b,0x31,0x5d,0x5b,0x32,0x5d,
    0x2c,0x20,0x6d,0x5b,0x32,0x5d,0x5b,0x30,0x5d,0x2c,0x20,0x6d,0x5b,0x32,0x5d,0x5b,
    0x32,0x5d,0x29,0x3b,0x0a,0x20,0x20,0x20,0x20,0x61,0x64,0x6a,0x5b,0x31,0x5d,0x5b,
    0x31,0x5d,0x20,0x3d,0x20,0x20,0x73,0x70,0x76,0x44,0x65,0x74,0x32,0x78,0x32,0x28,
    0x6d,0x5b,0x30,0x5d,0x5b,0x30,0x5d,0x2c,0x20,0x6d,0x5b,0x30,0x5d,0x5b,0x32,0x5d,
    0x2c,0x20,0x6d,0x5b,0x32,0x5d,0x5b,0x30,0x5d,0x2c,0x20,0x6d,0x5b,0x32,0x5d,0x5b,
    0x32,0x5d,0x29,0x3b,0x0a,0x20,0x20,0x20,0x20,0x61,0x64,0x6a,0x5b,0x31,0x5d,0x5b,
    0x32,0x5d,0x20,0x3d,0x20,0x2d,0x73,0x70,0x76,0x44,0x65,0x74,0x32,0x78,0x32,0x28,
    0x6d,0x5b,0x30,0x5d,0x5b,0x30,0x5d,0x2c,0x20,0x6d,0x5b,0x30,0x5d,0x5b,0x32,0x5d,
    0x2c,0x20,0x6d,0x5b,0x31,0x5d,0x5b,0x30,0x5d,0x2c,0x20,0x6d,0x5b,0x31,0x5d,0x5b,
    0x32,0x5d,0x29,0x3b,0x0a,0x0a,0x20,0x20,0x20,0x20,0x61,0x64,0x6a,0x5b,0x32,0x5d,
    0x5b,0x30,0x5d,0x20,0x3d,0x20,0x20,0x73,0x70,0x76,0x44,0x65,0x74,0x32,0x78,0x32,
    0x28,0x6d,0x5b,0x31,0x5d,0x5b,0x30,0x5d,0x2c,0x20,0x6d,0x5b,0x31,0x5d,0x5b,0x31,
    0x5d,0x2c,0x20,0x6d,0x5b,0x32,0x5d,0x5b,0x30,0x5d,0x2c,0x20,0x6d,0x5b,0x32,0x5d,
    0x5b,0x31,0x5d,0x29,0x3b,0x0a,0x20,0x20,0x20,0x20,0x61,0x64,0x6a,0x5b,0x32,0x5d,
    0x5b,0x31,0x5d,0x20,0x3d,0x20,0x2d,0x73,0x70,0x76,0x44,0x65,0x74,0x32,0x78,0x32,
    0x28,0x6d,0x5b,0x30,0x5d,0x5b,0x30,0x5d,0x2c,0x20,0x6d,0x5b,0x30,0x5d,0x5b,0x31,
    0x5d,0x2c,0x20,0x6d,0x5b,0x32,0x5d,0x5b,0x30,0x5d,0x2c,0x20,0x6d,0x5b,0x32,0x5d,
    0x5b,0x31,0x5d,0x29,0x3b,0x0a,0x20,0x20,0x20,0x20,0x61,0x64,0x6a,0x5b,0x32,0x5d,
    0x5b,0x32,0x5d,0x20,0x3d,0x20,0x20,0x73,0x70,0x76,0x44,0x65,0x74,0x32,0x78,0x32,
    0x28,0x6d,0x5b,0x30,0x5d,0x5b,0x30,0x5d,0x2c,0x20,0x6d,0x5b,0x30,0x5d,0x5b,0x31,
    0x5d,0x2c,0x20,0x6d,0x5b,0x31,0x5d,0x5b,0x30,0x5d,0x2c,0x20,0x6d,0x5b,0x31,0x5d,
    0x5b,0x31,0x5d,0x29,0x3b,0x0a,0x0a,0x20,0x20,0x20,0x20,0x2f,0x2f,0x20,0x43,0x61,
    0x6c,0x63,0x75,0x6c,0x61,0x74,0x65,0x20,0x74,0x68,0x65,0x20,0x64,0x65,0x74,0x65,
    0x72,0x6d,0x69,0x6e,0x61,0x6e,0x74,0x20,0x61,0x73,0x20,0x61,0x20,0x63,0x6f,0x6d,
    0x62,0x69,0x6e,0x61,0x74,0x69,0x6f,0x6e,0x20,0x6f,0x66,0x20,0x74,0x68,0x65,0x20,
    0x63,0x6f,0x66,0x61,0x63,0x74,0x6f,0x72,0x73,0x20,0x6f,0x66,0x20,0x74,0x68,0x65,
    0x20,0x66,0x69,0x72,0x73,0x74,0x20,0x72,0x6f,0x77,0x2e,0x0a,0x20,0x20,0x20,0x20,
    0x66,0x6c,0x6f,0x61,0x74,0x20,0x64,0x65,0x74,0x20,0x3d,0x20,0x28,0x61,0x64,0x6a,
    0x5b,0x30,0x5d,0x5b,0x30,0x5d,0x20,0x2a,0x20,0x6d,0x5b,0x30,0x5d,0x5b,0x30,0x5d,
    0x29,0x20,0x2b,0x20,0x28,0x61,0x64,0x6a,0x5b,0x30,0x5d,0x5b,0x31,0x5d,0x20,0x2a,
    0x20,0x6d,0x5b,0x31,0x5d,0x5b,0x30,0x5d,0x29,0x20,0x2b,0x20,0x28,0x61,0x64,0x6a,
    0x5b,0x30,0x5d,0x5b,0x32,0x5d,0x20,0x2a,0x20,0x6d,0x5b,0x32,0x5d,0x5b,0x30,0x5d,
    0x29,0x3b,0x0a,0x0a,0x20,0x20,0x20,0x20,0x2f,0x2f,0x20,0x44,0x69,0x76,0x69,0x64,
    0x65,0x20,0x74,0x68,0x65,0x20,0x63,0x6c,0x61,0x73,0x73,0x69,0x63,0x61,0x6c,0x20,
    0x61,0x64,0x6a,0x6f,0x69,0x6e,0x74,0x20,0x6d,0x61,0x74,0x72,0x69,0x78,0x20,0x62,
    0x79,0x20,0x74,0x68,0x65,0x20,0x64,0x65,0x74,0x65,0x72,0x6d,0x69,0x6e,0x61,0x6e,
    0x74,0x2e,0x0a,0x20,0x20,0x20,0x20,0x2f,0x2f,0x20,0x49,0x66,0x20,0x64,0x65,0x74,
    0x65,0x72,0x6d,0x69,0x6e,0x61,0x6e,0x74,0x20,0x69,0x73,0x20,0x7a,0x65,0x72,0x6f,
    0x2c,0x20,0x6d,0x61,0x74,0x72,0x69,0x78,0x20,0x69,0x73,0x20,0x6e,0x6f,0x74,0x20,
    0x69,0x6e,0x76,0x65,0x72,0x74,0x61,0x62,0x6c,0x65,0x2c,0x20,0x73,0x6f,0x20,0x6c,
    0x65,0x61,0x76,0x65,0x20,0x69,0x74,0x20,0x75,0x6e,0x63,0x68,0x61,0x6e,0x67,0x65,
    0x64,0x2e,0x0a,0x20,0x20,0x20,0x20,0x72,0x65,0x74,0x75,0x72,0x6e,0x20,0x28,0x64,
    0x65,0x74,0x20,0x21,0x3d,0x20,0x30,0x2e,0x30,0x66,0x29,0x20,0x3f,0x20,0x28,0x61,
    0x64,0x6a,0x20,0x2a,0x20,0x28,0x31,0x2e,0x30,0x66,0x20,0x2f,0x20,0x64,0x65,0x74,
    0x29,0x29,0x20,0x3a,0x20,0x6d,0x3b,0x0a,0x7d,0x0a,0x0a,0x73,0x74,0x72,0x75,0x63,
    0x74,0x20,0x76,0x73,0x5f,0x70,0x61,0x72,0x61,0x6d,0x73,0x0a,0x7b,0x0a,0x20,0x20,
    0x20,0x20,0x66,0x6c,0x6f,0x61,0x74,0x34,0x78,0x34,0x20,0x76,0x69,0x65,0x77,0x3b,
    0x0a,0x20,0x20,0x20,0x20,0x66,0x6c,0x6f,0x61,0x74,0x34,0x78,0x34,0x20,0x70,0x72,
    0x6f,0x6a,0x3b,0x0a,0x7d,0x3b,0x0a,0x0a,0x73,0x74,0x72,0x75,0x63,0x74,0x20,0x6d,
    0x61,0x69,0x6e,0x30,0x5f,0x6f,0x75,0x74,0x0a,0x7b,0x0a,0x20,0x20,0x20,0x20,0x66,
    0x6c,0x6f,0x61,0x74,0x33,0x20,0x70,0x6f,0x73,0x5f,0x77,0x20,0x5b,0x5b,0x75,0x73,
    0x65,0x72,0x28,0x6c,0x6f,0x63,0x6e,0x30,0x29,0x5d,0x5d,0x3b,0x0a,0x20,0x20,0x20,
    0x20,0x66,0x6c,0x6f,0x61,0x74,0x33,0x20,0x70,0x6f,0x73,0x5f,0x76,0x20,0x5b,0x5b,
    0x75,0x73,0x65,0x72,0x28,0x6c,0x6f,0x63,0x6e,0x31,0x29,0x5d,0x5d,0x3b,0x0a,0x20,
    0x20,0x20,0x20,0x66,0x6c,0x6f,0x61,0x74,0x33,0x20,0x70,0x6f,0x73,0x5f,0x6c,0x20,
    0x5b,0x5b,0x75,0x73,0x65,0x72,0x28,0x6c,0x6f,0x63,0x6e,0x32,0x29,0x5d,0x5d,0x3b,
    0x0a,0x20,0x20,0x20,0x20,0x66,0x6c,0x6f,0x61,0x74,0x33,0x20,0x6e,0x5f,0x77,0x20,
    0x5b,0x5b,0x75,0x73,0x65,0x72,0x28,0x6c,0x6f,0x63,0x6e,0x33,0x29,0x5d,0x5d,0x3b,
    0x0a,0x20,0x20,0x20,0x20,0x66,0x6c,0x6f,0x61,0x74,0x33,0x20,0x6e,0x5f,0x76,0x20,
    0x5b,0x5b,0x75,0x73,0x65,0x72,0x28,0x6c,0x6f,0x63,0x6e,0x34,0x29,0x5d,0x5d,0x3b,
    0x0a,0x20,0x20,0x20,0x20,0x66,0x6c,0x6f,0x61,0x74,0x32,0x20,0x75,0x76,0x20,0x5b,
    0x5b,0x75,0x73,0x65,0x72,0x28,0x6c,0x6f,0x63,0x6e,0x35,0x29,0x5d,0x5d,0x3b,0x0a,
    0x20,0x20,0x20,0x20,0x69,0x6e,0x74,0x20,0x69,0x64,0x20,0x5b,0x5b,0x75,0x73,0x65,
    0x72,0x28,0x6c,0x6f,0x63,0x6e,0x36,0x29,0x5d,0x5d,0x3b,0x0a,0x20,0x20,0x20,0x20,
    0x69,0x6e,0x74,0x20,0x62,0x75,0x66,0x66,0x65,0x72,0x5f,0x69,0x6e,0x64,0x65,0x78,
    0x20,0x5b,0x5b,0x75,0x73,0x65,0x72,0x28,0x6c,0x6f,0x63,0x6e,0x37,0x29,0x5d,0x5d,
    0x3b,0x0a,0x20,0x20,0x20,0x20,0x69,0x6e,0x74,0x20,0x66,0x6c,0x61,0x67,0x73,0x20,
    0x5b,0x5b,0x75,0x73,0x65,0x72,0x28,0x6c,0x6f,0x63,0x6e,0x38,0x29,0x5d,0x5d,0x3b,
    0x0a,0x20,0x20,0x20,0x20,0x69,0x6e,0x74,0x20,0x74,0x79,0x70,0x65,0x5f,0x66,0x6c,
    0x61,0x67,0x73,0x20,0x5b,0x5b,0x75,0x73,0x65,0x72,0x28,0x6c,0x6f,0x63,0x6e,0x39,
    0x29,0x5d,0x5d,0x3b,0x0a,0x20,0x20,0x20,0x20,0x66,0x6c,0x6f,0x61,0x74,0x34,0x20,
    0x67,0x6c,0x5f,0x50,0x6f,0x73,0x69,0x74,0x69,0x6f,0x6e,0x20,0x5b,0x5b,0x70,0x6f,
    0x73,0x69,0x74,0x69,0x6f,0x6e,0x5d,0x5d,0x3b,0x0a,0x7d,0x3b,0x0a,0x0a,0x73,0x74,
    0x72,0x75,0x63,0x74,0x20,0x6d,0x61,0x69,0x6e,0x30,0x5f,0x69,0x6e,0x0a,0x7b,0x0a,
    0x20,0x20,0x20,0x20,0x66,0x6c,0x6f,0x61,0x74,0x33,0x20,0x61,0x5f,0x70,0x6f,0x73,
    0x69,0x74,0x69,0x6f,0x6e,0x20,0x5b,0x5b,0x61,0x74,0x74,0x72,0x69,0x62,0x75,0x74,
    0x65,0x28,0x30,0x29,0x5d,0x5d,0x3b,0x0a,0x20,0x20,0x20,0x20,0x66,0x6c,0x6f,0x61,
    0x74,0x33,0x20,0x61,0x5f,0x6e,0x6f,0x72,0x6d,0x61,0x6c,0x20,0x5b,0x5b,0x61,0x74,
    0x74,0x72,0x69,0x62,0x75,0x74,0x65,0x28,0x31,0x29,0x5d,0x5d,0x3b,0x0a,0x20,0x20,
    0x20,0x20,0x66,0x6c,0x6f,0x61,0x74,0x32,0x20,0x61,0x5f,0x74,0x65,0x78,0x63,0x6f,
    0x6f,0x72,0x64,0x30,0x20,0x5b,0x5b,0x61,0x74,0x74,0x72,0x69,0x62,0x75,0x74,0x65,
    0x28,0x32,0x29,0x5d,0x5d,0x3b,0x0a,0x20,0x20,0x20,0x20,0x66,0x6c,0x6f,0x61,0x74,
    0x20,0x61,0x5f,0x69,0x64,0x20,0x5b,0x5b,0x61,0x74,0x74,0x72,0x69,0x62,0x75,0x74,
    0x65,0x28,0x33,0x29,0x5d,0x5d,0x3b,0x0a,0x20,0x20,0x20,0x20,0x66,0x6c,0x6f,0x61,
    0x74,0x20,0x61,0x5f,0x62,0x75,0x66,0x66,0x65,0x72,0x5f,0x69,0x6e,0x64,0x65,0x78,
    0x20,0x5b,0x5b,0x61,0x74,0x74,0x72,0x69,0x62,0x75,0x74,0x65,0x28,0x34,0x29,0x5d,
    0x5d,0x3b,0x0a,0x20,0x20,0x20,0x20,0x66,0x6c,0x6f,0x61,0x74,0x20,0x61,0x5f,0x6d,
    0x6f,0x64,0x65,0x6c,0x5f,0x66,0x6c,0x61,0x67,0x73,0x20,0x5b,0x5b,0x61,0x74,0x74,
    0x72,0x69,0x62,0x75,0x74,0x65,0x28,0x35,0x29,0x5d,0x5d,0x3b,0x0a,0x20,0x20,0x20,
    0x20,0x66,0x6c,0x6f,0x61,0x74,0x20,0x61,0x5f,0x6d,0x6f,0x64,0x65,0x6c,0x5f,0x74,
    0x79,0x70,0x65,0x5f,0x66,0x6c,0x61,0x67,0x73,0x20,0x5b,0x5b,0x61,0x74,0x74,0x72,
    0x69,0x62,0x75,0x74,0x65,0x28,0x36,0x29,0x5d,0x5d,0x3b,0x0a,0x20,0x20,0x20,0x20,
    0x66,0x6c,0x6f,0x61,0x74,0x34,0x20,0x61,0x5f,0x74,0x30,0x20,0x5b,0x5b,0x61,0x74,
    0x74,0x72,0x69,0x62,0x75,0x74,0x65,0x28,0x37,0x29,0x5d,0x5d,0x3b,0x0a,0x20,0x20,
    0x20,0x20,0x66,0x6c,0x6f,0x61,0x74,0x34,0x20,0x61,0x5f,0x74,0x31,0x20,0x5b,0x5b,
    0x61,0x74,0x74,0x72,0x69,0x62,0x75,0x74,0x65,0x28,0x38,0x29,0x5d,0x5d,0x3b,0x0a,
    0x20,0x20,0x20,0x20,0x66,0x6c,0x6f,0x61,0x74,0x34,0x20,0x61,0x5f,0x74,0x32,0x20,
    0x5b,0x5b,0x61,0x74,0x74,0x72,0x69,0x62,0x75,0x74,0x65,0x28,0x39,0x29,0x5d,0x5d,
    0x3b,0x0a,0x20,0x20,0x20,0x20,0x66,0x6c,0x6f,0x61,0x74,0x34,0x20,0x61,0x5f,0x74,
    0x33,0x20,0x5b,0x5b,0x61,0x74,0x74,0x72,0x69,0x62,0x75,0x74,0x65,0x28,0x31,0x30,
    0x29,0x5d,0x5d,0x3b,0x0a,0x7d,0x3b,0x0a,0x0a,0x76,0x65,0x72,0x74,0x65,0x78,0x20,
    0x6d,0x61,0x69,0x6e,0x30,0x5f,0x6f,0x75,0x74,0x20,0x6d,0x61,0x69,0x6e,0x30,0x28,
    0x6d,0x61,0x69,0x6e,0x30,0x5f,0x69,0x6e,0x20,0x69,0x6e,0x20,0x5b,0x5b,0x73,0x74,
    0x61,0x67,0x65,0x5f,0x69,0x6e,0x5d,0x5d,0x2c,0x20,0x63,0x6f,0x6e,0x73,0x74,0x61,
    0x6e,0x74,0x20,0x76,0x73,0x5f,0x70,0x61,0x72,0x61,0x6d,0x73,0x26,0x20,0x5f,0x39,
    0x38,0x20,0x5b,0x5b,0x62,0x75,0x66,0x66,0x65,0x72,0x28,0x30,0x29,0x5d,0x5d,0x29,
    0x0a,0x7b,0x0a,0x20,0x20,0x20,0x20,0x6d,0x61,0x69,0x6e,0x30,0x5f,0x6f,0x75,0x74,
    0x20,0x6f,0x75,0x74,0x20,0x3d,0x20,0x7b,0x7d,0x3b,0x0a,0x20,0x20,0x20,0x20,0x6f,
    0x75,0x74,0x2e,0x69,0x64,0x20,0x3d,0x20,0x61,0x73,0x5f,0x74,0x79,0x70,0x65,0x3c,
    0x69,0x6e,0x74,0x3e,0x28,0x69,0x6e,0x2e,0x61,0x5f,0x69,0x64,0x29,0x3b,0x0a,0x20,
    0x20,0x20,0x20,0x6f,0x75,0x74,0x2e,0x62,0x75,0x66,0x66,0x65,0x72,0x5f,0x69,0x6e,
    0x64,0x65,0x78,0x20,0x3d,0x20,0x61,0x73,0x5f,0x74,0x79,0x70,0x65,0x3c,0x69,0x6e,
    0x74,0x3e,0x28,0x69,0x6e,0x2e,0x61,0x5f,0x62,0x75,0x66,0x66,0x65,0x72,0x5f,0x69,
    0x6e,0x64,0x65,0x78,0x29,0x3b,0x0a,0x20,0x20,0x20,0x20,0x6f,0x75,0x74,0x2e,0x66,
    0x6c,0x61,0x67,0x73,0x20,0x3d,0x20,0x61,0x73,0x5f,0x74,0x79,0x70,0x65,0x3c,0x69,
    0x6e,0x74,0x3e,0x28,0x69,0x6e,0x2e,0x61,0x5f,0x6d,0x6f,0x64,0x65,0x6c,0x5f,0x66,
    0x6c,0x61,0x67,0x73,0x29,0x3b,0x0a,0x20,0x20,0x20,0x20,0x6f,0x75,0x74,0x2e,0x74,
    0x79,0x70,0x65,0x5f,0x66,0x6c,0x61,0x67,0x73,0x20,0x3d,0x20,0x61,0x73,0x5f,0x74,
    0x79,0x70,0x65,0x3c,0x69,0x6e,0x74,0x3e,0x28,0x69,0x6e,0x2e,0x61,0x5f,0x6d,0x6f,
    0x64,0x65,0x6c,0x5f,0x74,0x79,0x70,0x65,0x5f,0x66,0x6c,0x61,0x67,0x73,0x29,0x3b,
    0x0a,0x20,0x20,0x20,0x20,0x6f,0x75,0x74,0x2e,0x70,0x6f,0x73,0x5f,0x6c,0x20,0x3d,
    0x20,0x69,0x6e,0x2e,0x61,0x5f,0x70,0x6f,0x73,0x69,0x74,0x69,0x6f,0x6e,0x20,0x2a,
    0x20,0x66,0x6c,0x6f,0x61,0x74,0x33,0x28,0x6c,0x65,0x6e,0x67,0x74,0x68,0x28,0x69,
    0x6e,0x2e,0x61,0x5f,0x74,0x30,0x2e,0x78,0x79,0x7a,0x29,0x2c,0x20,0x6c,0x65,0x6e,
    0x67,0x74,0x68,0x28,0x69,0x6e,0x2e,0x61,0x5f,0x74,0x31,0x2e,0x78,0x79,0x7a,0x29,
    0x2c,0x20,0x6c,0x65,0x6e,0x67,0x74,0x68,0x28,0x69,0x6e,0x2e,0x61,0x5f,0x74,0x32,
    0x2e,0x78,0x79,0x7a,0x29,0x29,0x3b,0x0a,0x20,0x20,0x20,0x20,0x6f,0x75,0x74,0x2e,
    0x70,0x6f,0x73,0x5f,0x77,0x20,0x3d,0x20,0x28,0x66,0x6c,0x6f,0x61,0x74,0x34,0x78,
    0x34,0x28,0x69,0x6e,0x2e,0x61,0x5f,0x74,0x30,0x2c,0x20,0x69,0x6e,0x2e,0x61,0x5f,
    0x74,0x31,0x2c,0x20,0x69,0x6e,0x2e,0x61,0x5f,0x74,0x32,0x2c,0x20,0x69,0x6e,0x2e,
    0x61,0x5f,0x74,0x33,0x29,0x20,0x2a,0x20,0x66,0x6c,0x6f,0x61,0x74,0x34,0x28,0x69,
    0x6e,0x2e,0x61,0x5f,0x70,0x6f,0x73,0x69,0x74,0x69,0x6f,0x6e,0x2c,0x20,0x31,0x2e,
    0x30,0x29,0x29,0x2e,0x78,0x79,0x7a,0x3b,0x0a,0x20,0x20,0x20,0x20,0x6f,0x75,0x74,
    0x2e,0x70,0x6f,0x73,0x5f,0x76,0x20,0x3d,0x20,0x66,0x6c,0x6f,0x61,0x74,0x33,0x28,
    0x28,0x5f,0x39,0x38,0x2e,0x76,0x69,0x65,0x77,0x20,0x2a,0x20,0x66,0x6c,0x6f,0x61,
    0x74,0x34,0x28,0x6f,0x75,0x74,0x2e,0x70,0x6f,0x73,0x5f,0x77,0x2c,0x20,0x31,0x2e,
    0x30,0x29,0x29,0x2e,0x78,0x79,0x7a,0x29,0x3b,0x0a,0x20,0x20,0x20,0x20,0x6f,0x75,
    0x74,0x2e,0x70,0x6f,0x73,0x5f,0x76,0x20,0x3d,0x20,0x72,0x6f,0x75,0x6e,0x64,0x28,
    0x6f,0x75,0x74,0x2e,0x70,0x6f,0x73,0x5f,0x76,0x20,0x2a,0x20,0x36,0x34,0x2e,0x30,
    0x29,0x20,0x2a,0x20,0x66,0x6c,0x6f,0x61,0x74,0x33,0x28,0x30,0x2e,0x30,0x31,0x35,
    0x36,0x32,0x35,0x29,0x3b,0x0a,0x20,0x20,0x20,0x20,0x6f,0x75,0x74,0x2e,0x70,0x6f,
    0x73,0x5f,0x77,0x20,0x3d,0x20,0x28,0x73,0x70,0x76,0x49,0x6e,0x76,0x65,0x72,0x73,
    0x65,0x34,0x78,0x34,0x28,0x5f,0x39,0x38,0x2e,0x76,0x69,0x65,0x77,0x29,0x20,0x2a,
    0x20,0x66,0x6c,0x6f,0x61,0x74,0x34,0x28,0x6f,0x75,0x74,0x2e,0x70,0x6f,0x73,0x5f,
    0x76,0x2c,0x20,0x31,0x2e,0x30,0x29,0x29,0x2e,0x78,0x79,0x7a,0x3b,0x0a,0x20,0x20,
    0x20,0x20,0x6f,0x75,0x74,0x2e,0x67,0x6c,0x5f,0x50,0x6f,0x73,0x69,0x74,0x69,0x6f,
    0x6e,0x20,0x3d,0x20,0x5f,0x39,0x38,0x2e,0x70,0x72,0x6f,0x6a,0x20,0x2a,0x20,0x66,
    0x6c,0x6f,0x61,0x74,0x34,0x28,0x6f,0x75,0x74,0x2e,0x70,0x6f,0x73,0x5f,0x76,0x2c,
    0x20,0x31,0x2e,0x30,0x29,0x3b,0x0a,0x20,0x20,0x20,0x20,0x69,0x66,0x20,0x28,0x28,
    0x6f,0x75,0x74,0x2e,0x66,0x6c,0x61,0x67,0x73,0x20,0x26,0x20,0x38,0x29,0x20,0x21,
    0x3d,0x20,0x30,0x29,0x0a,0x20,0x20,0x20,0x20,0x7b,0x0a,0x20,0x20,0x20,0x20,0x20,
    0x20,0x20,0x20,0x6f,0x75,0x74,0x2e,0x67,0x6c,0x5f,0x50,0x6f,0x73,0x69,0x74,0x69,
    0x6f,0x6e,0x2e,0x7a,0x20,0x2a,0x3d,0x20,0x30,0x2e,0x30,0x30,0x31,0x30,0x30,0x30,
    0x30,0x30,0x30,0x30,0x34,0x37,0x34,0x39,0x37,0x34,0x35,0x31,0x33,0x30,0x35,0x33,
    0x38,0x39,0x34,0x30,0x34,0x32,0x39,0x36,0x38,0x37,0x35,0x3b,0x0a,0x20,0x20,0x20,
    0x20,0x7d,0x0a,0x20,0x20,0x20,0x20,0x6f,0x75,0x74,0x2e,0x75,0x76,0x20,0x3d,0x20,
    0x69,0x6e,0x2e,0x61,0x5f,0x74,0x65,0x78,0x63,0x6f,0x6f,0x72,0x64,0x30,0x3b,0x0a,
    0x20,0x20,0x20,0x20,0x6f,0x75,0x74,0x2e,0x6e,0x5f,0x77,0x20,0x3d,0x20,0x74,0x72,
    0x61,0x6e,0x73,0x70,0x6f,0x73,0x65,0x28,0x73,0x70,0x76,0x49,0x6e,0x76,0x65,0x72,
    0x73,0x65,0x33,0x78,0x33,0x28,0x66,0x6c,0x6f,0x61,0x74,0x33,0x78,0x33,0x28,0x69,
    0x6e,0x2e,0x61,0x5f,0x74,0x30,0x2e,0x78,0x79,0x7a,0x2c,0x20,0x69,0x6e,0x2e,0x61,
    0x5f,0x74,0x31,0x2e,0x78,0x79,0x7a,0x2c,0x20,0x69,0x6e,0x2e,0x61,0x5f,0x74,0x32,
    0x2e,0x78,0x79,0x7a,0x29,0x29,0x29,0x20,0x2a,0x20,0x69,0x6e,0x2e,0x61,0x5f,0x6e,
    0x6f,0x72,0x6d,0x61,0x6c,0x3b,0x0a,0x20,0x20,0x20,0x20,0x6f,0x75,0x74,0x2e,0x6e,
    0x5f,0x76,0x20,0x3d,0x20,0x28,0x5f,0x39,0x38,0x2e,0x76,0x69,0x65,0x77,0x20,0x2a,
    0x20,0x66,0x6c,0x6f,0x61,0x74,0x34,0x28,0x6f,0x75,0x74,0x2e,0x6e,0x5f,0x77,0x2c,
    0x20,0x30,0x2e,0x30,0x29,0x29,0x2e,0x78,0x79,0x7a,0x3b,0x0a,0x20,0x20,0x20,0x20,
    0x72,0x65,0x74,0x75,0x72,0x6e,0x20,0x6f,0x75,0x74,0x3b,0x0a,0x7d,0x0a,0x0a,0x00,

};
/*
    #pragma clang diagnostic ignored "-Wmissing-prototypes"

    #include <metal_stdlib>
    #include <simd/simd.h>

    using namespace metal;

    struct tex_atlas_entry
    {
        float2 mi;
        float2 ma;
        float2 size;
        int layer;
    };

    struct tex_atlas_entry_info_t
    {
        float2 uv_min;
        float2 uv_max;
        int layer;
        int anim_ticks_per_frame;
        int anim_width;
        char _m0_final_padding[4];
    };

    struct tex_atlas_entries_buffer
    {
        tex_atlas_entry_info_t tex_atlas_entries[1];
    };

    struct model_render_data_t
    {
        int id;
        int tex;
        int tex_overlay;
        float overlay_alpha;
        packed_float3 hsv;
        int flags;
        float4 tint;
        float4 extra_bloom;
        packed_float3 extra_light;
        float spawn_time;
        int corpse_tick;
        float3 m_centroid;
    };

    struct model_render_data_buffer
    {
        model_render_data_t model_render_data[1];
    };

    struct fs_params_normal
    {
        int tick;
        float time_s;
    };

    struct main0_out
    {
        float4 frag_color [[color(0)]];
        float4 frag_pos_w_id [[color(1)]];
        float4 frag_pos_v_index_type_flags [[color(2)]];
        float4 frag_normal_uv [[color(3)]];
    };

    struct main0_in
    {
        float3 pos_w [[user(locn0)]];
        float3 pos_v [[user(locn1)]];
        float3 pos_l [[user(locn2)]];
        float3 n_v [[user(locn4)]];
        float2 uv [[user(locn5)]];
        int id [[user(locn6)]];
        int buffer_index [[user(locn7)]];
        int flags [[user(locn8)]];
        int type_flags [[user(locn9)]];
    };

    static inline __attribute__((always_inline))
    void tex_atlas_lookup(thread const int& texture_id, thread const int& tick, thread tex_atlas_entry& entry, const device tex_atlas_entries_buffer& _278)
    {
        entry.mi = _278.tex_atlas_entries[texture_id].uv_min;
        entry.ma = _278.tex_atlas_entries[texture_id].uv_max;
        entry.size = entry.ma - entry.mi;
        entry.layer = _278.tex_atlas_entries[texture_id].layer;
        if (_278.tex_atlas_entries[texture_id].anim_ticks_per_frame > 0)
        {
            float _327 = float(_278.tex_atlas_entries[texture_id].anim_width) * 0.000244140625;
            float _330 = entry.size.x;
            int _339 = (tick / 10) % int(_330 / _327);
            entry.size.x = _327;
            entry.mi.x = fma(_327, float(_339), entry.mi.x);
            entry.ma.x = fma(_327, float(_339 + 1), entry.ma.x);
        }
    }

    static inline __attribute__((always_inline))
    float4 tex_atlas_sample(thread const float3& uvl, texture2d<float> tex_atlas_virtual, sampler smp_nearest, texture2d_array<float> tex_atlas)
    {
        if (int(uvl.z) == 255)
        {
            return tex_atlas_virtual.sample(smp_nearest, uvl.xy);
        }
        else
        {
            float3 _393 = float3(uvl.xy, 1.0);
            return tex_atlas.sample(smp_nearest, _393.xy, uint(rint(_393.z)));
        }
    }

    static inline __attribute__((always_inline))
    float rand(thread const float3& co)
    {
        return fract(sin(dot(co, float3(12.98980045318603515625, 78.233001708984375, 59.40000152587890625))) * 43758.546875);
    }

    static inline __attribute__((always_inline))
    float saturate0(thread const float& x)
    {
        return fast::clamp(x, 0.0, 1.0);
    }

    static inline __attribute__((always_inline))
    float3 rand3(thread const float3& c)
    {
        float _67 = sin(dot(c, float3(17.0, 59.40000152587890625, 15.0)));
        return float3(fract(_67 * 262144.0), fract(_67 * 32768.0), fract(_67 * 2097152.0));
    }

    static inline __attribute__((always_inline))
    float simplex_3d(thread const float3& p)
    {
        float3 _103 = floor(p + float3(dot(p, float3(0.333333313465118408203125))));
        float3 _113 = (p - _103) + float3(dot(_103, float3(0.16666670143604278564453125)));
        float3 _121 = step(float3(0.0), _113 - _113.yzx);
        float3 _126 = _121.zxy;
        float3 _128 = float3(1.0) - _126;
        float3 _138 = fma(-_126, float3(1.0) - _121, float3(1.0));
        float3 _144 = fma(-_121, _128, _113) + float3(0.16666670143604278564453125);
        float3 _151 = (_113 - _138) + float3(0.3333334028720855712890625);
        float3 _158 = _113 + float3(-0.49999988079071044921875);
        float4 w = fast::max(float4(0.60000002384185791015625) - float4(dot(_113, _113), dot(_144, _144), dot(_151, _151), dot(_158, _158)), float4(0.0));
        float3 param = _103;
        float4 d;
        float4 _739 = d;
        _739.x = dot(rand3(param) - float3(0.5), _113);
        d = _739;
        float3 param_1 = fma(_121, _128, _103);
        float4 _741 = d;
        _741.y = dot(rand3(param_1) - float3(0.5), _144);
        d = _741;
        float3 param_2 = _103 + _138;
        float4 _743 = d;
        _743.z = dot(rand3(param_2) - float3(0.5), _151);
        d = _743;
        float3 param_3 = _103 + float3(1.0);
        float4 _745 = d;
        _745.w = dot(rand3(param_3) - float3(0.5), _158);
        float4 _224 = w;
        float4 _226 = _224 * _224;
        float4 _229 = _226 * _226;
        w = _229;
        float4 _232 = _745 * _229;
        d = _232;
        return dot(_232, float4(52.0));
    }

    static inline __attribute__((always_inline))
    float ease_in_expo(thread const float& x)
    {
        return pow(2.0, fma(5.0, x, -5.0));
    }

    static inline __attribute__((always_inline))
    float2 normal_encode(thread const float3& n)
    {
        return (((n.xy / float2(n.z + 1.0)) * float2(0.562524616718292236328125)) * 0.5) + float2(0.5);
    }

    fragment main0_out main0(main0_in in [[stage_in]], constant fs_params_normal& _443 [[buffer(0)]], const device tex_atlas_entries_buffer& _278 [[buffer(4)]], const device model_render_data_buffer& _404 [[buffer(5)]], texture2d<float> tex_atlas_virtual [[texture(0)]], texture2d_array<float> tex_atlas [[texture(1)]], sampler smp_nearest [[sampler(0)]])
    {
        main0_out out = {};
        int param = _404.model_render_data[in.buffer_index].tex;
        int param_1 = _443.tick;
        tex_atlas_entry param_2;
        tex_atlas_lookup(param, param_1, param_2, _278);
        float3 param_3 = float3(fma(param_2.size, in.uv, param_2.mi), float(param_2.layer));
        float4 _472 = tex_atlas_sample(param_3, tex_atlas_virtual, smp_nearest, tex_atlas);
        float4 color = _472;
        if (_472.w < 9.9999997473787516355514526367188e-05)
        {
            discard_fragment();
        }
        if ((in.flags & 128) != 0)
        {
            float3 param_4 = fma(round(in.pos_l * 64.0), float3(0.015625), float3(float(_443.tick / 3)));
            float _508 = in.pos_l.x + 0.5;
            if (rand(param_4) > _508)
            {
                discard_fragment();
            }
            float param_5 = (_443.time_s - _404.model_render_data[in.buffer_index].spawn_time) * 20.0;
            if ((_508 - (1.0 - saturate0(param_5))) < 0.0)
            {
                discard_fragment();
            }
        }
        if (_404.model_render_data[in.buffer_index].corpse_tick != 0)
        {
            color = float4(1.0);
            float3 _555 = float3(float((in.id % 10) + _404.model_render_data[in.buffer_index].corpse_tick));
            float3 param_6 = fma(float3(0.800000011920928955078125), _404.model_render_data[in.buffer_index].m_centroid, _555);
            float3 param_7 = fma(float3(0.800000011920928955078125), in.pos_l, _555);
            float _577 = abs(simplex_3d(param_7) - simplex_3d(param_6));
            float param_8 = float(_443.tick - _404.model_render_data[in.buffer_index].corpse_tick) * 0.09259259700775146484375;
            float _583 = ease_in_expo(param_8);
            if (_577 < (2.0 * _583))
            {
                discard_fragment();
            }
            float param_9 = fma(-2.0, _583, _577) * 2.0;
            float3 _599 = mix(float3(0.0), float3(1.0), float3(saturate0(param_9)));
            float4 _712 = color;
            _712.x = _599.x;
            _712.y = _599.y;
            _712.z = _599.z;
            color = _712;
        }
        float4 _613 = color;
        float3 _621 = mix(_613.xyz, _404.model_render_data[in.buffer_index].tint.xyz, float3(_404.model_render_data[in.buffer_index].tint.w));
        float _623 = _621.x;
        float4 _720 = _613;
        _720.x = _623;
        _720.y = _621.y;
        _720.z = _621.z;
        color = _720;
        out.frag_color = float4(_623, _621.yz, 1.0);
        out.frag_pos_w_id = float4(in.pos_w, as_type<float>(in.id));
        out.frag_pos_v_index_type_flags = float4(in.pos_v, as_type<float>((in.buffer_index << 16) | in.type_flags));
        float3 param_10 = in.n_v;
        out.frag_normal_uv = float4(normal_encode(param_10), in.uv);
        return out;
    }

*/
static const uint8_t model_fs_normal_source_metal_macos[8015] = {
    0x23,0x70,0x72,0x61,0x67,0x6d,0x61,0x20,0x63,0x6c,0x61,0x6e,0x67,0x20,0x64,0x69,
    0x61,0x67,0x6e,0x6f,0x73,0x74,0x69,0x63,0x20,0x69,0x67,0x6e,0x6f,0x72,0x65,0x64,
    0x20,0x22,0x2d,0x57,0x6d,0x69,0x73,0x73,0x69,0x6e,0x67,0x2d,0x70,0x72,0x6f,0x74,
    0x6f,0x74,0x79,0x70,0x65,0x73,0x22,0x0a,0x0a,0x23,0x69,0x6e,0x63,0x6c,0x75,0x64,
    0x65,0x20,0x3c,0x6d,0x65,0x74,0x61,0x6c,0x5f,0x73,0x74,0x64,0x6c,0x69,0x62,0x3e,
    0x0a,0x23,0x69,0x6e,0x63,0x6c,0x75,0x64,0x65,0x20,0x3c,0x73,0x69,0x6d,0x64,0x2f,
    0x73,0x69,0x6d,0x64,0x2e,0x68,0x3e,0x0a,0x0a,0x75,0x73,0x69,0x6e,0x67,0x20,0x6e,
    0x61,0x6d,0x65,0x73,0x70,0x61,0x63,0x65,0x20,0x6d,0x65,0x74,0x61,0x6c,0x3b,0x0a,
    0x0a,0x73,0x74,0x72,0x75,0x63,0x74,0x20,0x74,0x65,0x78,0x5f,0x61,0x74,0x6c,0x61,
    0x73,0x5f,0x65,0x6e,0x74,0x72,0x79,0x0a,0x7b,0x0a,0x20,0x20,0x20,0x20,0x66,0x6c,
    0x6f,0x61,0x74,0x32,0x20,0x6d,0x69,0x3b,0x0a,0x20,0x20,0x20,0x20,0x66,0x6c,0x6f,
    0x61,0x74,0x32,0x20,0x6d,0x61,0x3b,0x0a,0x20,0x20,0x20,0x20,0x66,0x6c,0x6f,0x61,
    0x74,0x32,0x20,0x73,0x69,0x7a,0x65,0x3b,0x0a,0x20,0x20,0x20,0x20,0x69,0x6e,0x74,
    0x20,0x6c,0x61,0x79,0x65,0x72,0x3b,0x0a,0x7d,0x3b,0x0a,0x0a,0x73,0x74,0x72,0x75,
    0x63,0x74,0x20,0x74,0x65,0x78,0x5f,0x61,0x74,0x6c,0x61,0x73,0x5f,0x65,0x6e,0x74,
    0x72,0x79,0x5f,0x69,0x6e,0x66,0x6f,0x5f,0x74,0x0a,0x7b,0x0a,0x20,0x20,0x20,0x20,
    0x66,0x6c,0x6f,0x61,0x74,0x32,0x20,0x75,0x76,0x5f,0x6d,0x69,0x6e,0x3b,0x0a,0x20,
    0x20,0x20,0x20,0x66,0x6c,0x6f,0x61,0x74,0x32,0x20,0x75,0x76,0x5f,0x6d,0x61,0x78,
    0x3b,0x0a,0x20,0x20,0x20,0x20,0x69,0x6e,0x74,0x20,0x6c,0x61,0x79,0x65,0x72,0x3b,
    0x0a,0x20,0x20,0x20,0x20,0x69,0x6e,0x74,0x20,0x61,0x6e,0x69,0x6d,0x5f,0x74,0x69,
    0x63,0x6b,0x73,0x5f,0x70,0x65,0x72,0x5f,0x66,0x72,0x61,0x6d,0x65,0x3b,0x0a,0x20,
    0x20,0x20,0x20,0x69,0x6e,0x74,0x20,0x61,0x6e,0x69,0x6d,0x5f,0x77,0x69,0x64,0x74,
    0x68,0x3b,0x0a,0x20,0x20,0x20,0x20,0x63,0x68,0x61,0x72,0x20,0x5f,0x6d,0x30,0x5f,
    0x66,0x69,0x6e,0x61,0x6c,0x5f,0x70,0x61,0x64,0x64,0x69,0x6e,0x67,0x5b,0x34,0x5d,
    0x3b,0x0a,0x7d,0x3b,0x0a,0x0a,0x73,0x74,0x72,0x75,0x63,0x74,0x20,0x74,0x65,0x78,
    0x5f,0x61,0x74,0x6c,0x61,0x73,0x5f,0x65,0x6e,0x74,0x72,0x69,0x65,0x73,0x5f,0x62,
    0x75,0x66,0x66,0x65,0x72,0x0a,0x7b,0x0a,0x20,0x20,0x20,0x20,0x74,0x65,0x78,0x5f,
    0x61,0x74,0x6c,0x61,0x73,0x5f,0x65,0x6e,0x74,0x72,0x79,0x5f,0x69,0x6e,0x66,0x6f,
    0x5f,0x74,0x20,0x74,0x65,0x78,0x5f,0x61,0x74,0x6c,0x61,0x73,0x5f,0x65,0x6e,0x74,
    0x72,0x69,0x65,0x73,0x5b,0x31,0x5d,0x3b,0x0a,0x7d,0x3b,0x0a,0x0a,0x73,0x74,0x72,
    0x75,0x63,0x74,0x20,0x6d,0x6f,0x64,0x65,0x6c,0x5f,0x72,0x65,0x6e,0x64,0x65,0x72,
    0x5f,0x64,0x61,0x74,0x61,0x5f,0x74,0x0a,0x7b,0x0a,0x20,0x20,0x20,0x20,0x69,0x6e,
    0x74,0x20,0x69,0x64,0x3b,0x0a,0x20,0x20,0x20,0x20,0x69,0x6e,0x74,0x20,0x74,0x65,
    0x78,0x3b,0x0a,0x20,0x20,0x20,0x20,0x69,0x6e,0x74,0x20,0x74,0x65,0x78,0x5f,0x6f,
    0x76,0x65,0x72,0x6c,0x61,0x79,0x3b,0x0a,0x20,0x20,0x20,0x20,0x66,0x6c,0x6f,0x61,
    0x74,0x20,0x6f,0x76,0x65,0x72,0x6c,0x61,0x79,0x5f,0x61,0x6c,0x70,0x68,0x61,0x3b,
    0x0a,0x20,0x20,0x20,0x20,0x70,0x61,0x63,0x6b,0x65,0x64,0x5f,0x66,0x6c,0x6f,0x61,
    0x74,0x33,0x20,0x68,0x73,0x76,0x3b,0x0a,0x20,0x20,0x20,0x20,0x69,0x6e,0x74,0x20,
    0x66,0x6c,0x61,0x67,0x73,0x3b,0x0a,0x20,0x20,0x20,0x20,0x66,0x6c,0x6f,0x61,0x74,
    0x34,0x20,0x74,0x69,0x6e,0x74,0x3b,0x0a,0x20,0x20,0x20,0x20,0x66,0x6c,0x6f,0x61,
    0x74,0x34,0x20,0x65,0x78,0x74,0x72,0x61,0x5f,0x62,0x6c,0x6f,0x6f,0x6d,0x3b,0x0a,
    0x20,0x20,0x20,0x20,0x70,0x61,0x63,0x6b,0x65,0x64,0x5f,0x66,0x6c,0x6f,0x61,0x74,
    0x33,0x20,0x65,0x78,0x74,0x72,0x61,0x5f,0x6c,0x69,0x67,0x68,0x74,0x3b,0x0a,0x20,
    0x20,0x20,0x20,0x66,0x6c,0x6f,0x61,0x74,0x20,0x73,0x70,0x61,0x77,0x6e,0x5f,0x74,
    0x69,0x6d,0x65,0x3b,0x0a,0x20,0x20,0x20,0x20,0x69,0x6e,0x74,0x20,0x63,0x6f,0x72,
    0x70,0x73,0x65,0x5f,0x74,0x69,0x63,0x6b,0x3b,0x0a,0x20,0x20,0x20,0x20,0x66,0x6c,
    0x6f,0x61,0x74,0x33,0x20,0x6d,0x5f,0x63,0x65,0x6e,0x74,0x72,0x6f,0x69,0x64,0x3b,
    0x0a,0x7d,0x3b,0x0a,0x0a,0x73,0x74,0x72,0x75,0x63,0x74,0x20,0x6d,0x6f,0x64,0x65,
    0x6c,0x5f,0x72,0x65,0x6e,0x64,0x65,0x72,0x5f,0x64,0x61,0x74,0x61,0x5f,0x62,0x75,
    0x66,0x66,0x65,0x72,0x0a,0x7b,0x0a,0x20,0x20,0x20,0x20,0x6d,0x6f,0x64,0x65,0x6c,
    0x5f,0x72,0x65,0x6e,0x64,0x65,0x72,0x5f,0x64,0x61,0x74,0x61,0x5f,0x74,0x20,0x6d,
    0x6f,0x64,0x65,0x6c,0x5f,0x72,0x65,0x6e,0x64,0x65,0x72,0x5f,0x64,0x61,0x74,0x61,
    0x5b,0x31,0x5d,0x3b,0x0a,0x7d,0x3b,0x0a,0x0a,0x73,0x74,0x72,0x75,0x63,0x74,0x20,
    0x66,0x73,0x5f,0x70,0x61,0x72,0x61,0x6d,0x73,0x5f,0x6e,0x6f,0x72,0x6d,0x61,0x6c,
    0x0a,0x7b,0x0a,0x20,0x20,0x20,0x20,0x69,0x6e,0x74,0x20,0x74,0x69,0x63,0x6b,0x3b,
    0x0a,0x20,0x20,0x20,0x20,0x66,0x6c,0x6f,0x61,0x74,0x20,0x74,0x69,0x6d,0x65,0x5f,
    0x73,0x3b,0x0a,0x7d,0x3b,0x0a,0x0a,0x73,0x74,0x72,0x75,0x63,0x74,0x20,0x6d,0x61,
    0x69,0x6e,0x30,0x5f,0x6f,0x75,0x74,0x0a,0x7b,0x0a,0x20,0x20,0x20,0x20,0x66,0x6c,
    0x6f,0x61,0x74,0x34,0x20,0x66,0x72,0x61,0x67,0x5f,0x63,0x6f,0x6c,0x6f,0x72,0x20,
    0x5b,0x5b,0x63,0x6f,0x6c,0x6f,0x72,0x28,0x30,0x29,0x5d,0x5d,0x3b,0x0a,0x20,0x20,
    0x20,0x20,0x66,0x6c,0x6f,0x61,0x74,0x34,0x20,0x66,0x72,0x61,0x67,0x5f,0x70,0x6f,
    0x73,0x5f,0x77,0x5f,0x69,0x64,0x20,0x5b,0x5b,0x63,0x6f,0x6c,0x6f,0x72,0x28,0x31,
    0x29,0x5d,0x5d,0x3b,0x0a,0x20,0x20,0x20,0x20,0x66,0x6c,0x6f,0x61,0x74,0x34,0x20,
    0x66,0x72,0x61,0x67,0x5f,0x70,0x6f,0x73,0x5f,0x76,0x5f,0x69,0x6e,0x64,0x65,0x78,
    0x5f,0x74,0x79,0x70,0x65,0x5f,0x66,0x6c,0x61,0x67,0x73,0x20,0x5b,0x5b,0x63,0x6f,
    0x6c,0x6f,0x72,0x28,0x32,0x29,0x5d,0x5d,0x3b,0x0a,0x20,0x20,0x20,0x20,0x66,0x6c,
    0x6f,0x61,0x74,0x34,0x20,0x66,0x72,0x61,0x67,0x5f,0x6e,0x6f,0x72,0x6d,0x61,0x6c,
    0x5f,0x75,0x76,0x20,0x5b,0x5b,0x63,0x6f,0x6c,0x6f,0x72,0x28,0x33,0x29,0x5d,0x5d,
    0x3b,0x0a,0x7d,0x3b,0x0a,0x0a,0x73,0x74,0x72,0x75,0x63,0x74,0x20,0x6d,0x61,0x69,
    0x6e,0x30,0x5f,0x69,0x6e,0x0a,0x7b,0x0a,0x20,0x20,0x20,0x20,0x66,0x6c,0x6f,0x61,
    0x74,0x33,0x20,0x70,0x6f,0x73,0x5f,0x77,0x20,0x5b,0x5b,0x75,0x73,0x65,0x72,0x28,
    0x6c,0x6f,0x63,0x6e,0x30,0x29,0x5d,0x5d,0x3b,0x0a,0x20,0x20,0x20,0x20,0x66,0x6c,
    0x6f,0x61,0x74,0x33,0x20,0x70,0x6f,0x73,0x5f,0x76,0x20,0x5b,0x5b,0x75,0x73,0x65,
    0x72,0x28,0x6c,0x6f,0x63,0x6e,0x31,0x29,0x5d,0x5d,0x3b,0x0a,0x20,0x20,0x20,0x20,
    0x66,0x6c,0x6f,0x61,0x74,0x33,0x20,0x70,0x6f,0x73,0x5f,0x6c,0x20,0x5b,0x5b,0x75,
    0x73,0x65,0x72,0x28,0x6c,0x6f,0x63,0x6e,0x32,0x29,0x5d,0x5d,0x3b,0x0a,0x20,0x20,
    0x20,0x20,0x66,0x6c,0x6f,0x61,0x74,0x33,0x20,0x6e,0x5f,0x76,0x20,0x5b,0x5b,0x75,
    0x73,0x65,0x72,0x28,0x6c,0x6f,0x63,0x6e,0x34,0x29,0x5d,0x5d,0x3b,0x0a,0x20,0x20,
    0x20,0x20,0x66,0x6c,0x6f,0x61,0x74,0x32,0x20,0x75,0x76,0x20,0x5b,0x5b,0x75,0x73,
    0x65,0x72,0x28,0x6c,0x6f,0x63,0x6e,0x35,0x29,0x5d,0x5d,0x3b,0x0a,0x20,0x20,0x20,
    0x20,0x69,0x6e,0x74,0x20,0x69,0x64,0x20,0x5b,0x5b,0x75,0x73,0x65,0x72,0x28,0x6c,
    0x6f,0x63,0x6e,0x36,0x29,0x5d,0x5d,0x3b,0x0a,0x20,0x20,0x20,0x20,0x69,0x6e,0x74,
    0x20,0x62,0x75,0x66,0x66,0x65,0x72,0x5f,0x69,0x6e,0x64,0x65,0x78,0x20,0x5b,0x5b,
    0x75,0x73,0x65,0x72,0x28,0x6c,0x6f,0x63,0x6e,0x37,0x29,0x5d,0x5d,0x3b,0x0a,0x20,
    0x20,0x20,0x20,0x69,0x6e,0x74,0x20,0x66,0x6c,0x61,0x67,0x73,0x20,0x5b,0x5b,0x75,
    0x73,0x65,0x72,0x28,0x6c,0x6f,0x63,0x6e,0x38,0x29,0x5d,0x5d,0x3b,0x0a,0x20,0x20,
    0x20,0x20,0x69,0x6e,0x74,0x20,0x74,0x79,0x70,0x65,0x5f,0x66,0x6c,0x61,0x67,0x73,
    0x20,0x5b,0x5b,0x75,0x73,0x65,0x72,0x28,0x6c,0x6f,0x63,0x6e,0x39,0x29,0x5d,0x5d,
    0x3b,0x0a,0x7d,0x3b,0x0a,0x0a,0x73,0x74,0x61,0x74,0x69,0x63,0x20,0x69,0x6e,0x6c,
    0x69,0x6e,0x65,0x20,0x5f,0x5f,0x61,0x74,0x74,0x72,0x69,0x62,0x75,0x74,0x65,0x5f,
    0x5f,0x28,0x28,0x61,0x6c,0x77,0x61,0x79,0x73,0x5f,0x69,0x6e,0x6c,0x69,0x6e,0x65,
    0x29,0x29,0x0a,0x76,0x6f,0x69,0x64,0x20,0x74,0x65,0x78,0x5f,0x61,0x74,0x6c,0x61,
    0x73,0x5f,0x6c,0x6f,0x6f,0x6b,0x75,0x70,0x28,0x74,0x68,0x72,0x65,0x61,0x64,0x20,
    0x63,0x6f,0x6e,0x73,0x74,0x20,0x69,0x6e,0x74,0x26,0x20,0x74,0x65,0x78,0x74,0x75,
    0x72,0x65,0x5f,0x69,0x64,0x2c,0x20,0x74,0x68,0x72,0x65,0x61,0x64,0x20,0x63,0x6f,
    0x6e,0x73,0x74,0x20,0x69,0x6e,0x74,0x26,0x20,0x74,0x69,0x63,0x6b,0x2c,0x20,0x74,
    0x68,0x72,0x65,0x61,0x64,0x20,0x74,0x65,0x78,0x5f,0x61,0x74,0x6c,0x61,0x73,0x5f,
    0x65,0x6e,0x74,0x72,0x79,0x26,0x20,0x65,0x6e,0x74,0x72,0x79,0x2c,0x20,0x63,0x6f,
    0x6e,0x73,0x74,0x20,0x64,0x65,0x76,0x69,0x63,0x65,0x20,0x74,0x65,0x78,0x5f,0x61,
    0x74,0x6c,0x61,0x73,0x5f,0x65,0x6e,0x74,0x72,0x69,0x65,0x73,0x5f,0x62,0x75,0x66,
    0x66,0x65,0x72,0x26,0x20,0x5f,0x32,0x37,0x38,0x29,0x0a,0x7b,0x0a,0x20,0x20,0x20,
    0x20,0x65,0x6e,0x74,0x72,0x79,0x2e,0x6d,0x69,0x20,0x3d,0x20,0x5f,0x32,0x37,0x38,
    0x2e,0x74,0x65,0x78,0x5f,0x61,0x74,0x6c,0x61,0x73,0x5f,0x65,0x6e,0x74,0x72,0x69,
    0x65,0x73,0x5b,0x74,0x65,0x78,0x74,0x75,0x72,0x65,0x5f,0x69,0x64,0x5d,0x2e,0x75,
    0x76,0x5f,0x6d,0x69,0x6e,0x3b,0x0a,0x20,0x20,0x20,0x20,0x65,0x6e,0x74,0x72,0x79,
    0x2e,0x6d,0x61,0x20,0x3d,0x20,0x5f,0x32,0x37,0x38,0x2e,0x74,0x65,0x78,0x5f,0x61,
    0x74,0x6c,0x61,0x73,0x5f,0x65,0x6e,0x74,0x72,0x69,0x65,0x73,0x5b,0x74,0x65,0x78,
    0x74,0x75,0x72,0x65,0x5f,0x69,0x64,0x5d,0x2e,0x75,0x76,0x5f,0x6d,0x61,0x78,0x3b,
    0x0a,0x20,0x20,0x20,0x20,0x65,0x6e,0x74,0x72,0x79,0x2e,0x73,0x69,0x7a,0x65,0x20,
    0x3d,0x20,0x65,0x6e,0x74,0x72,0x79,0x2e,0x6d,0x61,0x20,0x2d,0x20,0x65,0x6e,0x74,
    0x72,0x79,0x2e,0x6d,0x69,0x3b,0x0a,0x20,0x20,0x20,0x20,0x65,0x6e,0x74,0x72,0x79,
    0x2e,0x6c,0x61,0x79,0x65,0x72,0x20,0x3d,0x20,0x5f,0x32,0x37,0x38,0x2e,0x74,0x65,
    0x78,0x5f,0x61,0x74,0x6c,0x61,0x73,0x5f,0x65,0x6e,0x74,0x72,0x69,0x65,0x73,0x5b,
    0x74,0x65,0x78,0x74,0x75,0x72,0x65,0x5f,0x69,0x64,0x5d,0x2e,0x6c,0x61,0x79,0x65,
    0x72,0x3b,0x0a,0x20,0x20,0x20,0x20,0x69,0x66,0x20,0x28,0x5f,0x32,0x37,0x38,0x2e,
    0x74,0x65,0x78,0x5f,0x61,0x74,0x6c,0x61,0x73,0x5f,0x65,0x6e,0x74,0x72,0x69,0x65,
    0x73,0x5b,0x74,0x65,0x78,0x74,0x75,0x72,0x65,0x5f,0x69,0x64,0x5d,0x2e,0x61,0x6e,
    0x69,0x6d,0x5f,0x74,0x69,0x63,0x6b,0x73,0x5f,0x70,0x65,0x72,0x5f,0x66,0x72,0x61,
    0x6d,0x65,0x20,0x3e,0x20,0x30,0x29,0x0a,0x20,0x20,0x20,0x20,0x7b,0x0a,0x20,0x20,
    0x20,0x20,0x20,0x20,0x20,0x20,0x66,0x6c,0x6f,0x61,0x74,0x20,0x5f,0x33,0x32,0x37,
    0x20,0x3d,0x20,0x66,0x6c,0x6f,0x61,0x74,0x28,0x5f,0x32,0x37,0x38,0x2e,0x74,0x65,
    0x78,0x5f,0x61,0x74,0x6c,0x61,0x73,0x5f,0x65,0x6e,0x74,0x72,0x69,0x65,0x73,0x5b,
    0x74,0x65,0x78,0x74,0x75,0x72,0x65,0x5f,0x69,0x64,0x5d,0x2e,0x61,0x6e,0x69,0x6d,
    0x5f,0x77,0x69,0x64,0x74,0x68,0x29,0x20,0x2a,0x20,0x30,0x2e,0x30,0x30,0x30,0x32,
    0x34,0x34,0x31,0x34,0x30,0x36,0x32,0x35,0x3b,0x0a,0x20,0x20,0x20,0x20,0x20,0x20,
    0x20,0x20,0x66,0x6c,0x6f,0x61,0x74,0x20,0x5f,0x33,0x33,0x30,0x20,0x3d,0x20,0x65,
    0x6e,0x74,0x72,0x79,0x2e,0x73,0x69,0x7a,0x65,0x2e,0x78,0x3b,0x0a,0x20,0x20,0x20,
    0x20,0x20,0x20,0x20,0x20,0x69,0x6e,0x74,0x20,0x5f,0x33,0x33,0x39,0x20,0x3d,0x20,
    0x28,0x74,0x69,0x63,0x6b,0x20,0x2f,0x20,0x31,0x30,0x29,0x20,0x25,0x20,0x69,0x6e,
    0x74,0x28,0x5f,0x33,0x33,0x30,0x20,0x2f,0x20,0x5f,0x33,0x32,0x37,0x29,0x3b,0x0a,
    0x20,0x20,0x20,0x20,0x20,0x20,0x20,0x20,0x65,0x6e,0x74,0x72,0x79,0x2e,0x73,0x69,
    0x7a,0x65,0x2e,0x78,0x20,0x3d,0x20,0x5f,0x33,0x32,0x37,0x3b,0x0a,0x20,0x20,0x20,
    0x20,0x20,0x20,0x20,0x20,0x65,0x6e,0x74,0x72,0x79,0x2e,0x6d,0x69,0x2e,0x78,0x20,
    0x3d,0x20,0x66,0x6d,0x61,0x28,0x5f,0x33,0x32,0x37,0x2c,0x20,0x66,0x6c,0x6f,0x61,
    0x74,0x28,0x5f,0x33,0x33,0x39,0x29,0x2c,0x20,0x65,0x6e,0x74,0x72,0x79,0x2e,0x6d,
    0x69,0x2e,0x78,0x29,0x3b,0x0a,0x20,0x20,0x20,0x20,0x20,0x20,0x20,0x20,0x65,0x6e,
    0x74,0x72,0x79,0x2e,0x6d,0x61,0x2e,0x78,0x20,0x3d,0x20,0x66,0x6d,0x61,0x28,0x5f,
    0x33,0x32,0x37,0x2c,0x20,0x66,0x6c,0x6f,0x61,0x74,0x28,0x5f,0x33,0x33,0x39,0x20,
    0x2b,0x20,0x31,0x29,0x2c,0x20,0x65,0x6e,0x74,0x72,0x79,0x2e,0x6d,0x61,0x2e,0x78,
    0x29,0x3b,0x0a,0x20,0x20,0x20,0x20,0x7d,0x0a,0x7d,0x0a,0x0a,0x73,0x74,0x61,0x74,
    0x69,0x63,0x20,0x69,0x6e,0x6c,0x69,0x6e,0x65,0x20,0x5f,0x5f,0x61,0x74,0x74,0x72,
    0x69,0x62,0x75,0x74,0x65,0x5f,0x5f,0x28,0x28,0x61,0x6c,0x77,0x61,0x79,0x73,0x5f,
    0x69,0x6e,0x6c,0x69,0x6e,0x65,0x29,0x29,0x0a,0x66,0x6c,0x6f,0x61,0x74,0x34,0x20,
    0x74,0x65,0x78,0x5f,0x61,0x74,0x6c,0x61,0x73,0x5f,0x73,0x61,0x6d,0x70,0x6c,0x65,
    0x28,0x74,0x68,0x72,0x65,0x61,0x64,0x20,0x63,0x6f,0x6e,0x73,0x74,0x20,0x66,0x6c,
    0x6f,0x61,0x74,0x33,0x26,0x20,0x75,0x76,0x6c,0x2c,0x20,0x74,0x65,0x78,0x74,0x75,
    0x72,0x65,0x32,0x64,0x3c,0x66,0x6c,0x6f,0x61,0x74,0x3e,0x20,0x74,0x65,0x78,0x5f,
    0x61,0x74,0x6c,0x61,0x73,0x5f,0x76,0x69,0x72,0x74,0x75,0x61,0x6c,0x2c,0x20,0x73,
    0x61,0x6d,0x70,0x6c,0x65,0x72,0x20,0x73,0x6d,0x70,0x5f,0x6e,0x65,0x61,0x72,0x65,
    0x73,0x74,0x2c,0x20,0x74,0x65,0x78,0x74,0x75,0x72,0x65,0x32,0x64,0x5f,0x61,0x72,
    0x72,0x61,0x79,0x3c,0x66,0x6c,0x6f,0x61,0x74,0x3e,0x20,0x74,0x65,0x78,0x5f,0x61,
    0x74,0x6c,0x61,0x73,0x29,0x0a,0x7b,0x0a,0x20,0x20,0x20,0x20,0x69,0x66,0x20,0x28,
    0x69,0x6e,0x74,0x28,0x75,0x76,0x6c,0x2e,0x7a,0x29,0x20,0x3d,0x3d,0x20,0x32,0x35,
    0x35,0x29,0x0a,0x20,0x20,0x20,0x20,0x7b,0x0a,0x20,0x20,0x20,0x20,0x20,0x20,0x20,
    0x20,0x72,0x65,0x74,0x75,0x72,0x6e,0x20,0x74,0x65,0x78,0x5f,0x61,0x74,0x6c,0x61,
    0x73,0x5f,0x76,0x69,0x72,0x74,0x75,0x61,0x6c,0x2e,0x73,0x61,0x6d,0x70,0x6c,0x65,
    0x28,0x73,0x6d,0x70,0x5f,0x6e,0x65,0x61,0x72,0x65,0x73,0x74,0x2c,0x20,0x75,0x76,
    0x6c,0x2e,0x78,0x79,0x29,0x3b,0x0a,0x20,0x20,0x20,0x20,0x7d,0x0a,0x20,0x20,0x20,
    0x20,0x65,0x6c,0x73,0x65,0x0a,0x20,0x20,0x20,0x20,0x7b,0x0a,0x20,0x20,0x20,0x20,
    0x20,0x20,0x20,0x20,0x66,0x6c,0x6f,0x61,0x74,0x33,0x20,0x5f,0x33,0x39,0x33,0x20,
    0x3d,0x20,0x66,0x6c,0x6f,0x61,0x74,0x33,0x28,0x75,0x76,0x6c,0x2e,0x78,0x79,0x2c,
    0x20,0x31,0x2e,0x30,0x29,0x3b,0x0a,0x20,0x20,0x20,0x20,0x20,0x20,0x20,0x20,0x72,
    0x65,0x74,0x75,0x72,0x6e,0x20,0x74,0x65,0x78,0x5f,0x61,0x74,0x6c,0x61,0x73,0x2e,
    0x73,0x61,0x6d,0x70,0x6c,0x65,0x28,0x73,0x6d,0x70,0x5f,0x6e,0x65,0x61,0x72,0x65,
    0x73,0x74,0x2c,0x20,0x5f,0x33,0x39,0x33,0x2e,0x78,0x79,0x2c,0x20,0x75,0x69,0x6e,
    0x74,0x28,0x72,0x69,0x6e,0x74,0x28,0x5f,0x33,0x39,0x33,0x2e,0x7a,0x29,0x29,0x29,
    0x3b,0x0a,0x20,0x20,0x20,0x20,0x7d,0x0a,0x7d,0x0a,0x0a,0x73,0x74,0x61,0x74,0x69,
    0x63,0x20,0x69,0x6e,0x6c,0x69,0x6e,0x65,0x20,0x5f,0x5f,0x61,0x74,0x74,0x72,0x69,
    0x62,0x75,0x74,0x65,0x5f,0x5f,0x28,0x28,0x61,0x6c,0x77,0x61,0x79,0x73,0x5f,0x69,
    0x6e,0x6c,0x69,0x6e,0x65,0x29,0x29,0x0a,0x66,0x6c,0x6f,0x61,0x74,0x20,0x72,0x61,
    0x6e,0x64,0x28,0x74,0x68,0x72,0x65,0x61,0x64,0x20,0x63,0x6f,0x6e,0x73,0x74,0x20,
    0x66,0x6c,0x6f,0x61,0x74,0x33,0x26,0x20,0x63,0x6f,0x29,0x0a,0x7b,0x0a,0x20,0x20,
    0x20,0x20,0x72,0x65,0x74,0x75,0x72,0x6e,0x20,0x66,0x72,0x61,0x63,0x74,0x28,0x73,
    0x69,0x6e,0x28,0x64,0x6f,0x74,0x28,0x63,0x6f,0x2c,0x20,0x66,0x6c,0x6f,0x61,0x74,
    0x33,0x28,0x31,0x32,0x2e,0x39,0x38,0x39,0x38,0x30,0x30,0x34,0x35,0x33,0x31,0x38,
    0x36,0x30,0x33,0x35,0x31,0x35,0x36,0x32,0x35,0x2c,0x20,0x37,0x38,0x2e,0x32,0x33,
    0x33,0x30,0x30,0x31,0x37,0x30,0x38,0x39,0x38,0x34,0x33,0x37,0x35,0x2c,0x20,0x35,
    0x39,0x2e,0x34,0x30,0x30,0x30,0x30,0x31,0x35,0x32,0x35,0x38,0x37,0x38,0x39,0x30,
    0x36,0x32,0x35,0x29,0x29,0x29,0x20,0x2a,0x20,0x34,0x33,0x37,0x35,0x38,0x2e,0x35,
    0x34,0x36,0x38,0x37,0x35,0x29,0x3b,0x0a,0x7d,0x0a,0x0a,0x73,0x74,0x61,0x74,0x69,
    0x63,0x20,0x69,0x6e,0x6c,0x69,0x6e,0x65,0x20,0x5f,0x5f,0x61,0x74,0x74,0x72,0x69,
    0x62,0x75,0x74,0x65,0x5f,0x5f,0x28,0x28,0x61,0x6c,0x77,0x61,0x79,0x73,0x5f,0x69,
    0x6e,0x6c,0x69,0x6e,0x65,0x29,0x29,0x0a,0x66,0x6c,0x6f,0x61,0x74,0x20,0x73,0x61,
    0x74,0x75,0x72,0x61,0x74,0x65,0x30,0x28,0x74,0x68,0x72,0x65,0x61,0x64,0x20,0x63,
    0x6f,0x6e,0x73,0x74,0x20,0x66,0x6c,0x6f,0x61,0x74,0x26,0x20,0x78,0x29,0x0a,0x7b,
    0x0a,0x20,0x20,0x20,0x20,0x72,0x65,0x74,0x75,0x72,0x6e,0x20,0x66,0x61,0x73,0x74,
    0x3a,0x3a,0x63,0x6c,0x61,0x6d,0x70,0x28,0x78,0x2c,0x20,0x30,0x2e,0x30,0x2c,0x20,
    0x31,0x2e,0x30,0x29,0x3b,0x0a,0x7d,0x0a,0x0a,0x73,0x74,0x61,0x74,0x69,0x63,0x20,
    0x69,0x6e,0x6c,0x69,0x6e,0x65,0x20,0x5f,0x5f,0x61,0x74,0x74,0x72,0x69,0x62,0x75,
    0x74,0x65,0x5f,0x5f,0x28,0x28,0x61,0x6c,0x77,0x61,0x79,0x73,0x5f,0x69,0x6e,0x6c,
    0x69,0x6e,0x65,0x29,0x29,0x0a,0x66,0x6c,0x6f,0x61,0x74,0x33,0x20,0x72,0x61,0x6e,
    0x64,0x33,0x28,0x74,0x68,0x72,0x65,0x61,0x64,0x20,0x63,0x6f,0x6e,0x73,0x74,0x20,
    0x66,0x6c,0x6f,0x61,0x74,0x33,0x26,0x20,0x63,0x29,0x0a,0x7b,0x0a,0x20,0x20,0x20,
    0x20,0x66,0x6c,0x6f,0x61,0x74,0x20,0x5f,0x36,0x37,0x20,0x3d,0x20,0x73,0x69,0x6e,
    0x28,0x64,0x6f,0x74,0x28,0x63,0x2c,0x20,0x66,0x6c,0x6f,0x61,0x74,0x33,0x28,0x31,
    0x37,0x2e,0x30,0x2c,0x20,0x35,0x39,0x2e,0x34,0x30,0x30,0x30,0x30,0x31,0x35,0x32,
    0x35,0x38,0x37,0x38,0x39,0x30,0x36,0x32,0x35,0x2c,0x20,0x31,0x35,0x2e,0x30,0x29,
    0x29,0x29,0x3b,0x0a,0x20,0x20,0x20,0x20,0x72,0x65,0x74,0x75,0x72,0x6e,0x20,0x66,
    0x6c,0x6f,0x61,0x74,0x33,0x28,0x66,0x72,0x61,0x63,0x74,0x28,0x5f,0x36,0x37,0x20,
    0x2a,0x20,0x32,0x36,0x32,0x31,0x34,0x34,0x2e,0x30,0x29,0x2c,0x20,0x66,0x72,0x61,
    0x63,0x74,0x28,0x5f,0x36,0x37,0x20,0x2a,0x20,0x33,0x32,0x37,0x36,0x38,0x2e,0x30,
    0x29,0x2c,0x20,0x66,0x72,0x61,0x63,0x74,0x28,0x5f,0x36,0x37,0x20,0x2a,0x20,0x32,
    0x30,0x39,0x37,0x31,0x35,0x32,0x2e,0x30,0x29,0x29,0x3b,0x0a,0x7d,0x0a,0x0a,0x73,
    0x74,0x61,0x74,0x69,0x63,0x20,0x69,0x6e,0x6c,0x69,0x6e,0x65,0x20,0x5f,0x5f,0x61,
    0x74,0x74,0x72,0x69,0x62,0x75,0x74,0x65,0x5f,0x5f,0x28,0x28,0x61,0x6c,0x77,0x61,
    0x79,0x73,0x5f,0x69,0x6e,0x6c,0x69,0x6e,0x65,0x29,0x29,0x0a,0x66,0x6c,0x6f,0x61,
    0x74,0x20,0x73,0x69,0x6d,0x70,0x6c,0x65,0x78,0x5f,0x33,0x64,0x28,0x74,0x68,0x72,
    0x65,0x61,0x64,0x20,0x63,0x6f,0x6e,0x73,0x74,0x20,0x66,0x6c,0x6f,0x61,0x74,0x33,
    0x26,0x20,0x70,0x29,0x0a,0x7b,0x0a,0x20,0x20,0x20,0x20,0x66,0x6c,0x6f,0x61,0x74,
    0x33,0x20,0x5f,0x31,0x30,0x33,0x20,0x3d,0x20,0x66,0x6c,0x6f,0x6f,0x72,0x28,0x70,
    0x20,0x2b,0x20,0x66,0x6c,0x6f,0x61,0x74,0x33,0x28,0x64,0x6f,0x74,0x28,0x70,0x2c,
    0x20,0x66,0x6c,0x6f,0x61,0x74,0x33,0x28,0x30,0x2e,0x33,0x33,0x33,0x33,0x33,0x33,
    0x33,0x31,0x33,0x34,0x36,0x35,0x31,0x31,0x38,0x34,0x30,0x38,0x32,0x30,0x33,0x31,
    0x32,0x35,0x29,0x29,0x29,0x29,0x3b,0x0a,0x20,0x20,0x20,0x20,0x66,0x6c,0x6f,0x61,
    0x74,0x33,0x20,0x5f,0x31,0x31,0x33,0x20,0x3d,0x20,0x28,0x70,0x20,0x2d,0x20,0x5f,
    0x31,0x30,0x33,0x29,0x20,0x2b,0x20,0x66,0x6c,0x6f,0x61,0x74,0x33,0x28,0x64,0x6f,
    0x74,0x28,0x5f,0x31,0x30,0x33,0x2c,0x20,0x66,0x6c,0x6f,0x61,0x74,0x33,0x28,0x30,
    0x2e,0x31,0x36,0x36,0x36,0x36,0x36,0x37,0x30,0x31,0x34,0x33,0x36,0x30,0x34,0x32,
    0x37,0x38,0x35,0x36,0x34,0x34,0x35,0x33,0x31,0x32,0x35,0x29,0x29,0x29,0x3b,0x0a,
    0x20,0x20,0x20,0x20,0x66,0x6c,0x6f,0x61,0x74,0x33,0x20,0x5f,0x31,0x32,0x31,0x20,
    0x3d,0x20,0x73,0x74,0x65,0x70,0x28,0x66,0x6c,0x6f,0x61,0x74,0x33,0x28,0x30,0x2e,
    0x30,0x29,0x2c,0x20,0x5f,0x31,0x31,0x33,0x20,0x2d,0x20,0x5f,0x31,0x31,0x33,0x2e,
    0x79,0x7a,0x78,0x29,0x3b,0x0a,0x20,0x20,0x20,0x20,0x66,0x6c,0x6f,0x61,0x74,0x33,
    0x20,0x5f,0x31,0x32,0x36,0x20,0x3d,0x20,0x5f,0x31,0x32,0x31,0x2e,0x7a,0x78,0x79,
    0x3b,0x0a,0x20,0x20,0x20,0x20,0x66,0x6c,0x6f,0x61,0x74,0x33,0x20,0x5f,0x31,0x32,
    0x38,0x20,0x3d,0x20,0x66,0x6c,0x6f,0x61,0x74,0x33,0x28,0x31,0x2e,0x30,0x29,0x20,
    0x2d,0x20,0x5f,0x31,0x32,0x36,0x3b,0x0a,0x20,0x20,0x20,0x20,0x66,0x6c,0x6f,0x61,
    0x74,0x33,0x20,0x5f,0x31,0x33,0x38,0x20,0x3d,0x20,0x66,0x6d,0x61,0x28,0x2d,0x5f,
    0x31,0x32,0x36,0x2c,0x20,0x66,0x6c,0x6f,0x61,0x74,0x33,0x28,0x31,0x2e,0x30,0x29,
    0x20,0x2d,0x20,0x5f,0x31,0x32,0x31,0x2c,0x20,0x66,0x6c,0x6f,0x61,0x74,0x33,0x28,
    0x31,0x2e,0x30,0x29,0x29,0x3b,0x0a,0x20,0x20,0x20,0x20,0x66,0x6c,0x6f,0x61,0x74,
    0x33,0x20,0x5f,0x31,0x34,0x34,0x20,0x3d,0x20,0x66,0x6d,0x61,0x28,0x2d,0x5f,0x31,
    0x32,0x31,0x2c,0x20,0x5f,0x31,0x32,0x38,0x2c,0x20,0x5f,0x31,0x31,0x33,0x29,0x20,
    0x2b,0x20,0x66,0x6c,0x6f,0x61,0x74,0x33,0x28,0x30,0x2e,0x31,0x36,0x36,0x36,0x36,
    0x36,0x37,0x30,0x31,0x34,0x33,0x36,0x30,0x34,0x32,0x37,0x38,0x35,0x36,0x34,0x34,
    0x35,0x33,0x31,0x32,0x35,0x29,0x3b,0x0a,0x20,0x20,0x20,0x20,0x66,0x6c,0x6f,0x61,
    0x74,0x33,0x20,0x5f,0x31,0x35,0x31,0x20,0x3d,0x20,0x28,0x5f,0x31,0x31,0x33,0x20,
    0x2d,0x20,0x5f,0x31,0x33,0x38,0x29,0x20,0x2b,0x20,0x66,0x6c,0x6f,0x61,0x74,0x33,
    0x28,0x30,0x2e,0x33,0x33,0x33,0x33,0x33,0x33,0x34,0x30,0x32,0x38,0x37,0x32,0x30,
    0x38,0x35,0x35,0x37,0x31,0x32,0x38,0x39,0x30,0x36,0x32,0x35,0x29,0x3b,0x0a,0x20,
    0x20,0x20,0x20,0x66,0x6c,0x6f,0x61,0x74,0x33,0x20,0x5f,0x31,0x35,0x38,0x20,0x3d,
    0x20,0x5f,0x31,0x31,0x33,0x20,0x2b,0x20,0x66,0x6c,0x6f,0x61,0x74,0x33,0x28,0x2d,
    0x30,0x2e,0x34,0x39,0x39,0x39,0x39,0x39,0x38,0x38,0x30,0x37,0x39,0x30,0x37,0x31,
    0x30,0x34,0x34,0x39,0x32,0x31,0x38,0x37,0x35,0x29,0x3b,0x0a,0x20,0x20,0x20,0x20,
    0x66,0x6c,0x6f,0x61,0x74,0x34,0x20,0x77,0x20,0x3d,0x20,0x66,0x61,0x73,0x74,0x3a,
    0x3a,0x6d,0x61,0x78,0x28,0x66,0x6c,0x6f,0x61,0x74,0x34,0x28,0x30,0x2e,0x36,0x30,
    0x30,0x30,0x30,0x30,0x30,0x32,0x33,0x38,0x34,0x31,0x38,0x35,0x37,0x39,0x31,0x30,
    0x31,0x35,0x36,0x32,0x35,0x29,0x20,0x2d,0x20,0x66,0x6c,0x6f,0x61,0x74,0x34,0x28,
    0x64,0x6f,0x74,0x28,0x5f,0x31,0x31,0x33,0x2c,0x20,0x5f,0x31,0x31,0x33,0x29,0x2c,
    0x20,0x64,0x6f,0x74,0x28,0x5f,0x31,0x34,0x34,0x2c,0x20,0x5f,0x31,0x34,0x34,0x29,
    0x2c,0x20,0x64,0x6f,0x74,0x28,0x5f,0x31,0x35,0x31,0x2c,0x20,0x5f,0x31,0x35,0x31,
    0x29,0x2c,0x20,0x64,0x6f,0x74,0x28,0x5f,0x31,0x35,0x38,0x2c,0x20,0x5f,0x31,0x35,
    0x38,0x29,0x29,0x2c,0x20,0x66,0x6c,0x6f,0x61,0x74,0x34,0x28,0x30,0x2e,0x30,0x29,
    0x29,0x3b,0x0a,0x20,0x20,0x20,0x20,0x66,0x6c,0x6f,0x61,0x74,0x33,0x20,0x70,0x61,
    0x72,0x61,0x6d,0x20,0x3d,0x20,0x5f,0x31,0x30,0x33,0x3b,0x0a,0x20,0x20,0x20,0x20,
    0x66,0x6c,0x6f,0x61,0x74,0x34,0x20,0x64,0x3b,0x0a,0x20,0x20,0x20,0x20,0x66,0x6c,
    0x6f,0x61,0x74,0x34,0x20,0x5f,0x37,0x33,0x39,0x20,0x3d,0x20,0x64,0x3b,0x0a,0x20,
    0x20,0x20,0x20,0x5f,0x37,0x33,0x39,0x2e,0x78,0x20,0x3d,0x20,0x64,0x6f,0x74,0x28,
    0x72,0x61,0x6e,0x64,0x33,0x28,0x70,0x61,0x72,0x61,0x6d,0x29,0x20,0x2d,0x20,0x66,
    0x6c,0x6f,0x61,0x74,0x33,0x28,0x30,0x2e,0x35,0x29,0x2c,0x20,0x5f,0x31,0x31,0x33,
    0x29,0x3b,0x0a,0x20,0x20,0x20,0x20,0x64,0x20,0x3d,0x20,0x5f,0x37,0x33,0x39,0x3b,
    0x0a,0x20,0x20,0x20,0x20,0x66,0x6c,0x6f,0x61,0x74,0x33,0x20,0x70,0x61,0x72,0x61,
    0x6d,0x5f,0x31,0x20,0x3d,0x20,0x66,0x6d,0x61,0x28,0x5f,0x31,0x32,0x31,0x2c,0x20,
    0x5f,0x31,0x32,0x38,0x2c,0x20,0x5f,0x31,0x30,0x33,0x29,0x3b,0x0a,0x20,0x20,0x20,
    0x20,0x66,0x6c,0x6f,0x61,0x74,0x34,0x20,0x5f,0x37,0x34,0x31,0x20,0x3d,0x20,0x64,
    0x3b,0x0a,0x20,0x20,0x20,0x20,0x5f,0x37,0x34,0x31,0x2e,0x79,0x20,0x3d,0x20,0x64,
    0x6f,0x74,0x28,0x72,0x61,0x6e,0x64,0x33,0x28,0x70,0x61,0x72,0x61,0x6d,0x5f,0x31,
    0x29,0x20,0x2d,0x20,0x66,0x6c,0x6f,0x61,0x74,0x33,0x28,0x30,0x2e,0x35,0x29,0x2c,
    0x20,0x5f,0x31,0x34,0x34,0x29,0x3b,0x0a,0x20,0x20,0x20,0x20,0x64,0x20,0x3d,0x20,
    0x5f,0x37,0x34,0x31,0x3b,0x0a,0x20,0x20,0x20,0x20,0x66,0x6c,0x6f,0x61,0x74,0x33,
    0x20,0x70,0x61,0x72,0x61,0x6d,0x5f,0x32,0x20,0x3d,0x20,0x5f,0x31,0x30,0x33,0x20,
    0x2b,0x20,0x5f,0x31,0x33,0x38,0x3b,0x0a,0x20,0x20,0x20,0x20,0x66,0x6c,0x6f,0x61,
    0x74,0x34,0x20,0x5f,0x37,0x34,0x33,0x20,0x3d,0x20,0x64,0x3b,0x0a,0x20,0x20,0x20,
    0x20,0x5f,0x37,0x34,0x33,0x2e,0x7a,0x20,0x3d,0x20,0x64,0x6f,0x74,0x28,0x72,0x61,
    0x6e,0x64,0x33,0x28,0x70,0x61,0x72,0x61,0x6d,0x5f,0x32,0x29,0x20,0x2d,0x20,0x66,
    0x6c,0x6f,0x61,0x74,0x33,0x28,0x30,0x2e,0x35,0x29,0x2c,0x20,0x5f,0x31,0x35,0x31,
    0x29,0x3b,0x0a,0x20,0x20,0x20,0x20,0x64,0x20,0x3d,0x20,0x5f,0x37,0x34,0x33,0x3b,
    0x0a,0x20,0x20,0x20,0x20,0x66,0x6c,0x6f,0x61,0x74,0x33,0x20,0x70,0x61,0x72,0x61,
    0x6d,0x5f,0x33,0x20,0x3d,0x20,0x5f,0x31,0x30,0x33,0x20,0x2b,0x20,0x66,0x6c,0x6f,
    0x61,0x74,0x33,0x28,0x31,0x2e,0x30,0x29,0x3b,0x0a,0x20,0x20,0x20,0x20,0x66,0x6c,
    0x6f,0x61,0x74,0x34,0x20,0x5f,0x37,0x34,0x35,0x20,0x3d,0x20,0x64,0x3b,0x0a,0x20,
    0x20,0x20,0x20,0x5f,0x37,0x34,0x35,0x2e,0x77,0x20,0x3d,0x20,0x64,0x6f,0x74,0x28,
    0x72,0x61,0x6e,0x64,0x33,0x28,0x70,0x61,0x72,0x61,0x6d,0x5f,0x33,0x29,0x20,0x2d,
    0x20,0x66,0x6c,0x6f,0x61,0x74,0x33,0x28,0x30,0x2e,0x35,0x29,0x2c,0x20,0x5f,0x31,
    0x35,0x38,0x29,0x3b,0x0a,0x20,0x20,0x20,0x20,0x66,0x6c,0x6f,0x61,0x74,0x34,0x20,
    0x5f,0x32,0x32,0x34,0x20,0x3d,0x20,0x77,0x3b,0x0a,0x20,0x20,0x20,0x20,0x66,0x6c,
    0x6f,0x61,0x74,0x34,0x20,0x5f,0x32,0x32,0x36,0x20,0x3d,0x20,0x5f,0x32,0x32,0x34,
    0x20,0x2a,0x20,0x5f,0x32,0x32,0x34,0x3b,0x0a,0x20,0x20,0x20,0x20,0x66,0x6c,0x6f,
    0x61,0x74,0x34,0x20,0x5f,0x32,0x32,0x39,0x20,0x3d,0x20,0x5f,0x32,0x32,0x36,0x20,
    0x2a,0x20,0x5f,0x32,0x32,0x36,0x3b,0x0a,0x20,0x20,0x20,0x20,0x77,0x20,0x3d,0x20,
    0x5f,0x32,0x32,0x39,0x3b,0x0a,0x20,0x20,0x20,0x20,0x66,0x6c,0x6f,0x61,0x74,0x34,
    0x20,0x5f,0x32,0x33,0x32,0x20,0x3d,0x20,0x5f,0x37,0x34,0x35,0x20,0x2a,0x20,0x5f,
    0x32,0x32,0x39,0x3b,0x0a,0x20,0x20,0x20,0x20,0x64,0x20,0x3d,0x20,0x5f,0x32,0x33,
    0x32,0x3b,0x0a,0x20,0x20,0x20,0x20,0x72,0x65,0x74,0x75,0x72,0x6e,0x20,0x64,0x6f,
    0x74,0x28,0x5f,0x32,0x33,0x32,0x2c,0x20,0x66,0x6c,0x6f,0x61,0x74,0x34,0x28,0x35,
    0x32,0x2e,0x30,0x29,0x29,0x3b,0x0a,0x7d,0x0a,0x0a,0x73,0x74,0x61,0x74,0x69,0x63,
    0x20,0x69,0x6e,0x6c,0x69,0x6e,0x65,0x20,0x5f,0x5f,0x61,0x74,0x74,0x72,0x69,0x62,
    0x75,0x74,0x65,0x5f,0x5f,0x28,0x28,0x61,0x6c,0x77,0x61,0x79,0x73,0x5f,0x69,0x6e,
    0x6c,0x69,0x6e,0x65,0x29,0x29,0x0a,0x66,0x6c,0x6f,0x61,0x74,0x20,0x65,0x61,0x73,
    0x65,0x5f,0x69,0x6e,0x5f,0x65,0x78,0x70,0x6f,0x28,0x74,0x68,0x72,0x65,0x61,0x64,
    0x20,0x63,0x6f,0x6e,0x73,0x74,0x20,0x66,0x6c,0x6f,0x61,0x74,0x26,0x20,0x78,0x29,
    0x0a,0x7b,0x0a,0x20,0x20,0x20,0x20,0x72,0x65,0x74,0x75,0x72,0x6e,0x20,0x70,0x6f,
    0x77,0x28,0x32,0x2e,0x30,0x2c,0x20,0x66,0x6d,0x61,0x28,0x35,0x2e,0x30,0x2c,0x20,
    0x78,0x2c,0x20,0x2d,0x35,0x2e,0x30,0x29,0x29,0x3b,0x0a,0x7d,0x0a,0x0a,0x73,0x74,
    0x61,0x74,0x69,0x63,0x20,0x69,0x6e,0x6c,0x69,0x6e,0x65,0x20,0x5f,0x5f,0x61,0x74,
    0x74,0x72,0x69,0x62,0x75,0x74,0x65,0x5f,0x5f,0x28,0x28,0x61,0x6c,0x77,0x61,0x79,
    0x73,0x5f,0x69,0x6e,0x6c,0x69,0x6e,0x65,0x29,0x29,0x0a,0x66,0x6c,0x6f,0x61,0x74,
    0x32,0x20,0x6e,0x6f,0x72,0x6d,0x61,0x6c,0x5f,0x65,0x6e,0x63,0x6f,0x64,0x65,0x28,
    0x74,0x68,0x72,0x65,0x61,0x64,0x20,0x63,0x6f,0x6e,0x73,0x74,0x20,0x66,0x6c,0x6f,
    0x61,0x74,0x33,0x26,0x20,0x6e,0x29,0x0a,0x7b,0x0a,0x20,0x20,0x20,0x20,0x72,0x65,
    0x74,0x75,0x72,0x6e,0x20,0x28,0x28,0x28,0x6e,0x2e,0x78,0x79,0x20,0x2f,0x20,0x66,
    0x6c,0x6f,0x61,0x74,0x32,0x28,0x6e,0x2e,0x7a,0x20,0x2b,0x20,0x31,0x2e,0x30,0x29,
    0x29,0x20,0x2a,0x20,0x66,0x6c,0x6f,0x61,0x74,0x32,0x28,0x30,0x2e,0x35,0x36,0x32,
    0x35,0x32,0x34,0x36,0x31,0x36,0x37,0x31,0x38,0x32,0x39,0x32,0x32,0x33,0x36,0x33,
    0x32,0x38,0x31,0x32,0x35,0x29,0x29,0x20,0x2a,0x20,0x30,0x2e,0x35,0x29,0x20,0x2b,
    0x20,0x66,0x6c,0x6f,0x61,0x74,0x32,0x28,0x30,0x2e,0x35,0x29,0x3b,0x0a,0x7d,0x0a,
    0x0a,0x66,0x72,0x61,0x67,0x6d,0x65,0x6e,0x74,0x20,0x6d,0x61,0x69,0x6e,0x30,0x5f,
    0x6f,0x75,0x74,0x20,0x6d,0x61,0x69,0x6e,0x30,0x28,0x6d,0x61,0x69,0x6e,0x30,0x5f,
    0x69,0x6e,0x20,0x69,0x6e,0x20,0x5b,0x5b,0x73,0x74,0x61,0x67,0x65,0x5f,0x69,0x6e,
    0x5d,0x5d,0x2c,0x20,0x63,0x6f,0x6e,0x73,0x74,0x61,0x6e,0x74,0x20,0x66,0x73,0x5f,
    0x70,0x61,0x72,0x61,0x6d,0x73,0x5f,0x6e,0x6f,0x72,0x6d,0x61,0x6c,0x26,0x20,0x5f,
    0x34,0x34,0x33,0x20,0x5b,0x5b,0x62,0x75,0x66,0x66,0x65,0x72,0x28,0x30,0x29,0x5d,
    0x5d,0x2c,0x20,0x63,0x6f,0x6e,0x73,0x74,0x20,0x64,0x65,0x76,0x69,0x63,0x65,0x20,
    0x74,0x65,0x78,0x5f,0x61,0x74,0x6c,0x61,0x73,0x5f,0x65,0x6e,0x74,0x72,0x69,0x65,
    0x73,0x5f,0x62,0x75,0x66,0x66,0x65,0x72,0x26,0x20,0x5f,0x32,0x37,0x38,0x20,0x5b,
    0x5b,0x62,0x75,0x66,0x66,0x65,0x72,0x28,0x34,0x29,0x5d,0x5d,0x2c,0x20,0x63,0x6f,
    0x6e,0x73,0x74,0x20,0x64,0x65,0x76,0x69,0x63,0x65,0x20,0x6d,0x6f,0x64,0x65,0x6c,
    0x5f,0x72,0x65,0x6e,0x64,0x65,0x72,0x5f,0x64,0x61,0x74,0x61,0x5f,0x62,0x75,0x66,
    0x66,0x65,0x72,0x26,0x20,0x5f,0x34,0x30,0x34,0x20,0x5b,0x5b,0x62,0x75,0x66,0x66,
    0x65,0x72,0x28,0x35,0x29,0x5d,0x5d,0x2c,0x20,0x74,0x65,0x78,0x74,0x75,0x72,0x65,
    0x32,0x64,0x3c,0x66,0x6c,0x6f,0x61,0x74,0x3e,0x20,0x74,0x65,0x78,0x5f,0x61,0x74,
    0x6c,0x61,0x73,0x5f,0x76,0x69,0x72,0x74,0x75,0x61,0x6c,0x20,0x5b,0x5b,0x74,0x65,
    0x78,0x74,0x75,0x72,0x65,0x28,0x30,0x29,0x5d,0x5d,0x2c,0x20,0x74,0x65,0x78,0x74,
    0x75,0x72,0x65,0x32,0x64,0x5f,0x61,0x72,0x72,0x61,0x79,0x3c,0x66,0x6c,0x6f,0x61,
    0x74,0x3e,0x20,0x74,0x65,0x78,0x5f,0x61,0x74,0x6c,0x61,0x73,0x20,0x5b,0x5b,0x74,
    0x65,0x78,0x74,0x75,0x72,0x65,0x28,0x31,0x29,0x5d,0x5d,0x2c,0x20,0x73,0x61,0x6d,
    0x70,0x6c,0x65,0x72,0x20,0x73,0x6d,0x70,0x5f,0x6e,0x65,0x61,0x72,0x65,0x73,0x74,
    0x20,0x5b,0x5b,0x73,0x61,0x6d,0x70,0x6c,0x65,0x72,0x28,0x30,0x29,0x5d,0x5d,0x29,
    0x0a,0x7b,0x0a,0x20,0x20,0x20,0x20,0x6d,0x61,0x69,0x6e,0x30,0x5f,0x6f,0x75,0x74,
    0x20,0x6f,0x75,0x74,0x20,0x3d,0x20,0x7b,0x7d,0x3b,0x0a,0x20,0x20,0x20,0x20,0x69,
    0x6e,0x74,0x20,0x70,0x61,0x72,0x61,0x6d,0x20,0x3d,0x20,0x5f,0x34,0x30,0x34,0x2e,
    0x6d,0x6f,0x64,0x65,0x6c,0x5f,0x72,0x65,0x6e,0x64,0x65,0x72,0x5f,0x64,0x61,0x74,
    0x61,0x5b,0x69,0x6e,0x2e,0x62,0x75,0x66,0x66,0x65,0x72,0x5f,0x69,0x6e,0x64,0x65,
    0x78,0x5d,0x2e,0x74,0x65,0x78,0x3b,0x0a,0x20,0x20,0x20,0x20,0x69,0x6e,0x74,0x20,
    0x70,0x61,0x72,0x61,0x6d,0x5f,0x31,0x20,0x3d,0x20,0x5f,0x34,0x34,0x33,0x2e,0x74,
    0x69,0x63,0x6b,0x3b,0x0a,0x20,0x20,0x20,0x20,0x74,0x65,0x78,0x5f,0x61,0x74,0x6c,
    0x61,0x73,0x5f,0x65,0x6e,0x74,0x72,0x79,0x20,0x70,0x61,0x72,0x61,0x6d,0x5f,0x32,
    0x3b,0x0a,0x20,0x20,0x20,0x20,0x74,0x65,0x78,0x5f,0x61,0x74,0x6c,0x61,0x73,0x5f,
    0x6c,0x6f,0x6f,0x6b,0x75,0x70,0x28,0x70,0x61,0x72,0x61,0x6d,0x2c,0x20,0x70,0x61,
    0x72,0x61,0x6d,0x5f,0x31,0x2c,0x20,0x70,0x61,0x72,0x61,0x6d,0x5f,0x32,0x2c,0x20,
    0x5f,0x32,0x37,0x38,0x29,0x3b,0x0a,0x20,0x20,0x20,0x20,0x66,0x6c,0x6f,0x61,0x74,
    0x33,0x20,0x70,0x61,0x72,0x61,0x6d,0x5f,0x33,0x20,0x3d,0x20,0x66,0x6c,0x6f,0x61,
    0x74,0x33,0x28,0x66,0x6d,0x61,0x28,0x70,0x61,0x72,0x61,0x6d,0x5f,0x32,0x2e,0x73,
    0x69,0x7a,0x65,0x2c,0x20,0x69,0x6e,0x2e,0x75,0x76,0x2c,0x20,0x70,0x61,0x72,0x61,
    0x6d,0x5f,0x32,0x2e,0x6d,0x69,0x29,0x2c,0x20,0x66,0x6c,0x6f,0x61,0x74,0x28,0x70,
    0x61,0x72,0x61,0x6d,0x5f,0x32,0x2e,0x6c,0x61,0x79,0x65,0x72,0x29,0x29,0x3b,0x0a,
    0x20,0x20,0x20,0x20,0x66,0x6c,0x6f,0x61,0x74,0x34,0x20,0x5f,0x34,0x37,0x32,0x20,
    0x3d,0x20,0x74,0x65,0x78,0x5f,0x61,0x74,0x6c,0x61,0x73,0x5f,0x73,0x61,0x6d,0x70,
    0x6c,0x65,0x28,0x70,0x61,0x72,0x61,0x6d,0x5f,0x33,0x2c,0x20,0x74,0x65,0x78,0x5f,
    0x61,0x74,0x6c,0x61,0x73,0x5f,0x76,0x69,0x72,0x74,0x75,0x61,0x6c,0x2c,0x20,0x73,
    0x6d,0x70,0x5f,0x6e,0x65,0x61,0x72,0x65,0x73,0x74,0x2c,0x20,0x74,0x65,0x78,0x5f,
    0x61,0x74,0x6c,0x61,0x73,0x29,0x3b,0x0a,0x20,0x20,0x20,0x20,0x66,0x6c,0x6f,0x61,
    0x74,0x34,0x20,0x63,0x6f,0x6c,0x6f,0x72,0x20,0x3d,0x20,0x5f,0x34,0x37,0x32,0x3b,
    0x0a,0x20,0x20,0x20,0x20,0x69,0x66,0x20,0x28,0x5f,0x34,0x37,0x32,0x2e,0x77,0x20,
    0x3c,0x20,0x39,0x2e,0x39,0x39,0x39,0x39,0x39,0x39,0x37,0x34,0x37,0x33,0x37,0x38,
    0x37,0x35,0x31,0x36,0x33,0x35,0x35,0x35,0x31,0x34,0x35,0x32,0x36,0x33,0x36,0x37,
    0x31,0x38,0x38,0x65,0x2d,0x30,0x35,0x29,0x0a,0x20,0x20,0x20,0x20,0x7b,0x0a,0x20,
    0x20,0x20,0x20,0x20,0x20,0x20,0x20,0x64,0x69,0x73,0x63,0x61,0x72,0x64,0x5f,0x66,
    0x72,0x61,0x67,0x6d,0x65,0x6e,0x74,0x28,0x29,0x3b,0x0a,0x20,0x20,0x20,0x20,0x7d,
    0x0a,0x20,0x20,0x20,0x20,0x69,0x66,0x20,0x28,0x28,0x69,0x6e,0x2e,0x66,0x6c,0x61,
    0x67,0x73,0x20,0x26,0x20,0x31,0x32,0x38,0x29,0x20,0x21,0x3d,0x20,0x30,0x29,0x0a,
    0x20,0x20,0x20,0x20,0x7b,0x0a,0x20,0x20,0x20,0x20,0x20,0x20,0x20,0x20,0x66,0x6c,
    0x6f,0x61,0x74,0x33,0x20,0x70,0x61,0x72,0x61,0x6d,0x5f,0x34,0x20,0x3d,0x20,0x66,
    0x6d,0x61,0x28,0x72,0x6f,0x75,0x6e,0x64,0x28,0x69,0x6e,0x2e,0x70,0x6f,0x73,0x5f,
    0x6c,0x20,0x2a,0x20,0x36,0x34,0x2e,0x30,0x29,0x2c,0x20,0x66,0x6c,0x6f,0x61,0x74,
    0x33,0x28,0x30,0x2e,0x30,0x31,0x35,0x36,0x32,0x35,0x29,0x2c,0x20,0x66,0x6c,0x6f,
    0x61,0x74,0x33,0x28,0x66,0x6c,0x6f,0x61,0x74,0x28,0x5f,0x34,0x34,0x33,0x2e,0x74,
    0x69,0x63,0x6b,0x20,0x2f,0x20,0x33,0x29,0x29,0x29,0x3b,0x0a,0x20,0x20,0x20,0x20,
    0x20,0x20,0x20,0x20,0x66,0x6c,0x6f,0x61,0x74,0x20,0x5f,0x35,0x30,0x38,0x20,0x3d,
    0x20,0x69,0x6e,0x2e,0x70,0x6f,0x73,0x5f,0x6c,0x2e,0x78,0x20,0x2b,0x20,0x30,0x2e,
    0x35,0x3b,0x0a,0x20,0x20,0x20,0x20,0x20,0x20,0x20,0x20,0x69,0x66,0x20,0x28,0x72,
    0x61,0x6e,0x64,0x28,0x70,0x61,0x72,0x61,0x6d,0x5f,0x34,0x29,0x20,0x3e,0x20,0x5f,
    0x35,0x30,0x38,0x29,0x0a,0x20,0x20,0x20,0x20,0x20,0x20,0x20,0x20,0x7b,0x0a,0x20,
    0x20,0x20,0x20,0x20,0x20,0x20,0x20,0x20,0x20,0x20,0x20,0x64,0x69,0x73,0x63,0x61,
    0x72,0x64,0x5f,0x66,0x72,0x61,0x67,0x6d,0x65,0x6e,0x74,0x28,0x29,0x3b,0x0a,0x20,
    0x20,0x20,0x20,0x20,0x20,0x20,0x20,0x7d,0x0a,0x20,0x20,0x20,0x20,0x20,0x20,0x20,
    0x20,0x66,0x6c,0x6f,0x61,0x74,0x20,0x70,0x61,0x72,0x61,0x6d,0x5f,0x35,0x20,0x3d,
    0x20,0x28,0x5f,0x34,0x34,0x33,0x2e,0x74,0x69,0x6d,0x65,0x5f,0x73,0x20,0x2d,0x20,
    0x5f,0x34,0x30,0x34,0x2e,0x6d,0x6f,0x64,0x65,0x6c,0x5f,0x72,0x65,0x6e,0x64,0x65,
    0x72,0x5f,0x64,0x61,0x74,0x61,0x5b,0x69,0x6e,0x2e,0x62,0x75,0x66,0x66,0x65,0x72,
    0x5f,0x69,0x6e,0x64,0x65,0x78,0x5d,0x2e,0x73,0x70,0x61,0x77,0x6e,0x5f,0x74,0x69,
    0x6d,0x65,0x29,0x20,0x2a,0x20,0x32,0x30,0x2e,0x30,0x3b,0x0a,0x20,0x20,0x20,0x20,
    0x20,0x20,0x20,0x20,0x69,0x66,0x20,0x28,0x28,0x5f,0x35,0x30,0x38,0x20,0x2d,0x20,
    0x28,0x31,0x2e,0x30,0x20,0x2d,0x20,0x73,0x61,0x74,0x75,0x72,0x61,0x74,0x65,0x30,
    0x28,0x70,0x61,0x72,0x61,0x6d,0x5f,0x35,0x29,0x29,0x29,0x20,0x3c,0x20,0x30,0x2e,
    0x30,0x29,0x0a,0x20,0x20,0x20,0x20,0x20,0x20,0x20,0x20,0x7b,0x0a,0x20,0x20,0x20,
    0x20,0x20,0x20,0x20,0x20,0x20,0x20,0x20,0x20,0x64,0x69,0x73,0x63,0x61,0x72,0x64,
    0x5f,0x66,0x72,0x61,0x67,0x6d,0x65,0x6e,0x74,0x28,0x29,0x3b,0x0a,0x20,0x20,0x20,
    0x20,0x20,0x20,0x20,0x20,0x7d,0x0a,0x20,0x20,0x20,0x20,0x7d,0x0a,0x20,0x20,0x20,
    0x20,0x69,0x66,0x20,0x28,0x5f,0x34,0x30,0x34,0x2e,0x6d,0x6f,0x64,0x65,0x6c,0x5f,
    0x72,0x65,0x6e,0x64,0x65,0x72,0x5f,0x64,0x61,0x74,0x61,0x5b,0x69,0x6e,0x2e,0x62,
    0x75,0x66,0x66,0x65,0x72,0x5f,0x69,0x6e,0x64,0x65,0x78,0x5d,0x2e,0x63,0x6f,0x72,
    0x70,0x73,0x65,0x5f,0x74,0x69,0x63,0x6b,0x20,0x21,0x3d,0x20,0x30,0x29,0x0a,0x20,
    0x20,0x20,0x20,0x7b,0x0a,0x20,0x20,0x20,0x20,0x20,0x20,0x20,0x20,0x63,0x6f,0x6c,
    0x6f,0x72,0x20,0x3d,0x20,0x66,0x6c,0x6f,0x61,0x74,0x34,0x28,0x31,0x2e,0x30,0x29,
    0x3b,0x0a,0x20,0x20,0x20,0x20,0x20,0x20,0x20,0x20,0x66,0x6c,0x6f,0x61,0x74,0x33,
    0x20,0x5f,0x35,0x35,0x35,0x20,0x3d,0x20,0x66,0x6c,0x6f,0x61,0x74,0x33,0x28,0x66,
    0x6c,0x6f,0x61,0x74,0x28,0x28,0x69,0x6e,0x2e,0x69,0x64,0x20,0x25,0x20,0x31,0x30,
    0x29,0x20,0x2b,0x20,0x5f,0x34,0x30,0x34,0x2e,0x6d,0x6f,0x64,0x65,0x6c,0x5f,0x72,
    0x65,0x6e,0x64,0x65,0x72,0x5f,0x64,0x61,0x74,0x61,0x5b,0x69,0x6e,0x2e,0x62,0x75,
    0x66,0x66,0x65,0x72,0x5f,0x69,0x6e,0x64,0x65,0x78,0x5d,0x2e,0x63,0x6f,0x72,0x70,
    0x73,0x65,0x5f,0x74,0x69,0x63,0x6b,0x29,0x29,0x3b,0x0a,0x20,0x20,0x20,0x20,0x20,
    0x20,0x20,0x20,0x66,0x6c,0x6f,0x61,0x74,0x33,0x20,0x70,0x61,0x72,0x61,0x6d,0x5f,
    0x36,0x20,0x3d,0x20,0x66,0x6d,0x61,0x28,0x66,0x6c,0x6f,0x61,0x74,0x33,0x28,0x30,
    0x2e,0x38,0x30,0x30,0x30,0x30,0x30,0x30,0x31,0x31,0x39,0x32,0x30,0x39,0x32,0x38,
    0x39,0x35,0x35,0x30,0x37,0x38,0x31,0x32,0x35,0x29,0x2c,0x20,0x5f,0x34,0x30,0x34,
    0x2e,0x6d,0x6f,0x64,0x65,0x6c,0x5f,0x72,0x65,0x6e,0x64,0x65,0x72,0x5f,0x64,0x61,
    0x74,0x61,0x5b,0x69,0x6e,0x2e,0x62,0x75,0x66,0x66,0x65,0x72,0x5f,0x69,0x6e,0x64,
    0x65,0x78,0x5d,0x2e,0x6d,0x5f,0x63,0x65,0x6e,0x74,0x72,0x6f,0x69,0x64,0x2c,0x20,
    0x5f,0x35,0x35,0x35,0x29,0x3b,0x0a,0x20,0x20,0x20,0x20,0x20,0x20,0x20,0x20,0x66,
    0x6c,0x6f,0x61,0x74,0x33,0x20,0x70,0x61,0x72,0x61,0x6d,0x5f,0x37,0x20,0x3d,0x20,
    0x66,0x6d,0x61,0x28,0x66,0x6c,0x6f,0x61,0x74,0x33,0x28,0x30,0x2e,0x38,0x30,0x30,
    0x30,0x30,0x30,0x30,0x31,0x31,0x39,0x32,0x30,0x39,0x32,0x38,0x39,0x35,0x35,0x30,
    0x37,0x38,0x31,0x32,0x35,0x29,0x2c,0x20,0x69,0x6e,0x2e,0x70,0x6f,0x73,0x5f,0x6c,
    0x2c,0x20,0x5f,0x35,0x35,0x35,0x29,0x3b,0x0a,0x20,0x20,0x20,0x20,0x20,0x20,0x20,
    0x20,0x66,0x6c,0x6f,0x61,0x74,0x20,0x5f,0x35,0x37,0x37,0x20,0x3d,0x20,0x61,0x62,
    0x73,0x28,0x73,0x69,0x6d,0x70,0x6c,0x65,0x78,0x5f,0x33,0x64,0x28,0x70,0x61,0x72,
    0x61,0x6d,0x5f,0x37,0x29,0x20,0x2d,0x20,0x73,0x69,0x6d,0x70,0x6c,0x65,0x78,0x5f,
    0x33,0x64,0x28,0x70,0x61,0x72,0x61,0x6d,0x5f,0x36,0x29,0x29,0x3b,0x0a,0x20,0x20,
    0x20,0x20,0x20,0x20,0x20,0x20,0x66,0x6c,0x6f,0x61,0x74,0x20,0x70,0x61,0x72,0x61,
    0x6d,0x5f,0x38,0x20,0x3d,0x20,0x66,0x6c,0x6f,0x61,0x74,0x28,0x5f,0x34,0x34,0x33,
    0x2e,0x74,0x69,0x63,0x6b,0x20,0x2d,0x20,0x5f,0x34,0x30,0x34,0x2e,0x6d,0x6f,0x64,
    0x65,0x6c,0x5f,0x72,0x65,0x6e,0x64,0x65,0x72,0x5f,0x64,0x61,0x74,0x61,0x5b,0x69,
    0x6e,0x2e,0x62,0x75,0x66,0x66,0x65,0x72,0x5f,0x69,0x6e,0x64,0x65,0x78,0x5d,0x2e,
    0x63,0x6f,0x72,0x70,0x73,0x65,0x5f,0x74,0x69,0x63,0x6b,0x29,0x20,0x2a,0x20,0x30,
    0x2e,0x30,0x39,0x32,0x35,0x39,0x32,0x35,0x39,0x37,0x30,0x30,0x37,0x37,0x35,0x31,
    0x34,0x36,0x34,0x38,0x34,0x33,0x37,0x35,0x3b,0x0a,0x20,0x20,0x20,0x20,0x20,0x20,
    0x20,0x20,0x66,0x6c,0x6f,0x61,0x74,0x20,0x5f,0x35,0x38,0x33,0x20,0x3d,0x20,0x65,
    0x61,0x73,0x65,0x5f,0x69,0x6e,0x5f,0x65,0x78,0x70,0x6f,0x28,0x70,0x61,0x72,0x61,
    0x6d,0x5f,0x38,0x29,0x3b,0x0a,0x20,0x20,0x20,0x20,0x20,0x20,0x20,0x20,0x69,0x66,
    0x20,0x28,0x5f,0x35,0x37,0x37,0x20,0x3c,0x20,0x28,0x32,0x2e,0x30,0x20,0x2a,0x20,
    0x5f,0x35,0x38,0x33,0x29,0x29,0x0a,0x20,0x20,0x20,0x20,0x20,0x20,0x20,0x20,0x7b,
    0x0a,0x20,0x20,0x20,0x20,0x20,0x20,0x20,0x20,0x20,0x20,0x20,0x20,0x64,0x69,0x73,
    0x63,0x61,0x72,0x64,0x5f,0x66,0x72,0x61,0x67,0x6d,0x65,0x6e,0x74,0x28,0x29,0x3b,
    0x0a,0x20,0x20,0x20,0x20,0x20,0x20,0x20,0x20,0x7d,0x0a,0x20,0x20,0x20,0x20,0x20,
    0x20,0x20,0x20,0x66,0x6c,0x6f,0x61,0x74,0x20,0x70,0x61,0x72,0x61,0x6d,0x5f,0x39,
    0x20,0x3d,0x20,0x66,0x6d,0x61,0x28,0x2d,0x32,0x2e,0x30,0x2c,0x20,0x5f,0x35,0x38,
    0x33,0x2c,0x20,0x5f,0x35,0x37,0x37,0x29,0x20,0x2a,0x20,0x32,0x2e,0x30,0x3b,0x0a,
    0x20,0x20,0x20,0x20,0x20,0x20,0x20,0x20,0x66,0x6c,0x6f,0x61,0x74,0x33,0x20,0x5f,
    0x35,0x39,0x39,0x20,0x3d,0x20,0x6d,0x69,0x78,0x28,0x66,0x6c,0x6f,0x61,0x74,0x33,
    0x28,0x30,0x2e,0x30,0x29,0x2c,0x20,0x66,0x6c,0x6f,0x61,0x74,0x33,0x28,0x31,0x2e,
    0x30,0x29,0x2c,0x20,0x66,0x6c,0x6f,0x61,0x74,0x33,0x28,0x73,0x61,0x74,0x75,0x72,
    0x61,0x74,0x65,0x30,0x28,0x70,0x61,0x72,0x61,0x6d,0x5f,0x39,0x29,0x29,0x29,0x3b,
    0x0a,0x20,0x20,0x20,0x20,0x20,0x20,0x20,0x20,0x66,0x6c,0x6f,0x61,0x74,0x34,0x20,
    0x5f,0x37,0x31,0x32,0x20,0x3d,0x20,0x63,0x6f,0x6c,0x6f,0x72,0x3b,0x0a,0x20,0x20,
    0x20,0x20,0x20,0x20,0x20,0x20,0x5f,0x37,0x31,0x32,0x2e,0x78,0x20,0x3d,0x20,0x5f,
    0x35,0x39,0x39,0x2e,0x78,0x3b,0x0a,0x20,0x20,0x20,0x20,0x20,0x20,0x20,0x20,0x5f,
    0x37,0x31,0x32,0x2e,0x79,0x20,0x3d,0x20,0x5f,0x35,0x39,0x39,0x2e,0x79,0x3b,0x0a,
    0x20,0x20,0x20,0x20,0x20,0x20,0x20,0x20,0x5f,0x37,0x31,0x32,0x2e,0x7a,0x20,0x3d,
    0x20,0x5f,0x35,0x39,0x39,0x2e,0x7a,0x3b,0x0a,0x20,0x20,0x20,0x20,0x20,0x20,0x20,
    0x20,0x63,0x6f,0x6c,0x6f,0x72,0x20,0x3d,0x20,0x5f,0x37,0x31,0x32,0x3b,0x0a,0x20,
    0x20,0x20,0x20,0x7d,0x0a,0x20,0x20,0x20,0x20,0x66,0x6c,0x6f,0x61,0x74,0x34,0x20,
    0x5f,0x36,0x31,0x33,0x20,0x3d,0x20,0x63,0x6f,0x6c,0x6f,0x72,0x3b,0x0a,0x20,0x20,
    0x20,0x20,0x66,0x6c,0x6f,0x61,0x74,0x33,0x20,0x5f,0x36,0x32,0x31,0x20,0x3d,0x20,
    0x6d,0x69,0x78,0x28,0x5f,0x36,0x31,0x33,0x2e,0x78,0x79,0x7a,0x2c,0x20,0x5f,0x34,
    0x30,0x34,0x2e,0x6d,0x6f,0x64,0x65,0x6c,0x5f,0x72,0x65,0x6e,0x64,0x65,0x72,0x5f,
    0x64,0x61,0x74,0x61,0x5b,0x69,0x6e,0x2e,0x62,0x75,0x66,0x66,0x65,0x72,0x5f,0x69,
    0x6e,0x64,0x65,0x78,0x5d,0x2e,0x74,0x69,0x6e,0x74,0x2e,0x78,0x79,0x7a,0x2c,0x20,
    0x66,0x6c,0x6f,0x61,0x74,0x33,0x28,0x5f,0x34,0x30,0x34,0x2e,0x6d,0x6f,0x64,0x65,
    0x6c,0x5f,0x72,0x65,0x6e,0x64,0x65,0x72,0x5f,0x64,0x61,0x74,0x61,0x5b,0x69,0x6e,
    0x2e,0x62,0x75,0x66,0x66,0x65,0x72,0x5f,0x69,0x6e,0x64,0x65,0x78,0x5d,0x2e,0x74,
    0x69,0x6e,0x74,0x2e,0x77,0x29,0x29,0x3b,0x0a,0x20,0x20,0x20,0x20,0x66,0x6c,0x6f,
    0x61,0x74,0x20,0x5f,0x36,0x32,0x33,0x20,0x3d,0x20,0x5f,0x36,0x32,0x31,0x2e,0x78,
    0x3b,0x0a,0x20,0x20,0x20,0x20,0x66,0x6c,0x6f,0x61,0x74,0x34,0x20,0x5f,0x37,0x32,
    0x30,0x20,0x3d,0x20,0x5f,0x36,0x31,0x33,0x3b,0x0a,0x20,0x20,0x20,0x20,0x5f,0x37,
    0x32,0x30,0x2e,0x78,0x20,0x3d,0x20,0x5f,0x36,0x32,0x33,0x3b,0x0a,0x20,0x20,0x20,
    0x20,0x5f,0x37,0x32,0x30,0x2e,0x79,0x20,0x3d,0x20,0x5f,0x36,0x32,0x31,0x2e,0x79,
    0x3b,0x0a,0x20,0x20,0x20,0x20,0x5f,0x37,0x32,0x30,0x2e,0x7a,0x20,0x3d,0x20,0x5f,
    0x36,0x32,0x31,0x2e,0x7a,0x3b,0x0a,0x20,0x20,0x20,0x20,0x63,0x6f,0x6c,0x6f,0x72,
    0x20,0x3d,0x20,0x5f,0x37,0x32,0x30,0x3b,0x0a,0x20,0x20,0x20,0x20,0x6f,0x75,0x74,
    0x2e,0x66,0x72,0x61,0x67,0x5f,0x63,0x6f,0x6c,0x6f,0x72,0x20,0x3d,0x20,0x66,0x6c,
    0x6f,0x61,0x74,0x34,0x28,0x5f,0x36,0x32,0x33,0x2c,0x20,0x5f,0x36,0x32,0x31,0x2e,
    0x79,0x7a,0x2c,0x20,0x31,0x2e,0x30,0x29,0x3b,0x0a,0x20,0x20,0x20,0x20,0x6f,0x75,
    0x74,0x2e,0x66,0x72,0x61,0x67,0x5f,0x70,0x6f,0x73,0x5f,0x77,0x5f,0x69,0x64,0x20,
    0x3d,0x20,0x66,0x6c,0x6f,0x61,0x74,0x34,0x28,0x69,0x6e,0x2e,0x70,0x6f,0x73,0x5f,
    0x77,0x2c,0x20,0x61,0x73,0x5f,0x74,0x79,0x70,0x65,0x3c,0x66,0x6c,0x6f,0x61,0x74,
    0x3e,0x28,0x69,0x6e,0x2e,0x69,0x64,0x29,0x29,0x3b,0x0a,0x20,0x20,0x20,0x20,0x6f,
    0x75,0x74,0x2e,0x66,0x72,0x61,0x67,0x5f,0x70,0x6f,0x73,0x5f,0x76,0x5f,0x69,0x6e,
    0x64,0x65,0x78,0x5f,0x74,0x79,0x70,0x65,0x5f,0x66,0x6c,0x61,0x67,0x73,0x20,0x3d,
    0x20,0x66,0x6c,0x6f,0x61,0x74,0x34,0x28,0x69,0x6e,0x2e,0x70,0x6f,0x73,0x5f,0x76,
    0x2c,0x20,0x61,0x73,0x5f,0x74,0x79,0x70,0x65,0x3c,0x66,0x6c,0x6f,0x61,0x74,0x3e,
    0x28,0x28,0x69,0x6e,0x2e,0x62,0x75,0x66,0x66,0x65,0x72,0x5f,0x69,0x6e,0x64,0x65,
    0x78,0x20,0x3c,0x3c,0x20,0x31,0x36,0x29,0x20,0x7c,0x20,0x69,0x6e,0x2e,0x74,0x79,
    0x70,0x65,0x5f,0x66,0x6c,0x61,0x67,0x73,0x29,0x29,0x3b,0x0a,0x20,0x20,0x20,0x20,
    0x66,0x6c,0x6f,0x61,0x74,0x33,0x20,0x70,0x61,0x72,0x61,0x6d,0x5f,0x31,0x30,0x20,
    0x3d,0x20,0x69,0x6e,0x2e,0x6e,0x5f,0x76,0x3b,0x0a,0x20,0x20,0x20,0x20,0x6f,0x75,
    0x74,0x2e,0x66,0x72,0x61,0x67,0x5f,0x6e,0x6f,0x72,0x6d,0x61,0x6c,0x5f,0x75,0x76,
    0x20,0x3d,0x20,0x66,0x6c,0x6f,0x61,0x74,0x34,0x28,0x6e,0x6f,0x72,0x6d,0x61,0x6c,
    0x5f,0x65,0x6e,0x63,0x6f,0x64,0x65,0x28,0x70,0x61,0x72,0x61,0x6d,0x5f,0x31,0x30,
    0x29,0x2c,0x20,0x69,0x6e,0x2e,0x75,0x76,0x29,0x3b,0x0a,0x20,0x20,0x20,0x20,0x72,
    0x65,0x74,0x75,0x72,0x6e,0x20,0x6f,0x75,0x74,0x3b,0x0a,0x7d,0x0a,0x0a,0x00,
};
/*
    #include <metal_stdlib>
    #include <simd/simd.h>

    using namespace metal;

    struct main0_out
    {
        float4 frag_color [[color(0)]];
    };

    fragment main0_out main0()
    {
        main0_out out = {};
        out.frag_color = float4(1.0);
        return out;
    }

*/
static const uint8_t model_fs_phantom_source_metal_macos[238] = {
    0x23,0x69,0x6e,0x63,0x6c,0x75,0x64,0x65,0x20,0x3c,0x6d,0x65,0x74,0x61,0x6c,0x5f,
    0x73,0x74,0x64,0x6c,0x69,0x62,0x3e,0x0a,0x23,0x69,0x6e,0x63,0x6c,0x75,0x64,0x65,
    0x20,0x3c,0x73,0x69,0x6d,0x64,0x2f,0x73,0x69,0x6d,0x64,0x2e,0x68,0x3e,0x0a,0x0a,
    0x75,0x73,0x69,0x6e,0x67,0x20,0x6e,0x61,0x6d,0x65,0x73,0x70,0x61,0x63,0x65,0x20,
    0x6d,0x65,0x74,0x61,0x6c,0x3b,0x0a,0x0a,0x73,0x74,0x72,0x75,0x63,0x74,0x20,0x6d,
    0x61,0x69,0x6e,0x30,0x5f,0x6f,0x75,0x74,0x0a,0x7b,0x0a,0x20,0x20,0x20,0x20,0x66,
    0x6c,0x6f,0x61,0x74,0x34,0x20,0x66,0x72,0x61,0x67,0x5f,0x63,0x6f,0x6c,0x6f,0x72,
    0x20,0x5b,0x5b,0x63,0x6f,0x6c,0x6f,0x72,0x28,0x30,0x29,0x5d,0x5d,0x3b,0x0a,0x7d,
    0x3b,0x0a,0x0a,0x66,0x72,0x61,0x67,0x6d,0x65,0x6e,0x74,0x20,0x6d,0x61,0x69,0x6e,
    0x30,0x5f,0x6f,0x75,0x74,0x20,0x6d,0x61,0x69,0x6e,0x30,0x28,0x29,0x0a,0x7b,0x0a,
    0x20,0x20,0x20,0x20,0x6d,0x61,0x69,0x6e,0x30,0x5f,0x6f,0x75,0x74,0x20,0x6f,0x75,
    0x74,0x20,0x3d,0x20,0x7b,0x7d,0x3b,0x0a,0x20,0x20,0x20,0x20,0x6f,0x75,0x74,0x2e,
    0x66,0x72,0x61,0x67,0x5f,0x63,0x6f,0x6c,0x6f,0x72,0x20,0x3d,0x20,0x66,0x6c,0x6f,
    0x61,0x74,0x34,0x28,0x31,0x2e,0x30,0x29,0x3b,0x0a,0x20,0x20,0x20,0x20,0x72,0x65,
    0x74,0x75,0x72,0x6e,0x20,0x6f,0x75,0x74,0x3b,0x0a,0x7d,0x0a,0x0a,0x00,
};
const sg_shader_desc* model_program_normal_shader_desc(sg_backend backend) {
    if (backend == SG_BACKEND_METAL_MACOS) {
        static sg_shader_desc desc;
        static bool valid;
        if (!valid) {
            valid = true;
            desc.vs.source = (const char*)model_vs_source_metal_macos;
            desc.vs.entry = "main0";
            desc.vs.uniform_blocks[0].size = 128;
            desc.vs.uniform_blocks[0].layout = SG_UNIFORMLAYOUT_STD140;
            desc.fs.source = (const char*)model_fs_normal_source_metal_macos;
            desc.fs.entry = "main0";
            desc.fs.uniform_blocks[0].size = 16;
            desc.fs.uniform_blocks[0].layout = SG_UNIFORMLAYOUT_STD140;
            desc.fs.storage_buffers[0].used = true;
            desc.fs.storage_buffers[0].readonly = true;
            desc.fs.storage_buffers[1].used = true;
            desc.fs.storage_buffers[1].readonly = true;
            desc.fs.images[0].used = true;
            desc.fs.images[0].multisampled = false;
            desc.fs.images[0].image_type = SG_IMAGETYPE_2D;
            desc.fs.images[0].sample_type = SG_IMAGESAMPLETYPE_FLOAT;
            desc.fs.images[1].used = true;
            desc.fs.images[1].multisampled = false;
            desc.fs.images[1].image_type = SG_IMAGETYPE_ARRAY;
            desc.fs.images[1].sample_type = SG_IMAGESAMPLETYPE_FLOAT;
            desc.fs.samplers[0].used = true;
            desc.fs.samplers[0].sampler_type = SG_SAMPLERTYPE_FILTERING;
            desc.fs.image_sampler_pairs[0].used = true;
            desc.fs.image_sampler_pairs[0].image_slot = 0;
            desc.fs.image_sampler_pairs[0].sampler_slot = 0;
            desc.fs.image_sampler_pairs[1].used = true;
            desc.fs.image_sampler_pairs[1].image_slot = 1;
            desc.fs.image_sampler_pairs[1].sampler_slot = 0;
            desc.label = "model_program_normal_shader";
        }
        return &desc;
    }
    return 0;
}
const sg_shader_desc* model_program_phantom_shader_desc(sg_backend backend) {
    if (backend == SG_BACKEND_METAL_MACOS) {
        static sg_shader_desc desc;
        static bool valid;
        if (!valid) {
            valid = true;
            desc.vs.source = (const char*)model_vs_source_metal_macos;
            desc.vs.entry = "main0";
            desc.vs.uniform_blocks[0].size = 128;
            desc.vs.uniform_blocks[0].layout = SG_UNIFORMLAYOUT_STD140;
            desc.fs.source = (const char*)model_fs_phantom_source_metal_macos;
            desc.fs.entry = "main0";
            desc.label = "model_program_phantom_shader";
        }
        return &desc;
    }
    return 0;
}
int model_program_normal_attr_slot(const char* attr_name) {
    (void)attr_name;
    if (0 == strcmp(attr_name, "a_position")) {
        return 0;
    }
    if (0 == strcmp(attr_name, "a_normal")) {
        return 1;
    }
    if (0 == strcmp(attr_name, "a_texcoord0")) {
        return 2;
    }
    if (0 == strcmp(attr_name, "a_id")) {
        return 3;
    }
    if (0 == strcmp(attr_name, "a_buffer_index")) {
        return 4;
    }
    if (0 == strcmp(attr_name, "a_model_flags")) {
        return 5;
    }
    if (0 == strcmp(attr_name, "a_model_type_flags")) {
        return 6;
    }
    if (0 == strcmp(attr_name, "a_t0")) {
        return 7;
    }
    if (0 == strcmp(attr_name, "a_t1")) {
        return 8;
    }
    if (0 == strcmp(attr_name, "a_t2")) {
        return 9;
    }
    if (0 == strcmp(attr_name, "a_t3")) {
        return 10;
    }
    return -1;
}
int model_program_normal_image_slot(sg_shader_stage stage, const char* img_name) {
    (void)stage; (void)img_name;
    if (SG_SHADERSTAGE_FS == stage) {
        if (0 == strcmp(img_name, "tex_atlas_virtual")) {
            return 0;
        }
        if (0 == strcmp(img_name, "tex_atlas")) {
            return 1;
        }
    }
    return -1;
}
int model_program_normal_sampler_slot(sg_shader_stage stage, const char* smp_name) {
    (void)stage; (void)smp_name;
    if (SG_SHADERSTAGE_FS == stage) {
        if (0 == strcmp(smp_name, "smp_nearest")) {
            return 0;
        }
    }
    return -1;
}
int model_program_normal_uniformblock_slot(sg_shader_stage stage, const char* ub_name) {
    (void)stage; (void)ub_name;
    if (SG_SHADERSTAGE_VS == stage) {
        if (0 == strcmp(ub_name, "vs_params")) {
            return 0;
        }
    }
    if (SG_SHADERSTAGE_FS == stage) {
        if (0 == strcmp(ub_name, "fs_params_normal")) {
            return 0;
        }
    }
    return -1;
}
size_t model_program_normal_uniformblock_size(sg_shader_stage stage, const char* ub_name) {
    (void)stage; (void)ub_name;
    if (SG_SHADERSTAGE_VS == stage) {
        if (0 == strcmp(ub_name, "vs_params")) {
            return sizeof(model_vs_params_t);
        }
    }
    if (SG_SHADERSTAGE_FS == stage) {
        if (0 == strcmp(ub_name, "fs_params_normal")) {
            return sizeof(model_fs_params_normal_t);
        }
    }
    return 0;
}
int model_program_normal_uniform_offset(sg_shader_stage stage, const char* ub_name, const char* u_name) {
    (void)stage; (void)ub_name; (void)u_name;
    if (SG_SHADERSTAGE_VS == stage) {
        if (0 == strcmp(ub_name, "vs_params")) {
            if (0 == strcmp(u_name, "view")) {
                return 0;
            }
            if (0 == strcmp(u_name, "proj")) {
                return 64;
            }
        }
    }
    if (SG_SHADERSTAGE_FS == stage) {
        if (0 == strcmp(ub_name, "fs_params_normal")) {
            if (0 == strcmp(u_name, "tick")) {
                return 0;
            }
            if (0 == strcmp(u_name, "time_s")) {
                return 4;
            }
        }
    }
    return -1;
}
sg_shader_uniform_desc model_program_normal_uniform_desc(sg_shader_stage stage, const char* ub_name, const char* u_name) {
    (void)stage; (void)ub_name; (void)u_name;
    #if defined(__cplusplus)
    sg_shader_uniform_desc desc = {};
    #else
    sg_shader_uniform_desc desc = {0};
    #endif
    if (SG_SHADERSTAGE_VS == stage) {
        if (0 == strcmp(ub_name, "vs_params")) {
            if (0 == strcmp(u_name, "view")) {
                desc.name = "view";
                desc.type = SG_UNIFORMTYPE_MAT4;
                desc.array_count = 0;
                return desc;
            }
            if (0 == strcmp(u_name, "proj")) {
                desc.name = "proj";
                desc.type = SG_UNIFORMTYPE_MAT4;
                desc.array_count = 0;
                return desc;
            }
        }
    }
    if (SG_SHADERSTAGE_FS == stage) {
        if (0 == strcmp(ub_name, "fs_params_normal")) {
            if (0 == strcmp(u_name, "tick")) {
                desc.name = "tick";
                desc.type = SG_UNIFORMTYPE_INT;
                desc.array_count = 0;
                return desc;
            }
            if (0 == strcmp(u_name, "time_s")) {
                desc.name = "time_s";
                desc.type = SG_UNIFORMTYPE_FLOAT;
                desc.array_count = 0;
                return desc;
            }
        }
    }
    return desc;
}
int model_program_normal_storagebuffer_slot(sg_shader_stage stage, const char* sbuf_name) {
    (void)stage; (void)sbuf_name;
    if (SG_SHADERSTAGE_FS == stage) {
        if (0 == strcmp(sbuf_name, "tex_atlas_entries_buffer")) {
            return 0;
        }
        if (0 == strcmp(sbuf_name, "model_render_data_buffer")) {
            return 1;
        }
    }
    return -1;
}
int model_program_phantom_attr_slot(const char* attr_name) {
    (void)attr_name;
    if (0 == strcmp(attr_name, "a_position")) {
        return 0;
    }
    if (0 == strcmp(attr_name, "a_normal")) {
        return 1;
    }
    if (0 == strcmp(attr_name, "a_texcoord0")) {
        return 2;
    }
    if (0 == strcmp(attr_name, "a_id")) {
        return 3;
    }
    if (0 == strcmp(attr_name, "a_buffer_index")) {
        return 4;
    }
    if (0 == strcmp(attr_name, "a_model_flags")) {
        return 5;
    }
    if (0 == strcmp(attr_name, "a_model_type_flags")) {
        return 6;
    }
    if (0 == strcmp(attr_name, "a_t0")) {
        return 7;
    }
    if (0 == strcmp(attr_name, "a_t1")) {
        return 8;
    }
    if (0 == strcmp(attr_name, "a_t2")) {
        return 9;
    }
    if (0 == strcmp(attr_name, "a_t3")) {
        return 10;
    }
    return -1;
}
int model_program_phantom_image_slot(sg_shader_stage stage, const char* img_name) {
    (void)stage; (void)img_name;
    return -1;
}
int model_program_phantom_sampler_slot(sg_shader_stage stage, const char* smp_name) {
    (void)stage; (void)smp_name;
    return -1;
}
int model_program_phantom_uniformblock_slot(sg_shader_stage stage, const char* ub_name) {
    (void)stage; (void)ub_name;
    if (SG_SHADERSTAGE_VS == stage) {
        if (0 == strcmp(ub_name, "vs_params")) {
            return 0;
        }
    }
    return -1;
}
size_t model_program_phantom_uniformblock_size(sg_shader_stage stage, const char* ub_name) {
    (void)stage; (void)ub_name;
    if (SG_SHADERSTAGE_VS == stage) {
        if (0 == strcmp(ub_name, "vs_params")) {
            return sizeof(model_vs_params_t);
        }
    }
    return 0;
}
int model_program_phantom_uniform_offset(sg_shader_stage stage, const char* ub_name, const char* u_name) {
    (void)stage; (void)ub_name; (void)u_name;
    if (SG_SHADERSTAGE_VS == stage) {
        if (0 == strcmp(ub_name, "vs_params")) {
            if (0 == strcmp(u_name, "view")) {
                return 0;
            }
            if (0 == strcmp(u_name, "proj")) {
                return 64;
            }
        }
    }
    return -1;
}
sg_shader_uniform_desc model_program_phantom_uniform_desc(sg_shader_stage stage, const char* ub_name, const char* u_name) {
    (void)stage; (void)ub_name; (void)u_name;
    #if defined(__cplusplus)
    sg_shader_uniform_desc desc = {};
    #else
    sg_shader_uniform_desc desc = {0};
    #endif
    if (SG_SHADERSTAGE_VS == stage) {
        if (0 == strcmp(ub_name, "vs_params")) {
            if (0 == strcmp(u_name, "view")) {
                desc.name = "view";
                desc.type = SG_UNIFORMTYPE_MAT4;
                desc.array_count = 0;
                return desc;
            }
            if (0 == strcmp(u_name, "proj")) {
                desc.name = "proj";
                desc.type = SG_UNIFORMTYPE_MAT4;
                desc.array_count = 0;
                return desc;
            }
        }
    }
    return desc;
}
int model_program_phantom_storagebuffer_slot(sg_shader_stage stage, const char* sbuf_name) {
    (void)stage; (void)sbuf_name;
    return -1;
}
#endif // SOKOL_SHDC_IMPL