#pragma once
/*
    #version:1# (machine generated, don't edit!)

    Generated by sokol-shdc (https://github.com/floooh/sokol-tools)

    Cmdline:
        sokol-shdc --input src/shader/particle.glsl --output src/shader/particle.glsl.h --slang metal_macos --format=sokol_impl -r

    Overview:
    =========
    Shader program: 'program':
        Get shader desc: particle_program_shader_desc(sg_query_backend());
        Vertex shader: vs
            Attributes:
                ATTR_particle_vs_a_pos => 0
                ATTR_particle_vs_a_uv => 1
                ATTR_particle_vs_i_pos => 2
                ATTR_particle_vs_i_size => 3
                ATTR_particle_vs_i_vel => 4
                ATTR_particle_vs_i_dir => 5
                ATTR_particle_vs_i_id => 6
                ATTR_particle_vs_i_type => 7
                ATTR_particle_vs_i_tex_id => 8
                ATTR_particle_vs_i_flags => 9
                ATTR_particle_vs_i_start => 10
                ATTR_particle_vs_i_color => 11
                ATTR_particle_vs_i_hsva => 12
            Uniform block 'vs_params':
                C struct: particle_vs_params_t
                Bind slot: SLOT_particle_vs_params => 0
        Fragment shader: fs
            Uniform block 'fs_params':
                C struct: particle_fs_params_t
                Bind slot: SLOT_particle_fs_params => 0
            Storage buffer 'tex_atlas_entries_buffer':
                C struct: particle_tex_atlas_entries_buffer_t
                Bind slot: SLOT_particle_tex_atlas_entries_buffer => 0
            Image 'tex_atlas_virtual':
                Image type: SG_IMAGETYPE_2D
                Sample type: SG_IMAGESAMPLETYPE_FLOAT
                Multisampled: false
                Bind slot: SLOT_particle_tex_atlas_virtual => 0
            Image 'tex_atlas':
                Image type: SG_IMAGETYPE_ARRAY
                Sample type: SG_IMAGESAMPLETYPE_FLOAT
                Multisampled: false
                Bind slot: SLOT_particle_tex_atlas => 1
            Sampler 'smp_nearest':
                Type: SG_SAMPLERTYPE_FILTERING
                Bind slot: SLOT_particle_smp_nearest => 0
            Image Sampler Pair 'tex_atlas_virtual_smp_nearest':
                Image: tex_atlas_virtual
                Sampler: smp_nearest
            Image Sampler Pair 'tex_atlas_smp_nearest':
                Image: tex_atlas
                Sampler: smp_nearest
*/
#if !defined(SOKOL_GFX_INCLUDED)
#error "Please include sokol_gfx.h before particle.glsl.h"
#endif
#if !defined(SOKOL_SHDC_ALIGN)
#if defined(_MSC_VER)
#define SOKOL_SHDC_ALIGN(a) __declspec(align(a))
#else
#define SOKOL_SHDC_ALIGN(a) __attribute__((aligned(a)))
#endif
#endif
const sg_shader_desc* particle_program_shader_desc(sg_backend backend);
int particle_program_attr_slot(const char* attr_name);
int particle_program_image_slot(sg_shader_stage stage, const char* img_name);
int particle_program_sampler_slot(sg_shader_stage stage, const char* smp_name);
int particle_program_uniformblock_slot(sg_shader_stage stage, const char* ub_name);
size_t particle_program_uniformblock_size(sg_shader_stage stage, const char* ub_name);
int particle_program_storagebuffer_slot(sg_shader_stage stage, const char* sbuf_name);
int particle_program_uniform_offset(sg_shader_stage stage, const char* ub_name, const char* u_name);
sg_shader_uniform_desc particle_program_uniform_desc(sg_shader_stage stage, const char* ub_name, const char* u_name);
#define ATTR_particle_vs_a_pos (0)
#define ATTR_particle_vs_a_uv (1)
#define ATTR_particle_vs_i_pos (2)
#define ATTR_particle_vs_i_size (3)
#define ATTR_particle_vs_i_vel (4)
#define ATTR_particle_vs_i_dir (5)
#define ATTR_particle_vs_i_id (6)
#define ATTR_particle_vs_i_type (7)
#define ATTR_particle_vs_i_tex_id (8)
#define ATTR_particle_vs_i_flags (9)
#define ATTR_particle_vs_i_start (10)
#define ATTR_particle_vs_i_color (11)
#define ATTR_particle_vs_i_hsva (12)
#define SLOT_particle_vs_params (0)
#define SLOT_particle_fs_params (0)
#define SLOT_particle_tex_atlas_entries_buffer (0)
#define SLOT_particle_tex_atlas_virtual (0)
#define SLOT_particle_tex_atlas (1)
#define SLOT_particle_smp_nearest (0)
#pragma pack(push,1)
SOKOL_SHDC_ALIGN(16) typedef struct particle_vs_params_t {
    f32 yaw;
    f32 pitch;
    uint8_t _pad_8[8];
    v3 cam_right;
    uint8_t _pad_28[4];
    v3 cam_dir;
    uint8_t _pad_44[4];
    v3 cam_up;
    uint8_t _pad_60[4];
    v3 cam_pos;
    uint8_t _pad_76[4];
    m4 view;
    m4 proj;
    m4 view_no_pitch;
    int tick;
    f32 time_s;
    uint8_t _pad_280[8];
} particle_vs_params_t;
#pragma pack(pop)
#pragma pack(push,1)
SOKOL_SHDC_ALIGN(16) typedef struct particle_fs_params_t {
    int tick;
    f32 time_s;
    uint8_t _pad_8[8];
    v3 cam_right;
    uint8_t _pad_28[4];
    v3 cam_dir;
    uint8_t _pad_44[4];
    v3 cam_up;
    uint8_t _pad_60[4];
    m4 view;
} particle_fs_params_t;
#pragma pack(pop)
#pragma pack(push,1)
SOKOL_SHDC_ALIGN(8) typedef struct particle_tex_atlas_entry_info_t_t {
    v2 uv_min;
    v2 uv_max;
    int32_t layer;
    int32_t anim_ticks_per_frame;
    int32_t anim_width;
    uint8_t _pad_28[4];
} particle_tex_atlas_entry_info_t_t;
#pragma pack(pop)
#if defined(SOKOL_SHDC_IMPL)
/*
    #pragma clang diagnostic ignored "-Wmissing-prototypes"

    #include <metal_stdlib>
    #include <simd/simd.h>

    using namespace metal;

    struct vs_params
    {
        float yaw;
        float pitch;
        float3 cam_right;
        float3 cam_dir;
        float3 cam_up;
        float3 cam_pos;
        float4x4 view;
        float4x4 proj;
        float4x4 view_no_pitch;
        int tick;
        float time_s;
    };

    struct main0_out
    {
        float3 pos_l [[user(locn0)]];
        float2 pos_s [[user(locn1)]];
        float3 pos_w [[user(locn2)]];
        float3 pos_v [[user(locn3)]];
        float2 uv [[user(locn4)]];
        float2 size [[user(locn5)]];
        float3 vel [[user(locn6)]];
        float3 dir [[user(locn7)]];
        int id [[user(locn8)]];
        int type [[user(locn9)]];
        int tex_id [[user(locn10)]];
        int flags [[user(locn11)]];
        int start [[user(locn12)]];
        float4 color [[user(locn13)]];
        float4 hsva [[user(locn14)]];
        float4 gl_Position [[position]];
    };

    struct main0_in
    {
        float3 a_pos [[attribute(0)]];
        float2 a_uv [[attribute(1)]];
        float3 i_pos [[attribute(2)]];
        float2 i_size [[attribute(3)]];
        float3 i_vel [[attribute(4)]];
        float3 i_dir [[attribute(5)]];
        float i_id [[attribute(6)]];
        float i_type [[attribute(7)]];
        float i_tex_id [[attribute(8)]];
        float i_flags [[attribute(9)]];
        float i_start [[attribute(10)]];
        float i_color [[attribute(11)]];
        float i_hsva [[attribute(12)]];
    };

    static inline __attribute__((always_inline))
    float4 u8x4_to_vec4(thread const int& u)
    {
        return float4(float((u >> 0) & 255) * 0.0039215688593685626983642578125, float((u >> 8) & 255) * 0.0039215688593685626983642578125, float((u >> 16) & 255) * 0.0039215688593685626983642578125, float((u >> 24) & 255) * 0.0039215688593685626983642578125);
    }

    static inline __attribute__((always_inline))
    float4 float_to_vec4(thread const float& f)
    {
        int param = as_type<int>(f);
        return u8x4_to_vec4(param);
    }

    static inline __attribute__((always_inline))
    float4x4 mat4_identity()
    {
        return float4x4(float4(1.0, 0.0, 0.0, 0.0), float4(0.0, 1.0, 0.0, 0.0), float4(0.0, 0.0, 1.0, 0.0), float4(0.0, 0.0, 0.0, 1.0));
    }

    static inline __attribute__((always_inline))
    float4x4 mat4_translate_make(thread const float3& d)
    {
        return float4x4(float4(1.0, 0.0, 0.0, 0.0), float4(0.0, 1.0, 0.0, 0.0), float4(0.0, 0.0, 1.0, 0.0), float4(d.x, d.y, d.z, 1.0));
    }

    static inline __attribute__((always_inline))
    float4x4 mat4_rotate_make(thread const float& a, thread const float3& axis)
    {
        float _102 = cos(a);
        float3 _105 = fast::normalize(axis);
        float3 _110 = _105 * (1.0 - _102);
        float3 _115 = _105 * sin(a);
        float3 _121 = _105 * _110.x;
        float3 _132 = _105 * _110.y;
        float3 _143 = _105 * _110.z;
        float _156 = _115.z;
        float _162 = _115.y;
        float _179 = _115.x;
        return float4x4(float4(_121.x + _102, _121.y + _156, _121.z - _162, 0.0), float4(_132.x - _156, _132.y + _102, _132.z + _179, 0.0), float4(_143.x + _162, _143.y - _179, _143.z + _102, 0.0), float4(0.0, 0.0, 0.0, 1.0));
    }

    static inline __attribute__((always_inline))
    float4x4 mat4_rotate_make_from_to(thread float3& v, thread float3& w)
    {
        v = fast::normalize(v);
        w = fast::normalize(w);
        float _220 = dot(v, w);
        float3 axis = fast::normalize(cross(v, w));
        float angle = acos(_220);
        if (_220 > 0.99989998340606689453125)
        {
            return mat4_identity();
        }
        else
        {
            if (_220 < (-0.99989998340606689453125))
            {
                float3 _245 = cross(v, float3(0.0, 1.0, 0.0));
                axis = _245;
                if (dot(_245, _245) < 9.9999997473787516355514526367188e-05)
                {
                    axis = cross(v, float3(1.0, 0.0, 0.0));
                }
                angle = 3.1415927410125732421875;
            }
        }
        float param = angle;
        float3 param_1 = axis;
        return mat4_rotate_make(param, param_1);
    }

    vertex main0_out main0(main0_in in [[stage_in]], constant vs_params& _383 [[buffer(0)]])
    {
        main0_out out = {};
        out.id = as_type<int>(in.i_id);
        out.type = as_type<int>(in.i_type);
        out.tex_id = as_type<int>(in.i_tex_id);
        out.flags = as_type<int>(in.i_flags);
        out.start = as_type<int>(in.i_start);
        float param = in.i_color;
        out.color = float_to_vec4(param);
        float param_1 = in.i_hsva;
        out.hsva = float_to_vec4(param_1);
        out.vel = in.i_vel;
        out.dir = in.i_dir;
        out.pos_l = in.a_pos;
        out.size = in.i_size;
        bool face = false;
        bool no_transform = false;
        if (out.type == 10)
        {
            out.size = float2(0.25);
            out.size *= float2(0.100000001490116119384765625, fast::clamp(length(in.i_vel) * 0.25, 0.03125, 2.0));
        }
        else
        {
            if (out.type == 2)
            {
                out.size = float2(1.0, fast::min(fast::clamp(length(in.i_vel) * 0.25, 0.03125, 2.0) * 4.0, 1.60000002384185791015625)) * 0.800000011920928955078125;
                face = false;
                no_transform = true;
            }
            else
            {
                if (out.type == 9)
                {
                    out.size = float2(0.25);
                    face = true;
                }
            }
        }
        float2 _365 = in.a_pos.xz - float2(0.5);
        out.pos_s = _365 * out.size;
        float3 pos_t;
        if (no_transform)
        {
            pos_t = float3(out.pos_s.x, 0.0, out.pos_s.y);
        }
        if (face)
        {
            pos_t = ((_383.cam_right * (in.a_pos.x - 0.5)) * out.size.x) + ((_383.cam_up * (in.a_pos.z - 0.5)) * out.size.y);
        }
        else
        {
            out.pos_s = _365 * out.size;
            float _416 = in.a_pos.x - 0.5;
            float _421 = _383.yaw - 1.57079637050628662109375;
            pos_t = float3(out.size.x * (_416 * cos(_421)), out.size.x * (_416 * sin(_421)), out.size.y * (in.a_pos.z - 0.5));
        }
        float4x4 model = mat4_identity();
        float3 param_2 = in.i_pos;
        model = model * mat4_translate_make(param_2);
        if (out.type == 10)
        {
            float3 param_3 = float3(0.0, 0.0, 1.0);
            float3 param_4 = fast::normalize(in.i_vel);
            float4x4 _460 = mat4_rotate_make_from_to(param_3, param_4);
            model = model * _460;
        }
        else
        {
            if (out.type == 2)
            {
                float3 param_5 = float3(0.0, 0.0, 1.0);
                float3 param_6 = fast::normalize(in.i_vel);
                float4x4 _478 = mat4_rotate_make_from_to(param_5, param_6);
                model = model * _478;
                float3 param_7 = float3(0.0, -1.0, 0.0);
                float3 param_8 = -_383.view_no_pitch[2].xyz;
                float4x4 _486 = mat4_rotate_make_from_to(param_7, param_8);
                model = model * _486;
                float3 param_9 = float3(0.0, 0.0, out.size.y * 0.5);
                model = model * mat4_translate_make(param_9);
            }
        }
        out.pos_w = (model * float4(pos_t, 1.0)).xyz;
        out.pos_v = (_383.view * float4(out.pos_w, 1.0)).xyz;
        out.gl_Position = _383.proj * float4(out.pos_v, 1.0);
        out.uv = in.a_uv;
        return out;
    }

*/
static const uint8_t particle_vs_source_metal_macos[6883] = {
    0x23,0x70,0x72,0x61,0x67,0x6d,0x61,0x20,0x63,0x6c,0x61,0x6e,0x67,0x20,0x64,0x69,
    0x61,0x67,0x6e,0x6f,0x73,0x74,0x69,0x63,0x20,0x69,0x67,0x6e,0x6f,0x72,0x65,0x64,
    0x20,0x22,0x2d,0x57,0x6d,0x69,0x73,0x73,0x69,0x6e,0x67,0x2d,0x70,0x72,0x6f,0x74,
    0x6f,0x74,0x79,0x70,0x65,0x73,0x22,0x0a,0x0a,0x23,0x69,0x6e,0x63,0x6c,0x75,0x64,
    0x65,0x20,0x3c,0x6d,0x65,0x74,0x61,0x6c,0x5f,0x73,0x74,0x64,0x6c,0x69,0x62,0x3e,
    0x0a,0x23,0x69,0x6e,0x63,0x6c,0x75,0x64,0x65,0x20,0x3c,0x73,0x69,0x6d,0x64,0x2f,
    0x73,0x69,0x6d,0x64,0x2e,0x68,0x3e,0x0a,0x0a,0x75,0x73,0x69,0x6e,0x67,0x20,0x6e,
    0x61,0x6d,0x65,0x73,0x70,0x61,0x63,0x65,0x20,0x6d,0x65,0x74,0x61,0x6c,0x3b,0x0a,
    0x0a,0x73,0x74,0x72,0x75,0x63,0x74,0x20,0x76,0x73,0x5f,0x70,0x61,0x72,0x61,0x6d,
    0x73,0x0a,0x7b,0x0a,0x20,0x20,0x20,0x20,0x66,0x6c,0x6f,0x61,0x74,0x20,0x79,0x61,
    0x77,0x3b,0x0a,0x20,0x20,0x20,0x20,0x66,0x6c,0x6f,0x61,0x74,0x20,0x70,0x69,0x74,
    0x63,0x68,0x3b,0x0a,0x20,0x20,0x20,0x20,0x66,0x6c,0x6f,0x61,0x74,0x33,0x20,0x63,
    0x61,0x6d,0x5f,0x72,0x69,0x67,0x68,0x74,0x3b,0x0a,0x20,0x20,0x20,0x20,0x66,0x6c,
    0x6f,0x61,0x74,0x33,0x20,0x63,0x61,0x6d,0x5f,0x64,0x69,0x72,0x3b,0x0a,0x20,0x20,
    0x20,0x20,0x66,0x6c,0x6f,0x61,0x74,0x33,0x20,0x63,0x61,0x6d,0x5f,0x75,0x70,0x3b,
    0x0a,0x20,0x20,0x20,0x20,0x66,0x6c,0x6f,0x61,0x74,0x33,0x20,0x63,0x61,0x6d,0x5f,
    0x70,0x6f,0x73,0x3b,0x0a,0x20,0x20,0x20,0x20,0x66,0x6c,0x6f,0x61,0x74,0x34,0x78,
    0x34,0x20,0x76,0x69,0x65,0x77,0x3b,0x0a,0x20,0x20,0x20,0x20,0x66,0x6c,0x6f,0x61,
    0x74,0x34,0x78,0x34,0x20,0x70,0x72,0x6f,0x6a,0x3b,0x0a,0x20,0x20,0x20,0x20,0x66,
    0x6c,0x6f,0x61,0x74,0x34,0x78,0x34,0x20,0x76,0x69,0x65,0x77,0x5f,0x6e,0x6f,0x5f,
    0x70,0x69,0x74,0x63,0x68,0x3b,0x0a,0x20,0x20,0x20,0x20,0x69,0x6e,0x74,0x20,0x74,
    0x69,0x63,0x6b,0x3b,0x0a,0x20,0x20,0x20,0x20,0x66,0x6c,0x6f,0x61,0x74,0x20,0x74,
    0x69,0x6d,0x65,0x5f,0x73,0x3b,0x0a,0x7d,0x3b,0x0a,0x0a,0x73,0x74,0x72,0x75,0x63,
    0x74,0x20,0x6d,0x61,0x69,0x6e,0x30,0x5f,0x6f,0x75,0x74,0x0a,0x7b,0x0a,0x20,0x20,
    0x20,0x20,0x66,0x6c,0x6f,0x61,0x74,0x33,0x20,0x70,0x6f,0x73,0x5f,0x6c,0x20,0x5b,
    0x5b,0x75,0x73,0x65,0x72,0x28,0x6c,0x6f,0x63,0x6e,0x30,0x29,0x5d,0x5d,0x3b,0x0a,
    0x20,0x20,0x20,0x20,0x66,0x6c,0x6f,0x61,0x74,0x32,0x20,0x70,0x6f,0x73,0x5f,0x73,
    0x20,0x5b,0x5b,0x75,0x73,0x65,0x72,0x28,0x6c,0x6f,0x63,0x6e,0x31,0x29,0x5d,0x5d,
    0x3b,0x0a,0x20,0x20,0x20,0x20,0x66,0x6c,0x6f,0x61,0x74,0x33,0x20,0x70,0x6f,0x73,
    0x5f,0x77,0x20,0x5b,0x5b,0x75,0x73,0x65,0x72,0x28,0x6c,0x6f,0x63,0x6e,0x32,0x29,
    0x5d,0x5d,0x3b,0x0a,0x20,0x20,0x20,0x20,0x66,0x6c,0x6f,0x61,0x74,0x33,0x20,0x70,
    0x6f,0x73,0x5f,0x76,0x20,0x5b,0x5b,0x75,0x73,0x65,0x72,0x28,0x6c,0x6f,0x63,0x6e,
    0x33,0x29,0x5d,0x5d,0x3b,0x0a,0x20,0x20,0x20,0x20,0x66,0x6c,0x6f,0x61,0x74,0x32,
    0x20,0x75,0x76,0x20,0x5b,0x5b,0x75,0x73,0x65,0x72,0x28,0x6c,0x6f,0x63,0x6e,0x34,
    0x29,0x5d,0x5d,0x3b,0x0a,0x20,0x20,0x20,0x20,0x66,0x6c,0x6f,0x61,0x74,0x32,0x20,
    0x73,0x69,0x7a,0x65,0x20,0x5b,0x5b,0x75,0x73,0x65,0x72,0x28,0x6c,0x6f,0x63,0x6e,
    0x35,0x29,0x5d,0x5d,0x3b,0x0a,0x20,0x20,0x20,0x20,0x66,0x6c,0x6f,0x61,0x74,0x33,
    0x20,0x76,0x65,0x6c,0x20,0x5b,0x5b,0x75,0x73,0x65,0x72,0x28,0x6c,0x6f,0x63,0x6e,
    0x36,0x29,0x5d,0x5d,0x3b,0x0a,0x20,0x20,0x20,0x20,0x66,0x6c,0x6f,0x61,0x74,0x33,
    0x20,0x64,0x69,0x72,0x20,0x5b,0x5b,0x75,0x73,0x65,0x72,0x28,0x6c,0x6f,0x63,0x6e,
    0x37,0x29,0x5d,0x5d,0x3b,0x0a,0x20,0x20,0x20,0x20,0x69,0x6e,0x74,0x20,0x69,0x64,
    0x20,0x5b,0x5b,0x75,0x73,0x65,0x72,0x28,0x6c,0x6f,0x63,0x6e,0x38,0x29,0x5d,0x5d,
    0x3b,0x0a,0x20,0x20,0x20,0x20,0x69,0x6e,0x74,0x20,0x74,0x79,0x70,0x65,0x20,0x5b,
    0x5b,0x75,0x73,0x65,0x72,0x28,0x6c,0x6f,0x63,0x6e,0x39,0x29,0x5d,0x5d,0x3b,0x0a,
    0x20,0x20,0x20,0x20,0x69,0x6e,0x74,0x20,0x74,0x65,0x78,0x5f,0x69,0x64,0x20,0x5b,
    0x5b,0x75,0x73,0x65,0x72,0x28,0x6c,0x6f,0x63,0x6e,0x31,0x30,0x29,0x5d,0x5d,0x3b,
    0x0a,0x20,0x20,0x20,0x20,0x69,0x6e,0x74,0x20,0x66,0x6c,0x61,0x67,0x73,0x20,0x5b,
    0x5b,0x75,0x73,0x65,0x72,0x28,0x6c,0x6f,0x63,0x6e,0x31,0x31,0x29,0x5d,0x5d,0x3b,
    0x0a,0x20,0x20,0x20,0x20,0x69,0x6e,0x74,0x20,0x73,0x74,0x61,0x72,0x74,0x20,0x5b,
    0x5b,0x75,0x73,0x65,0x72,0x28,0x6c,0x6f,0x63,0x6e,0x31,0x32,0x29,0x5d,0x5d,0x3b,
    0x0a,0x20,0x20,0x20,0x20,0x66,0x6c,0x6f,0x61,0x74,0x34,0x20,0x63,0x6f,0x6c,0x6f,
    0x72,0x20,0x5b,0x5b,0x75,0x73,0x65,0x72,0x28,0x6c,0x6f,0x63,0x6e,0x31,0x33,0x29,
    0x5d,0x5d,0x3b,0x0a,0x20,0x20,0x20,0x20,0x66,0x6c,0x6f,0x61,0x74,0x34,0x20,0x68,
    0x73,0x76,0x61,0x20,0x5b,0x5b,0x75,0x73,0x65,0x72,0x28,0x6c,0x6f,0x63,0x6e,0x31,
    0x34,0x29,0x5d,0x5d,0x3b,0x0a,0x20,0x20,0x20,0x20,0x66,0x6c,0x6f,0x61,0x74,0x34,
    0x20,0x67,0x6c,0x5f,0x50,0x6f,0x73,0x69,0x74,0x69,0x6f,0x6e,0x20,0x5b,0x5b,0x70,
    0x6f,0x73,0x69,0x74,0x69,0x6f,0x6e,0x5d,0x5d,0x3b,0x0a,0x7d,0x3b,0x0a,0x0a,0x73,
    0x74,0x72,0x75,0x63,0x74,0x20,0x6d,0x61,0x69,0x6e,0x30,0x5f,0x69,0x6e,0x0a,0x7b,
    0x0a,0x20,0x20,0x20,0x20,0x66,0x6c,0x6f,0x61,0x74,0x33,0x20,0x61,0x5f,0x70,0x6f,
    0x73,0x20,0x5b,0x5b,0x61,0x74,0x74,0x72,0x69,0x62,0x75,0x74,0x65,0x28,0x30,0x29,
    0x5d,0x5d,0x3b,0x0a,0x20,0x20,0x20,0x20,0x66,0x6c,0x6f,0x61,0x74,0x32,0x20,0x61,
    0x5f,0x75,0x76,0x20,0x5b,0x5b,0x61,0x74,0x74,0x72,0x69,0x62,0x75,0x74,0x65,0x28,
    0x31,0x29,0x5d,0x5d,0x3b,0x0a,0x20,0x20,0x20,0x20,0x66,0x6c,0x6f,0x61,0x74,0x33,
    0x20,0x69,0x5f,0x70,0x6f,0x73,0x20,0x5b,0x5b,0x61,0x74,0x74,0x72,0x69,0x62,0x75,
    0x74,0x65,0x28,0x32,0x29,0x5d,0x5d,0x3b,0x0a,0x20,0x20,0x20,0x20,0x66,0x6c,0x6f,
    0x61,0x74,0x32,0x20,0x69,0x5f,0x73,0x69,0x7a,0x65,0x20,0x5b,0x5b,0x61,0x74,0x74,
    0x72,0x69,0x62,0x75,0x74,0x65,0x28,0x33,0x29,0x5d,0x5d,0x3b,0x0a,0x20,0x20,0x20,
    0x20,0x66,0x6c,0x6f,0x61,0x74,0x33,0x20,0x69,0x5f,0x76,0x65,0x6c,0x20,0x5b,0x5b,
    0x61,0x74,0x74,0x72,0x69,0x62,0x75,0x74,0x65,0x28,0x34,0x29,0x5d,0x5d,0x3b,0x0a,
    0x20,0x20,0x20,0x20,0x66,0x6c,0x6f,0x61,0x74,0x33,0x20,0x69,0x5f,0x64,0x69,0x72,
    0x20,0x5b,0x5b,0x61,0x74,0x74,0x72,0x69,0x62,0x75,0x74,0x65,0x28,0x35,0x29,0x5d,
    0x5d,0x3b,0x0a,0x20,0x20,0x20,0x20,0x66,0x6c,0x6f,0x61,0x74,0x20,0x69,0x5f,0x69,
    0x64,0x20,0x5b,0x5b,0x61,0x74,0x74,0x72,0x69,0x62,0x75,0x74,0x65,0x28,0x36,0x29,
    0x5d,0x5d,0x3b,0x0a,0x20,0x20,0x20,0x20,0x66,0x6c,0x6f,0x61,0x74,0x20,0x69,0x5f,
    0x74,0x79,0x70,0x65,0x20,0x5b,0x5b,0x61,0x74,0x74,0x72,0x69,0x62,0x75,0x74,0x65,
    0x28,0x37,0x29,0x5d,0x5d,0x3b,0x0a,0x20,0x20,0x20,0x20,0x66,0x6c,0x6f,0x61,0x74,
    0x20,0x69,0x5f,0x74,0x65,0x78,0x5f,0x69,0x64,0x20,0x5b,0x5b,0x61,0x74,0x74,0x72,
    0x69,0x62,0x75,0x74,0x65,0x28,0x38,0x29,0x5d,0x5d,0x3b,0x0a,0x20,0x20,0x20,0x20,
    0x66,0x6c,0x6f,0x61,0x74,0x20,0x69,0x5f,0x66,0x6c,0x61,0x67,0x73,0x20,0x5b,0x5b,
    0x61,0x74,0x74,0x72,0x69,0x62,0x75,0x74,0x65,0x28,0x39,0x29,0x5d,0x5d,0x3b,0x0a,
    0x20,0x20,0x20,0x20,0x66,0x6c,0x6f,0x61,0x74,0x20,0x69,0x5f,0x73,0x74,0x61,0x72,
    0x74,0x20,0x5b,0x5b,0x61,0x74,0x74,0x72,0x69,0x62,0x75,0x74,0x65,0x28,0x31,0x30,
    0x29,0x5d,0x5d,0x3b,0x0a,0x20,0x20,0x20,0x20,0x66,0x6c,0x6f,0x61,0x74,0x20,0x69,
    0x5f,0x63,0x6f,0x6c,0x6f,0x72,0x20,0x5b,0x5b,0x61,0x74,0x74,0x72,0x69,0x62,0x75,
    0x74,0x65,0x28,0x31,0x31,0x29,0x5d,0x5d,0x3b,0x0a,0x20,0x20,0x20,0x20,0x66,0x6c,
    0x6f,0x61,0x74,0x20,0x69,0x5f,0x68,0x73,0x76,0x61,0x20,0x5b,0x5b,0x61,0x74,0x74,
    0x72,0x69,0x62,0x75,0x74,0x65,0x28,0x31,0x32,0x29,0x5d,0x5d,0x3b,0x0a,0x7d,0x3b,
    0x0a,0x0a,0x73,0x74,0x61,0x74,0x69,0x63,0x20,0x69,0x6e,0x6c,0x69,0x6e,0x65,0x20,
    0x5f,0x5f,0x61,0x74,0x74,0x72,0x69,0x62,0x75,0x74,0x65,0x5f,0x5f,0x28,0x28,0x61,
    0x6c,0x77,0x61,0x79,0x73,0x5f,0x69,0x6e,0x6c,0x69,0x6e,0x65,0x29,0x29,0x0a,0x66,
    0x6c,0x6f,0x61,0x74,0x34,0x20,0x75,0x38,0x78,0x34,0x5f,0x74,0x6f,0x5f,0x76,0x65,
    0x63,0x34,0x28,0x74,0x68,0x72,0x65,0x61,0x64,0x20,0x63,0x6f,0x6e,0x73,0x74,0x20,
    0x69,0x6e,0x74,0x26,0x20,0x75,0x29,0x0a,0x7b,0x0a,0x20,0x20,0x20,0x20,0x72,0x65,
    0x74,0x75,0x72,0x6e,0x20,0x66,0x6c,0x6f,0x61,0x74,0x34,0x28,0x66,0x6c,0x6f,0x61,
    0x74,0x28,0x28,0x75,0x20,0x3e,0x3e,0x20,0x30,0x29,0x20,0x26,0x20,0x32,0x35,0x35,
    0x29,0x20,0x2a,0x20,0x30,0x2e,0x30,0x30,0x33,0x39,0x32,0x31,0x35,0x36,0x38,0x38,
    0x35,0x39,0x33,0x36,0x38,0x35,0x36,0x32,0x36,0x39,0x38,0x33,0x36,0x34,0x32,0x35,
    0x37,0x38,0x31,0x32,0x35,0x2c,0x20,0x66,0x6c,0x6f,0x61,0x74,0x28,0x28,0x75,0x20,
    0x3e,0x3e,0x20,0x38,0x29,0x20,0x26,0x20,0x32,0x35,0x35,0x29,0x20,0x2a,0x20,0x30,
    0x2e,0x30,0x30,0x33,0x39,0x32,0x31,0x35,0x36,0x38,0x38,0x35,0x39,0x33,0x36,0x38,
    0x35,0x36,0x32,0x36,0x39,0x38,0x33,0x36,0x34,0x32,0x35,0x37,0x38,0x31,0x32,0x35,
    0x2c,0x20,0x66,0x6c,0x6f,0x61,0x74,0x28,0x28,0x75,0x20,0x3e,0x3e,0x20,0x31,0x36,
    0x29,0x20,0x26,0x20,0x32,0x35,0x35,0x29,0x20,0x2a,0x20,0x30,0x2e,0x30,0x30,0x33,
    0x39,0x32,0x31,0x35,0x36,0x38,0x38,0x35,0x39,0x33,0x36,0x38,0x35,0x36,0x32,0x36,
    0x39,0x38,0x33,0x36,0x34,0x32,0x35,0x37,0x38,0x31,0x32,0x35,0x2c,0x20,0x66,0x6c,
    0x6f,0x61,0x74,0x28,0x28,0x75,0x20,0x3e,0x3e,0x20,0x32,0x34,0x29,0x20,0x26,0x20,
    0x32,0x35,0x35,0x29,0x20,0x2a,0x20,0x30,0x2e,0x30,0x30,0x33,0x39,0x32,0x31,0x35,
    0x36,0x38,0x38,0x35,0x39,0x33,0x36,0x38,0x35,0x36,0x32,0x36,0x39,0x38,0x33,0x36,
    0x34,0x32,0x35,0x37,0x38,0x31,0x32,0x35,0x29,0x3b,0x0a,0x7d,0x0a,0x0a,0x73,0x74,
    0x61,0x74,0x69,0x63,0x20,0x69,0x6e,0x6c,0x69,0x6e,0x65,0x20,0x5f,0x5f,0x61,0x74,
    0x74,0x72,0x69,0x62,0x75,0x74,0x65,0x5f,0x5f,0x28,0x28,0x61,0x6c,0x77,0x61,0x79,
    0x73,0x5f,0x69,0x6e,0x6c,0x69,0x6e,0x65,0x29,0x29,0x0a,0x66,0x6c,0x6f,0x61,0x74,
    0x34,0x20,0x66,0x6c,0x6f,0x61,0x74,0x5f,0x74,0x6f,0x5f,0x76,0x65,0x63,0x34,0x28,
    0x74,0x68,0x72,0x65,0x61,0x64,0x20,0x63,0x6f,0x6e,0x73,0x74,0x20,0x66,0x6c,0x6f,
    0x61,0x74,0x26,0x20,0x66,0x29,0x0a,0x7b,0x0a,0x20,0x20,0x20,0x20,0x69,0x6e,0x74,
    0x20,0x70,0x61,0x72,0x61,0x6d,0x20,0x3d,0x20,0x61,0x73,0x5f,0x74,0x79,0x70,0x65,
    0x3c,0x69,0x6e,0x74,0x3e,0x28,0x66,0x29,0x3b,0x0a,0x20,0x20,0x20,0x20,0x72,0x65,
    0x74,0x75,0x72,0x6e,0x20,0x75,0x38,0x78,0x34,0x5f,0x74,0x6f,0x5f,0x76,0x65,0x63,
    0x34,0x28,0x70,0x61,0x72,0x61,0x6d,0x29,0x3b,0x0a,0x7d,0x0a,0x0a,0x73,0x74,0x61,
    0x74,0x69,0x63,0x20,0x69,0x6e,0x6c,0x69,0x6e,0x65,0x20,0x5f,0x5f,0x61,0x74,0x74,
    0x72,0x69,0x62,0x75,0x74,0x65,0x5f,0x5f,0x28,0x28,0x61,0x6c,0x77,0x61,0x79,0x73,
    0x5f,0x69,0x6e,0x6c,0x69,0x6e,0x65,0x29,0x29,0x0a,0x66,0x6c,0x6f,0x61,0x74,0x34,
    0x78,0x34,0x20,0x6d,0x61,0x74,0x34,0x5f,0x69,0x64,0x65,0x6e,0x74,0x69,0x74,0x79,
    0x28,0x29,0x0a,0x7b,0x0a,0x20,0x20,0x20,0x20,0x72,0x65,0x74,0x75,0x72,0x6e,0x20,
    0x66,0x6c,0x6f,0x61,0x74,0x34,0x78,0x34,0x28,0x66,0x6c,0x6f,0x61,0x74,0x34,0x28,
    0x31,0x2e,0x30,0x2c,0x20,0x30,0x2e,0x30,0x2c,0x20,0x30,0x2e,0x30,0x2c,0x20,0x30,
    0x2e,0x30,0x29,0x2c,0x20,0x66,0x6c,0x6f,0x61,0x74,0x34,0x28,0x30,0x2e,0x30,0x2c,
    0x20,0x31,0x2e,0x30,0x2c,0x20,0x30,0x2e,0x30,0x2c,0x20,0x30,0x2e,0x30,0x29,0x2c,
    0x20,0x66,0x6c,0x6f,0x61,0x74,0x34,0x28,0x30,0x2e,0x30,0x2c,0x20,0x30,0x2e,0x30,
    0x2c,0x20,0x31,0x2e,0x30,0x2c,0x20,0x30,0x2e,0x30,0x29,0x2c,0x20,0x66,0x6c,0x6f,
    0x61,0x74,0x34,0x28,0x30,0x2e,0x30,0x2c,0x20,0x30,0x2e,0x30,0x2c,0x20,0x30,0x2e,
    0x30,0x2c,0x20,0x31,0x2e,0x30,0x29,0x29,0x3b,0x0a,0x7d,0x0a,0x0a,0x73,0x74,0x61,
    0x74,0x69,0x63,0x20,0x69,0x6e,0x6c,0x69,0x6e,0x65,0x20,0x5f,0x5f,0x61,0x74,0x74,
    0x72,0x69,0x62,0x75,0x74,0x65,0x5f,0x5f,0x28,0x28,0x61,0x6c,0x77,0x61,0x79,0x73,
    0x5f,0x69,0x6e,0x6c,0x69,0x6e,0x65,0x29,0x29,0x0a,0x66,0x6c,0x6f,0x61,0x74,0x34,
    0x78,0x34,0x20,0x6d,0x61,0x74,0x34,0x5f,0x74,0x72,0x61,0x6e,0x73,0x6c,0x61,0x74,
    0x65,0x5f,0x6d,0x61,0x6b,0x65,0x28,0x74,0x68,0x72,0x65,0x61,0x64,0x20,0x63,0x6f,
    0x6e,0x73,0x74,0x20,0x66,0x6c,0x6f,0x61,0x74,0x33,0x26,0x20,0x64,0x29,0x0a,0x7b,
    0x0a,0x20,0x20,0x20,0x20,0x72,0x65,0x74,0x75,0x72,0x6e,0x20,0x66,0x6c,0x6f,0x61,
    0x74,0x34,0x78,0x34,0x28,0x66,0x6c,0x6f,0x61,0x74,0x34,0x28,0x31,0x2e,0x30,0x2c,
    0x20,0x30,0x2e,0x30,0x2c,0x20,0x30,0x2e,0x30,0x2c,0x20,0x30,0x2e,0x30,0x29,0x2c,
    0x20,0x66,0x6c,0x6f,0x61,0x74,0x34,0x28,0x30,0x2e,0x30,0x2c,0x20,0x31,0x2e,0x30,
    0x2c,0x20,0x30,0x2e,0x30,0x2c,0x20,0x30,0x2e,0x30,0x29,0x2c,0x20,0x66,0x6c,0x6f,
    0x61,0x74,0x34,0x28,0x30,0x2e,0x30,0x2c,0x20,0x30,0x2e,0x30,0x2c,0x20,0x31,0x2e,
    0x30,0x2c,0x20,0x30,0x2e,0x30,0x29,0x2c,0x20,0x66,0x6c,0x6f,0x61,0x74,0x34,0x28,
    0x64,0x2e,0x78,0x2c,0x20,0x64,0x2e,0x79,0x2c,0x20,0x64,0x2e,0x7a,0x2c,0x20,0x31,
    0x2e,0x30,0x29,0x29,0x3b,0x0a,0x7d,0x0a,0x0a,0x73,0x74,0x61,0x74,0x69,0x63,0x20,
    0x69,0x6e,0x6c,0x69,0x6e,0x65,0x20,0x5f,0x5f,0x61,0x74,0x74,0x72,0x69,0x62,0x75,
    0x74,0x65,0x5f,0x5f,0x28,0x28,0x61,0x6c,0x77,0x61,0x79,0x73,0x5f,0x69,0x6e,0x6c,
    0x69,0x6e,0x65,0x29,0x29,0x0a,0x66,0x6c,0x6f,0x61,0x74,0x34,0x78,0x34,0x20,0x6d,
    0x61,0x74,0x34,0x5f,0x72,0x6f,0x74,0x61,0x74,0x65,0x5f,0x6d,0x61,0x6b,0x65,0x28,
    0x74,0x68,0x72,0x65,0x61,0x64,0x20,0x63,0x6f,0x6e,0x73,0x74,0x20,0x66,0x6c,0x6f,
    0x61,0x74,0x26,0x20,0x61,0x2c,0x20,0x74,0x68,0x72,0x65,0x61,0x64,0x20,0x63,0x6f,
    0x6e,0x73,0x74,0x20,0x66,0x6c,0x6f,0x61,0x74,0x33,0x26,0x20,0x61,0x78,0x69,0x73,
    0x29,0x0a,0x7b,0x0a,0x20,0x20,0x20,0x20,0x66,0x6c,0x6f,0x61,0x74,0x20,0x5f,0x31,
    0x30,0x32,0x20,0x3d,0x20,0x63,0x6f,0x73,0x28,0x61,0x29,0x3b,0x0a,0x20,0x20,0x20,
    0x20,0x66,0x6c,0x6f,0x61,0x74,0x33,0x20,0x5f,0x31,0x30,0x35,0x20,0x3d,0x20,0x66,
    0x61,0x73,0x74,0x3a,0x3a,0x6e,0x6f,0x72,0x6d,0x61,0x6c,0x69,0x7a,0x65,0x28,0x61,
    0x78,0x69,0x73,0x29,0x3b,0x0a,0x20,0x20,0x20,0x20,0x66,0x6c,0x6f,0x61,0x74,0x33,
    0x20,0x5f,0x31,0x31,0x30,0x20,0x3d,0x20,0x5f,0x31,0x30,0x35,0x20,0x2a,0x20,0x28,
    0x31,0x2e,0x30,0x20,0x2d,0x20,0x5f,0x31,0x30,0x32,0x29,0x3b,0x0a,0x20,0x20,0x20,
    0x20,0x66,0x6c,0x6f,0x61,0x74,0x33,0x20,0x5f,0x31,0x31,0x35,0x20,0x3d,0x20,0x5f,
    0x31,0x30,0x35,0x20,0x2a,0x20,0x73,0x69,0x6e,0x28,0x61,0x29,0x3b,0x0a,0x20,0x20,
    0x20,0x20,0x66,0x6c,0x6f,0x61,0x74,0x33,0x20,0x5f,0x31,0x32,0x31,0x20,0x3d,0x20,
    0x5f,0x31,0x30,0x35,0x20,0x2a,0x20,0x5f,0x31,0x31,0x30,0x2e,0x78,0x3b,0x0a,0x20,
    0x20,0x20,0x20,0x66,0x6c,0x6f,0x61,0x74,0x33,0x20,0x5f,0x31,0x33,0x32,0x20,0x3d,
    0x20,0x5f,0x31,0x30,0x35,0x20,0x2a,0x20,0x5f,0x31,0x31,0x30,0x2e,0x79,0x3b,0x0a,
    0x20,0x20,0x20,0x20,0x66,0x6c,0x6f,0x61,0x74,0x33,0x20,0x5f,0x31,0x34,0x33,0x20,
    0x3d,0x20,0x5f,0x31,0x30,0x35,0x20,0x2a,0x20,0x5f,0x31,0x31,0x30,0x2e,0x7a,0x3b,
    0x0a,0x20,0x20,0x20,0x20,0x66,0x6c,0x6f,0x61,0x74,0x20,0x5f,0x31,0x35,0x36,0x20,
    0x3d,0x20,0x5f,0x31,0x31,0x35,0x2e,0x7a,0x3b,0x0a,0x20,0x20,0x20,0x20,0x66,0x6c,
    0x6f,0x61,0x74,0x20,0x5f,0x31,0x36,0x32,0x20,0x3d,0x20,0x5f,0x31,0x31,0x35,0x2e,
    0x79,0x3b,0x0a,0x20,0x20,0x20,0x20,0x66,0x6c,0x6f,0x61,0x74,0x20,0x5f,0x31,0x37,
    0x39,0x20,0x3d,0x20,0x5f,0x31,0x31,0x35,0x2e,0x78,0x3b,0x0a,0x20,0x20,0x20,0x20,
    0x72,0x65,0x74,0x75,0x72,0x6e,0x20,0x66,0x6c,0x6f,0x61,0x74,0x34,0x78,0x34,0x28,
    0x66,0x6c,0x6f,0x61,0x74,0x34,0x28,0x5f,0x31,0x32,0x31,0x2e,0x78,0x20,0x2b,0x20,
    0x5f,0x31,0x30,0x32,0x2c,0x20,0x5f,0x31,0x32,0x31,0x2e,0x79,0x20,0x2b,0x20,0x5f,
    0x31,0x35,0x36,0x2c,0x20,0x5f,0x31,0x32,0x31,0x2e,0x7a,0x20,0x2d,0x20,0x5f,0x31,
    0x36,0x32,0x2c,0x20,0x30,0x2e,0x30,0x29,0x2c,0x20,0x66,0x6c,0x6f,0x61,0x74,0x34,
    0x28,0x5f,0x31,0x33,0x32,0x2e,0x78,0x20,0x2d,0x20,0x5f,0x31,0x35,0x36,0x2c,0x20,
    0x5f,0x31,0x33,0x32,0x2e,0x79,0x20,0x2b,0x20,0x5f,0x31,0x30,0x32,0x2c,0x20,0x5f,
    0x31,0x33,0x32,0x2e,0x7a,0x20,0x2b,0x20,0x5f,0x31,0x37,0x39,0x2c,0x20,0x30,0x2e,
    0x30,0x29,0x2c,0x20,0x66,0x6c,0x6f,0x61,0x74,0x34,0x28,0x5f,0x31,0x34,0x33,0x2e,
    0x78,0x20,0x2b,0x20,0x5f,0x31,0x36,0x32,0x2c,0x20,0x5f,0x31,0x34,0x33,0x2e,0x79,
    0x20,0x2d,0x20,0x5f,0x31,0x37,0x39,0x2c,0x20,0x5f,0x31,0x34,0x33,0x2e,0x7a,0x20,
    0x2b,0x20,0x5f,0x31,0x30,0x32,0x2c,0x20,0x30,0x2e,0x30,0x29,0x2c,0x20,0x66,0x6c,
    0x6f,0x61,0x74,0x34,0x28,0x30,0x2e,0x30,0x2c,0x20,0x30,0x2e,0x30,0x2c,0x20,0x30,
    0x2e,0x30,0x2c,0x20,0x31,0x2e,0x30,0x29,0x29,0x3b,0x0a,0x7d,0x0a,0x0a,0x73,0x74,
    0x61,0x74,0x69,0x63,0x20,0x69,0x6e,0x6c,0x69,0x6e,0x65,0x20,0x5f,0x5f,0x61,0x74,
    0x74,0x72,0x69,0x62,0x75,0x74,0x65,0x5f,0x5f,0x28,0x28,0x61,0x6c,0x77,0x61,0x79,
    0x73,0x5f,0x69,0x6e,0x6c,0x69,0x6e,0x65,0x29,0x29,0x0a,0x66,0x6c,0x6f,0x61,0x74,
    0x34,0x78,0x34,0x20,0x6d,0x61,0x74,0x34,0x5f,0x72,0x6f,0x74,0x61,0x74,0x65,0x5f,
    0x6d,0x61,0x6b,0x65,0x5f,0x66,0x72,0x6f,0x6d,0x5f,0x74,0x6f,0x28,0x74,0x68,0x72,
    0x65,0x61,0x64,0x20,0x66,0x6c,0x6f,0x61,0x74,0x33,0x26,0x20,0x76,0x2c,0x20,0x74,
    0x68,0x72,0x65,0x61,0x64,0x20,0x66,0x6c,0x6f,0x61,0x74,0x33,0x26,0x20,0x77,0x29,
    0x0a,0x7b,0x0a,0x20,0x20,0x20,0x20,0x76,0x20,0x3d,0x20,0x66,0x61,0x73,0x74,0x3a,
    0x3a,0x6e,0x6f,0x72,0x6d,0x61,0x6c,0x69,0x7a,0x65,0x28,0x76,0x29,0x3b,0x0a,0x20,
    0x20,0x20,0x20,0x77,0x20,0x3d,0x20,0x66,0x61,0x73,0x74,0x3a,0x3a,0x6e,0x6f,0x72,
    0x6d,0x61,0x6c,0x69,0x7a,0x65,0x28,0x77,0x29,0x3b,0x0a,0x20,0x20,0x20,0x20,0x66,
    0x6c,0x6f,0x61,0x74,0x20,0x5f,0x32,0x32,0x30,0x20,0x3d,0x20,0x64,0x6f,0x74,0x28,
    0x76,0x2c,0x20,0x77,0x29,0x3b,0x0a,0x20,0x20,0x20,0x20,0x66,0x6c,0x6f,0x61,0x74,
    0x33,0x20,0x61,0x78,0x69,0x73,0x20,0x3d,0x20,0x66,0x61,0x73,0x74,0x3a,0x3a,0x6e,
    0x6f,0x72,0x6d,0x61,0x6c,0x69,0x7a,0x65,0x28,0x63,0x72,0x6f,0x73,0x73,0x28,0x76,
    0x2c,0x20,0x77,0x29,0x29,0x3b,0x0a,0x20,0x20,0x20,0x20,0x66,0x6c,0x6f,0x61,0x74,
    0x20,0x61,0x6e,0x67,0x6c,0x65,0x20,0x3d,0x20,0x61,0x63,0x6f,0x73,0x28,0x5f,0x32,
    0x32,0x30,0x29,0x3b,0x0a,0x20,0x20,0x20,0x20,0x69,0x66,0x20,0x28,0x5f,0x32,0x32,
    0x30,0x20,0x3e,0x20,0x30,0x2e,0x39,0x39,0x39,0x38,0x39,0x39,0x39,0x38,0x33,0x34,
    0x30,0x36,0x30,0x36,0x36,0x38,0x39,0x34,0x35,0x33,0x31,0x32,0x35,0x29,0x0a,0x20,
    0x20,0x20,0x20,0x7b,0x0a,0x20,0x20,0x20,0x20,0x20,0x20,0x20,0x20,0x72,0x65,0x74,
    0x75,0x72,0x6e,0x20,0x6d,0x61,0x74,0x34,0x5f,0x69,0x64,0x65,0x6e,0x74,0x69,0x74,
    0x79,0x28,0x29,0x3b,0x0a,0x20,0x20,0x20,0x20,0x7d,0x0a,0x20,0x20,0x20,0x20,0x65,
    0x6c,0x73,0x65,0x0a,0x20,0x20,0x20,0x20,0x7b,0x0a,0x20,0x20,0x20,0x20,0x20,0x20,
    0x20,0x20,0x69,0x66,0x20,0x28,0x5f,0x32,0x32,0x30,0x20,0x3c,0x20,0x28,0x2d,0x30,
    0x2e,0x39,0x39,0x39,0x38,0x39,0x39,0x39,0x38,0x33,0x34,0x30,0x36,0x30,0x36,0x36,
    0x38,0x39,0x34,0x35,0x33,0x31,0x32,0x35,0x29,0x29,0x0a,0x20,0x20,0x20,0x20,0x20,
    0x20,0x20,0x20,0x7b,0x0a,0x20,0x20,0x20,0x20,0x20,0x20,0x20,0x20,0x20,0x20,0x20,
    0x20,0x66,0x6c,0x6f,0x61,0x74,0x33,0x20,0x5f,0x32,0x34,0x35,0x20,0x3d,0x20,0x63,
    0x72,0x6f,0x73,0x73,0x28,0x76,0x2c,0x20,0x66,0x6c,0x6f,0x61,0x74,0x33,0x28,0x30,
    0x2e,0x30,0x2c,0x20,0x31,0x2e,0x30,0x2c,0x20,0x30,0x2e,0x30,0x29,0x29,0x3b,0x0a,
    0x20,0x20,0x20,0x20,0x20,0x20,0x20,0x20,0x20,0x20,0x20,0x20,0x61,0x78,0x69,0x73,
    0x20,0x3d,0x20,0x5f,0x32,0x34,0x35,0x3b,0x0a,0x20,0x20,0x20,0x20,0x20,0x20,0x20,
    0x20,0x20,0x20,0x20,0x20,0x69,0x66,0x20,0x28,0x64,0x6f,0x74,0x28,0x5f,0x32,0x34,
    0x35,0x2c,0x20,0x5f,0x32,0x34,0x35,0x29,0x20,0x3c,0x20,0x39,0x2e,0x39,0x39,0x39,
    0x39,0x39,0x39,0x37,0x34,0x37,0x33,0x37,0x38,0x37,0x35,0x31,0x36,0x33,0x35,0x35,
    0x35,0x31,0x34,0x35,0x32,0x36,0x33,0x36,0x37,0x31,0x38,0x38,0x65,0x2d,0x30,0x35,
    0x29,0x0a,0x20,0x20,0x20,0x20,0x20,0x20,0x20,0x20,0x20,0x20,0x20,0x20,0x7b,0x0a,
    0x20,0x20,0x20,0x20,0x20,0x20,0x20,0x20,0x20,0x20,0x20,0x20,0x20,0x20,0x20,0x20,
    0x61,0x78,0x69,0x73,0x20,0x3d,0x20,0x63,0x72,0x6f,0x73,0x73,0x28,0x76,0x2c,0x20,
    0x66,0x6c,0x6f,0x61,0x74,0x33,0x28,0x31,0x2e,0x30,0x2c,0x20,0x30,0x2e,0x30,0x2c,
    0x20,0x30,0x2e,0x30,0x29,0x29,0x3b,0x0a,0x20,0x20,0x20,0x20,0x20,0x20,0x20,0x20,
    0x20,0x20,0x20,0x20,0x7d,0x0a,0x20,0x20,0x20,0x20,0x20,0x20,0x20,0x20,0x20,0x20,
    0x20,0x20,0x61,0x6e,0x67,0x6c,0x65,0x20,0x3d,0x20,0x33,0x2e,0x31,0x34,0x31,0x35,
    0x39,0x32,0x37,0x34,0x31,0x30,0x31,0x32,0x35,0x37,0x33,0x32,0x34,0x32,0x31,0x38,
    0x37,0x35,0x3b,0x0a,0x20,0x20,0x20,0x20,0x20,0x20,0x20,0x20,0x7d,0x0a,0x20,0x20,
    0x20,0x20,0x7d,0x0a,0x20,0x20,0x20,0x20,0x66,0x6c,0x6f,0x61,0x74,0x20,0x70,0x61,
    0x72,0x61,0x6d,0x20,0x3d,0x20,0x61,0x6e,0x67,0x6c,0x65,0x3b,0x0a,0x20,0x20,0x20,
    0x20,0x66,0x6c,0x6f,0x61,0x74,0x33,0x20,0x70,0x61,0x72,0x61,0x6d,0x5f,0x31,0x20,
    0x3d,0x20,0x61,0x78,0x69,0x73,0x3b,0x0a,0x20,0x20,0x20,0x20,0x72,0x65,0x74,0x75,
    0x72,0x6e,0x20,0x6d,0x61,0x74,0x34,0x5f,0x72,0x6f,0x74,0x61,0x74,0x65,0x5f,0x6d,
    0x61,0x6b,0x65,0x28,0x70,0x61,0x72,0x61,0x6d,0x2c,0x20,0x70,0x61,0x72,0x61,0x6d,
    0x5f,0x31,0x29,0x3b,0x0a,0x7d,0x0a,0x0a,0x76,0x65,0x72,0x74,0x65,0x78,0x20,0x6d,
    0x61,0x69,0x6e,0x30,0x5f,0x6f,0x75,0x74,0x20,0x6d,0x61,0x69,0x6e,0x30,0x28,0x6d,
    0x61,0x69,0x6e,0x30,0x5f,0x69,0x6e,0x20,0x69,0x6e,0x20,0x5b,0x5b,0x73,0x74,0x61,
    0x67,0x65,0x5f,0x69,0x6e,0x5d,0x5d,0x2c,0x20,0x63,0x6f,0x6e,0x73,0x74,0x61,0x6e,
    0x74,0x20,0x76,0x73,0x5f,0x70,0x61,0x72,0x61,0x6d,0x73,0x26,0x20,0x5f,0x33,0x38,
    0x33,0x20,0x5b,0x5b,0x62,0x75,0x66,0x66,0x65,0x72,0x28,0x30,0x29,0x5d,0x5d,0x29,
    0x0a,0x7b,0x0a,0x20,0x20,0x20,0x20,0x6d,0x61,0x69,0x6e,0x30,0x5f,0x6f,0x75,0x74,
    0x20,0x6f,0x75,0x74,0x20,0x3d,0x20,0x7b,0x7d,0x3b,0x0a,0x20,0x20,0x20,0x20,0x6f,
    0x75,0x74,0x2e,0x69,0x64,0x20,0x3d,0x20,0x61,0x73,0x5f,0x74,0x79,0x70,0x65,0x3c,
    0x69,0x6e,0x74,0x3e,0x28,0x69,0x6e,0x2e,0x69,0x5f,0x69,0x64,0x29,0x3b,0x0a,0x20,
    0x20,0x20,0x20,0x6f,0x75,0x74,0x2e,0x74,0x79,0x70,0x65,0x20,0x3d,0x20,0x61,0x73,
    0x5f,0x74,0x79,0x70,0x65,0x3c,0x69,0x6e,0x74,0x3e,0x28,0x69,0x6e,0x2e,0x69,0x5f,
    0x74,0x79,0x70,0x65,0x29,0x3b,0x0a,0x20,0x20,0x20,0x20,0x6f,0x75,0x74,0x2e,0x74,
    0x65,0x78,0x5f,0x69,0x64,0x20,0x3d,0x20,0x61,0x73,0x5f,0x74,0x79,0x70,0x65,0x3c,
    0x69,0x6e,0x74,0x3e,0x28,0x69,0x6e,0x2e,0x69,0x5f,0x74,0x65,0x78,0x5f,0x69,0x64,
    0x29,0x3b,0x0a,0x20,0x20,0x20,0x20,0x6f,0x75,0x74,0x2e,0x66,0x6c,0x61,0x67,0x73,
    0x20,0x3d,0x20,0x61,0x73,0x5f,0x74,0x79,0x70,0x65,0x3c,0x69,0x6e,0x74,0x3e,0x28,
    0x69,0x6e,0x2e,0x69,0x5f,0x66,0x6c,0x61,0x67,0x73,0x29,0x3b,0x0a,0x20,0x20,0x20,
    0x20,0x6f,0x75,0x74,0x2e,0x73,0x74,0x61,0x72,0x74,0x20,0x3d,0x20,0x61,0x73,0x5f,
    0x74,0x79,0x70,0x65,0x3c,0x69,0x6e,0x74,0x3e,0x28,0x69,0x6e,0x2e,0x69,0x5f,0x73,
    0x74,0x61,0x72,0x74,0x29,0x3b,0x0a,0x20,0x20,0x20,0x20,0x66,0x6c,0x6f,0x61,0x74,
    0x20,0x70,0x61,0x72,0x61,0x6d,0x20,0x3d,0x20,0x69,0x6e,0x2e,0x69,0x5f,0x63,0x6f,
    0x6c,0x6f,0x72,0x3b,0x0a,0x20,0x20,0x20,0x20,0x6f,0x75,0x74,0x2e,0x63,0x6f,0x6c,
    0x6f,0x72,0x20,0x3d,0x20,0x66,0x6c,0x6f,0x61,0x74,0x5f,0x74,0x6f,0x5f,0x76,0x65,
    0x63,0x34,0x28,0x70,0x61,0x72,0x61,0x6d,0x29,0x3b,0x0a,0x20,0x20,0x20,0x20,0x66,
    0x6c,0x6f,0x61,0x74,0x20,0x70,0x61,0x72,0x61,0x6d,0x5f,0x31,0x20,0x3d,0x20,0x69,
    0x6e,0x2e,0x69,0x5f,0x68,0x73,0x76,0x61,0x3b,0x0a,0x20,0x20,0x20,0x20,0x6f,0x75,
    0x74,0x2e,0x68,0x73,0x76,0x61,0x20,0x3d,0x20,0x66,0x6c,0x6f,0x61,0x74,0x5f,0x74,
    0x6f,0x5f,0x76,0x65,0x63,0x34,0x28,0x70,0x61,0x72,0x61,0x6d,0x5f,0x31,0x29,0x3b,
    0x0a,0x20,0x20,0x20,0x20,0x6f,0x75,0x74,0x2e,0x76,0x65,0x6c,0x20,0x3d,0x20,0x69,
    0x6e,0x2e,0x69,0x5f,0x76,0x65,0x6c,0x3b,0x0a,0x20,0x20,0x20,0x20,0x6f,0x75,0x74,
    0x2e,0x64,0x69,0x72,0x20,0x3d,0x20,0x69,0x6e,0x2e,0x69,0x5f,0x64,0x69,0x72,0x3b,
    0x0a,0x20,0x20,0x20,0x20,0x6f,0x75,0x74,0x2e,0x70,0x6f,0x73,0x5f,0x6c,0x20,0x3d,
    0x20,0x69,0x6e,0x2e,0x61,0x5f,0x70,0x6f,0x73,0x3b,0x0a,0x20,0x20,0x20,0x20,0x6f,
    0x75,0x74,0x2e,0x73,0x69,0x7a,0x65,0x20,0x3d,0x20,0x69,0x6e,0x2e,0x69,0x5f,0x73,
    0x69,0x7a,0x65,0x3b,0x0a,0x20,0x20,0x20,0x20,0x62,0x6f,0x6f,0x6c,0x20,0x66,0x61,
    0x63,0x65,0x20,0x3d,0x20,0x66,0x61,0x6c,0x73,0x65,0x3b,0x0a,0x20,0x20,0x20,0x20,
    0x62,0x6f,0x6f,0x6c,0x20,0x6e,0x6f,0x5f,0x74,0x72,0x61,0x6e,0x73,0x66,0x6f,0x72,
    0x6d,0x20,0x3d,0x20,0x66,0x61,0x6c,0x73,0x65,0x3b,0x0a,0x20,0x20,0x20,0x20,0x69,
    0x66,0x20,0x28,0x6f,0x75,0x74,0x2e,0x74,0x79,0x70,0x65,0x20,0x3d,0x3d,0x20,0x31,
    0x30,0x29,0x0a,0x20,0x20,0x20,0x20,0x7b,0x0a,0x20,0x20,0x20,0x20,0x20,0x20,0x20,
    0x20,0x6f,0x75,0x74,0x2e,0x73,0x69,0x7a,0x65,0x20,0x3d,0x20,0x66,0x6c,0x6f,0x61,
    0x74,0x32,0x28,0x30,0x2e,0x32,0x35,0x29,0x3b,0x0a,0x20,0x20,0x20,0x20,0x20,0x20,
    0x20,0x20,0x6f,0x75,0x74,0x2e,0x73,0x69,0x7a,0x65,0x20,0x2a,0x3d,0x20,0x66,0x6c,
    0x6f,0x61,0x74,0x32,0x28,0x30,0x2e,0x31,0x30,0x30,0x30,0x30,0x30,0x30,0x30,0x31,
    0x34,0x39,0x30,0x31,0x31,0x36,0x31,0x31,0x39,0x33,0x38,0x34,0x37,0x36,0x35,0x36,
    0x32,0x35,0x2c,0x20,0x66,0x61,0x73,0x74,0x3a,0x3a,0x63,0x6c,0x61,0x6d,0x70,0x28,
    0x6c,0x65,0x6e,0x67,0x74,0x68,0x28,0x69,0x6e,0x2e,0x69,0x5f,0x76,0x65,0x6c,0x29,
    0x20,0x2a,0x20,0x30,0x2e,0x32,0x35,0x2c,0x20,0x30,0x2e,0x30,0x33,0x31,0x32,0x35,
    0x2c,0x20,0x32,0x2e,0x30,0x29,0x29,0x3b,0x0a,0x20,0x20,0x20,0x20,0x7d,0x0a,0x20,
    0x20,0x20,0x20,0x65,0x6c,0x73,0x65,0x0a,0x20,0x20,0x20,0x20,0x7b,0x0a,0x20,0x20,
    0x20,0x20,0x20,0x20,0x20,0x20,0x69,0x66,0x20,0x28,0x6f,0x75,0x74,0x2e,0x74,0x79,
    0x70,0x65,0x20,0x3d,0x3d,0x20,0x32,0x29,0x0a,0x20,0x20,0x20,0x20,0x20,0x20,0x20,
    0x20,0x7b,0x0a,0x20,0x20,0x20,0x20,0x20,0x20,0x20,0x20,0x20,0x20,0x20,0x20,0x6f,
    0x75,0x74,0x2e,0x73,0x69,0x7a,0x65,0x20,0x3d,0x20,0x66,0x6c,0x6f,0x61,0x74,0x32,
    0x28,0x31,0x2e,0x30,0x2c,0x20,0x66,0x61,0x73,0x74,0x3a,0x3a,0x6d,0x69,0x6e,0x28,
    0x66,0x61,0x73,0x74,0x3a,0x3a,0x63,0x6c,0x61,0x6d,0x70,0x28,0x6c,0x65,0x6e,0x67,
    0x74,0x68,0x28,0x69,0x6e,0x2e,0x69,0x5f,0x76,0x65,0x6c,0x29,0x20,0x2a,0x20,0x30,
    0x2e,0x32,0x35,0x2c,0x20,0x30,0x2e,0x30,0x33,0x31,0x32,0x35,0x2c,0x20,0x32,0x2e,
    0x30,0x29,0x20,0x2a,0x20,0x34,0x2e,0x30,0x2c,0x20,0x31,0x2e,0x36,0x30,0x30,0x30,
    0x30,0x30,0x30,0x32,0x33,0x38,0x34,0x31,0x38,0x35,0x37,0x39,0x31,0x30,0x31,0x35,
    0x36,0x32,0x35,0x29,0x29,0x20,0x2a,0x20,0x30,0x2e,0x38,0x30,0x30,0x30,0x30,0x30,
    0x30,0x31,0x31,0x39,0x32,0x30,0x39,0x32,0x38,0x39,0x35,0x35,0x30,0x37,0x38,0x31,
    0x32,0x35,0x3b,0x0a,0x20,0x20,0x20,0x20,0x20,0x20,0x20,0x20,0x20,0x20,0x20,0x20,
    0x66,0x61,0x63,0x65,0x20,0x3d,0x20,0x66,0x61,0x6c,0x73,0x65,0x3b,0x0a,0x20,0x20,
    0x20,0x20,0x20,0x20,0x20,0x20,0x20,0x20,0x20,0x20,0x6e,0x6f,0x5f,0x74,0x72,0x61,
    0x6e,0x73,0x66,0x6f,0x72,0x6d,0x20,0x3d,0x20,0x74,0x72,0x75,0x65,0x3b,0x0a,0x20,
    0x20,0x20,0x20,0x20,0x20,0x20,0x20,0x7d,0x0a,0x20,0x20,0x20,0x20,0x20,0x20,0x20,
    0x20,0x65,0x6c,0x73,0x65,0x0a,0x20,0x20,0x20,0x20,0x20,0x20,0x20,0x20,0x7b,0x0a,
    0x20,0x20,0x20,0x20,0x20,0x20,0x20,0x20,0x20,0x20,0x20,0x20,0x69,0x66,0x20,0x28,
    0x6f,0x75,0x74,0x2e,0x74,0x79,0x70,0x65,0x20,0x3d,0x3d,0x20,0x39,0x29,0x0a,0x20,
    0x20,0x20,0x20,0x20,0x20,0x20,0x20,0x20,0x20,0x20,0x20,0x7b,0x0a,0x20,0x20,0x20,
    0x20,0x20,0x20,0x20,0x20,0x20,0x20,0x20,0x20,0x20,0x20,0x20,0x20,0x6f,0x75,0x74,
    0x2e,0x73,0x69,0x7a,0x65,0x20,0x3d,0x20,0x66,0x6c,0x6f,0x61,0x74,0x32,0x28,0x30,
    0x2e,0x32,0x35,0x29,0x3b,0x0a,0x20,0x20,0x20,0x20,0x20,0x20,0x20,0x20,0x20,0x20,
    0x20,0x20,0x20,0x20,0x20,0x20,0x66,0x61,0x63,0x65,0x20,0x3d,0x20,0x74,0x72,0x75,
    0x65,0x3b,0x0a,0x20,0x20,0x20,0x20,0x20,0x20,0x20,0x20,0x20,0x20,0x20,0x20,0x7d,
    0x0a,0x20,0x20,0x20,0x20,0x20,0x20,0x20,0x20,0x7d,0x0a,0x20,0x20,0x20,0x20,0x7d,
    0x0a,0x20,0x20,0x20,0x20,0x66,0x6c,0x6f,0x61,0x74,0x32,0x20,0x5f,0x33,0x36,0x35,
    0x20,0x3d,0x20,0x69,0x6e,0x2e,0x61,0x5f,0x70,0x6f,0x73,0x2e,0x78,0x7a,0x20,0x2d,
    0x20,0x66,0x6c,0x6f,0x61,0x74,0x32,0x28,0x30,0x2e,0x35,0x29,0x3b,0x0a,0x20,0x20,
    0x20,0x20,0x6f,0x75,0x74,0x2e,0x70,0x6f,0x73,0x5f,0x73,0x20,0x3d,0x20,0x5f,0x33,
    0x36,0x35,0x20,0x2a,0x20,0x6f,0x75,0x74,0x2e,0x73,0x69,0x7a,0x65,0x3b,0x0a,0x20,
    0x20,0x20,0x20,0x66,0x6c,0x6f,0x61,0x74,0x33,0x20,0x70,0x6f,0x73,0x5f,0x74,0x3b,
    0x0a,0x20,0x20,0x20,0x20,0x69,0x66,0x20,0x28,0x6e,0x6f,0x5f,0x74,0x72,0x61,0x6e,
    0x73,0x66,0x6f,0x72,0x6d,0x29,0x0a,0x20,0x20,0x20,0x20,0x7b,0x0a,0x20,0x20,0x20,
    0x20,0x20,0x20,0x20,0x20,0x70,0x6f,0x73,0x5f,0x74,0x20,0x3d,0x20,0x66,0x6c,0x6f,
    0x61,0x74,0x33,0x28,0x6f,0x75,0x74,0x2e,0x70,0x6f,0x73,0x5f,0x73,0x2e,0x78,0x2c,
    0x20,0x30,0x2e,0x30,0x2c,0x20,0x6f,0x75,0x74,0x2e,0x70,0x6f,0x73,0x5f,0x73,0x2e,
    0x79,0x29,0x3b,0x0a,0x20,0x20,0x20,0x20,0x7d,0x0a,0x20,0x20,0x20,0x20,0x69,0x66,
    0x20,0x28,0x66,0x61,0x63,0x65,0x29,0x0a,0x20,0x20,0x20,0x20,0x7b,0x0a,0x20,0x20,
    0x20,0x20,0x20,0x20,0x20,0x20,0x70,0x6f,0x73,0x5f,0x74,0x20,0x3d,0x20,0x28,0x28,
    0x5f,0x33,0x38,0x33,0x2e,0x63,0x61,0x6d,0x5f,0x72,0x69,0x67,0x68,0x74,0x20,0x2a,
    0x20,0x28,0x69,0x6e,0x2e,0x61,0x5f,0x70,0x6f,0x73,0x2e,0x78,0x20,0x2d,0x20,0x30,
    0x2e,0x35,0x29,0x29,0x20,0x2a,0x20,0x6f,0x75,0x74,0x2e,0x73,0x69,0x7a,0x65,0x2e,
    0x78,0x29,0x20,0x2b,0x20,0x28,0x28,0x5f,0x33,0x38,0x33,0x2e,0x63,0x61,0x6d,0x5f,
    0x75,0x70,0x20,0x2a,0x20,0x28,0x69,0x6e,0x2e,0x61,0x5f,0x70,0x6f,0x73,0x2e,0x7a,
    0x20,0x2d,0x20,0x30,0x2e,0x35,0x29,0x29,0x20,0x2a,0x20,0x6f,0x75,0x74,0x2e,0x73,
    0x69,0x7a,0x65,0x2e,0x79,0x29,0x3b,0x0a,0x20,0x20,0x20,0x20,0x7d,0x0a,0x20,0x20,
    0x20,0x20,0x65,0x6c,0x73,0x65,0x0a,0x20,0x20,0x20,0x20,0x7b,0x0a,0x20,0x20,0x20,
    0x20,0x20,0x20,0x20,0x20,0x6f,0x75,0x74,0x2e,0x70,0x6f,0x73,0x5f,0x73,0x20,0x3d,
    0x20,0x5f,0x33,0x36,0x35,0x20,0x2a,0x20,0x6f,0x75,0x74,0x2e,0x73,0x69,0x7a,0x65,
    0x3b,0x0a,0x20,0x20,0x20,0x20,0x20,0x20,0x20,0x20,0x66,0x6c,0x6f,0x61,0x74,0x20,
    0x5f,0x34,0x31,0x36,0x20,0x3d,0x20,0x69,0x6e,0x2e,0x61,0x5f,0x70,0x6f,0x73,0x2e,
    0x78,0x20,0x2d,0x20,0x30,0x2e,0x35,0x3b,0x0a,0x20,0x20,0x20,0x20,0x20,0x20,0x20,
    0x20,0x66,0x6c,0x6f,0x61,0x74,0x20,0x5f,0x34,0x32,0x31,0x20,0x3d,0x20,0x5f,0x33,
    0x38,0x33,0x2e,0x79,0x61,0x77,0x20,0x2d,0x20,0x31,0x2e,0x35,0x37,0x30,0x37,0x39,
    0x36,0x33,0x37,0x30,0x35,0x30,0x36,0x32,0x38,0x36,0x36,0x32,0x31,0x30,0x39,0x33,
    0x37,0x35,0x3b,0x0a,0x20,0x20,0x20,0x20,0x20,0x20,0x20,0x20,0x70,0x6f,0x73,0x5f,
    0x74,0x20,0x3d,0x20,0x66,0x6c,0x6f,0x61,0x74,0x33,0x28,0x6f,0x75,0x74,0x2e,0x73,
    0x69,0x7a,0x65,0x2e,0x78,0x20,0x2a,0x20,0x28,0x5f,0x34,0x31,0x36,0x20,0x2a,0x20,
    0x63,0x6f,0x73,0x28,0x5f,0x34,0x32,0x31,0x29,0x29,0x2c,0x20,0x6f,0x75,0x74,0x2e,
    0x73,0x69,0x7a,0x65,0x2e,0x78,0x20,0x2a,0x20,0x28,0x5f,0x34,0x31,0x36,0x20,0x2a,
    0x20,0x73,0x69,0x6e,0x28,0x5f,0x34,0x32,0x31,0x29,0x29,0x2c,0x20,0x6f,0x75,0x74,
    0x2e,0x73,0x69,0x7a,0x65,0x2e,0x79,0x20,0x2a,0x20,0x28,0x69,0x6e,0x2e,0x61,0x5f,
    0x70,0x6f,0x73,0x2e,0x7a,0x20,0x2d,0x20,0x30,0x2e,0x35,0x29,0x29,0x3b,0x0a,0x20,
    0x20,0x20,0x20,0x7d,0x0a,0x20,0x20,0x20,0x20,0x66,0x6c,0x6f,0x61,0x74,0x34,0x78,
    0x34,0x20,0x6d,0x6f,0x64,0x65,0x6c,0x20,0x3d,0x20,0x6d,0x61,0x74,0x34,0x5f,0x69,
    0x64,0x65,0x6e,0x74,0x69,0x74,0x79,0x28,0x29,0x3b,0x0a,0x20,0x20,0x20,0x20,0x66,
    0x6c,0x6f,0x61,0x74,0x33,0x20,0x70,0x61,0x72,0x61,0x6d,0x5f,0x32,0x20,0x3d,0x20,
    0x69,0x6e,0x2e,0x69,0x5f,0x70,0x6f,0x73,0x3b,0x0a,0x20,0x20,0x20,0x20,0x6d,0x6f,
    0x64,0x65,0x6c,0x20,0x3d,0x20,0x6d,0x6f,0x64,0x65,0x6c,0x20,0x2a,0x20,0x6d,0x61,
    0x74,0x34,0x5f,0x74,0x72,0x61,0x6e,0x73,0x6c,0x61,0x74,0x65,0x5f,0x6d,0x61,0x6b,
    0x65,0x28,0x70,0x61,0x72,0x61,0x6d,0x5f,0x32,0x29,0x3b,0x0a,0x20,0x20,0x20,0x20,
    0x69,0x66,0x20,0x28,0x6f,0x75,0x74,0x2e,0x74,0x79,0x70,0x65,0x20,0x3d,0x3d,0x20,
    0x31,0x30,0x29,0x0a,0x20,0x20,0x20,0x20,0x7b,0x0a,0x20,0x20,0x20,0x20,0x20,0x20,
    0x20,0x20,0x66,0x6c,0x6f,0x61,0x74,0x33,0x20,0x70,0x61,0x72,0x61,0x6d,0x5f,0x33,
    0x20,0x3d,0x20,0x66,0x6c,0x6f,0x61,0x74,0x33,0x28,0x30,0x2e,0x30,0x2c,0x20,0x30,
    0x2e,0x30,0x2c,0x20,0x31,0x2e,0x30,0x29,0x3b,0x0a,0x20,0x20,0x20,0x20,0x20,0x20,
    0x20,0x20,0x66,0x6c,0x6f,0x61,0x74,0x33,0x20,0x70,0x61,0x72,0x61,0x6d,0x5f,0x34,
    0x20,0x3d,0x20,0x66,0x61,0x73,0x74,0x3a,0x3a,0x6e,0x6f,0x72,0x6d,0x61,0x6c,0x69,
    0x7a,0x65,0x28,0x69,0x6e,0x2e,0x69,0x5f,0x76,0x65,0x6c,0x29,0x3b,0x0a,0x20,0x20,
    0x20,0x20,0x20,0x20,0x20,0x20,0x66,0x6c,0x6f,0x61,0x74,0x34,0x78,0x34,0x20,0x5f,
    0x34,0x36,0x30,0x20,0x3d,0x20,0x6d,0x61,0x74,0x34,0x5f,0x72,0x6f,0x74,0x61,0x74,
    0x65,0x5f,0x6d,0x61,0x6b,0x65,0x5f,0x66,0x72,0x6f,0x6d,0x5f,0x74,0x6f,0x28,0x70,
    0x61,0x72,0x61,0x6d,0x5f,0x33,0x2c,0x20,0x70,0x61,0x72,0x61,0x6d,0x5f,0x34,0x29,
    0x3b,0x0a,0x20,0x20,0x20,0x20,0x20,0x20,0x20,0x20,0x6d,0x6f,0x64,0x65,0x6c,0x20,
    0x3d,0x20,0x6d,0x6f,0x64,0x65,0x6c,0x20,0x2a,0x20,0x5f,0x34,0x36,0x30,0x3b,0x0a,
    0x20,0x20,0x20,0x20,0x7d,0x0a,0x20,0x20,0x20,0x20,0x65,0x6c,0x73,0x65,0x0a,0x20,
    0x20,0x20,0x20,0x7b,0x0a,0x20,0x20,0x20,0x20,0x20,0x20,0x20,0x20,0x69,0x66,0x20,
    0x28,0x6f,0x75,0x74,0x2e,0x74,0x79,0x70,0x65,0x20,0x3d,0x3d,0x20,0x32,0x29,0x0a,
    0x20,0x20,0x20,0x20,0x20,0x20,0x20,0x20,0x7b,0x0a,0x20,0x20,0x20,0x20,0x20,0x20,
    0x20,0x20,0x20,0x20,0x20,0x20,0x66,0x6c,0x6f,0x61,0x74,0x33,0x20,0x70,0x61,0x72,
    0x61,0x6d,0x5f,0x35,0x20,0x3d,0x20,0x66,0x6c,0x6f,0x61,0x74,0x33,0x28,0x30,0x2e,
    0x30,0x2c,0x20,0x30,0x2e,0x30,0x2c,0x20,0x31,0x2e,0x30,0x29,0x3b,0x0a,0x20,0x20,
    0x20,0x20,0x20,0x20,0x20,0x20,0x20,0x20,0x20,0x20,0x66,0x6c,0x6f,0x61,0x74,0x33,
    0x20,0x70,0x61,0x72,0x61,0x6d,0x5f,0x36,0x20,0x3d,0x20,0x66,0x61,0x73,0x74,0x3a,
    0x3a,0x6e,0x6f,0x72,0x6d,0x61,0x6c,0x69,0x7a,0x65,0x28,0x69,0x6e,0x2e,0x69,0x5f,
    0x76,0x65,0x6c,0x29,0x3b,0x0a,0x20,0x20,0x20,0x20,0x20,0x20,0x20,0x20,0x20,0x20,
    0x20,0x20,0x66,0x6c,0x6f,0x61,0x74,0x34,0x78,0x34,0x20,0x5f,0x34,0x37,0x38,0x20,
    0x3d,0x20,0x6d,0x61,0x74,0x34,0x5f,0x72,0x6f,0x74,0x61,0x74,0x65,0x5f,0x6d,0x61,
    0x6b,0x65,0x5f,0x66,0x72,0x6f,0x6d,0x5f,0x74,0x6f,0x28,0x70,0x61,0x72,0x61,0x6d,
    0x5f,0x35,0x2c,0x20,0x70,0x61,0x72,0x61,0x6d,0x5f,0x36,0x29,0x3b,0x0a,0x20,0x20,
    0x20,0x20,0x20,0x20,0x20,0x20,0x20,0x20,0x20,0x20,0x6d,0x6f,0x64,0x65,0x6c,0x20,
    0x3d,0x20,0x6d,0x6f,0x64,0x65,0x6c,0x20,0x2a,0x20,0x5f,0x34,0x37,0x38,0x3b,0x0a,
    0x20,0x20,0x20,0x20,0x20,0x20,0x20,0x20,0x20,0x20,0x20,0x20,0x66,0x6c,0x6f,0x61,
    0x74,0x33,0x20,0x70,0x61,0x72,0x61,0x6d,0x5f,0x37,0x20,0x3d,0x20,0x66,0x6c,0x6f,
    0x61,0x74,0x33,0x28,0x30,0x2e,0x30,0x2c,0x20,0x2d,0x31,0x2e,0x30,0x2c,0x20,0x30,
    0x2e,0x30,0x29,0x3b,0x0a,0x20,0x20,0x20,0x20,0x20,0x20,0x20,0x20,0x20,0x20,0x20,
    0x20,0x66,0x6c,0x6f,0x61,0x74,0x33,0x20,0x70,0x61,0x72,0x61,0x6d,0x5f,0x38,0x20,
    0x3d,0x20,0x2d,0x5f,0x33,0x38,0x33,0x2e,0x76,0x69,0x65,0x77,0x5f,0x6e,0x6f,0x5f,
    0x70,0x69,0x74,0x63,0x68,0x5b,0x32,0x5d,0x2e,0x78,0x79,0x7a,0x3b,0x0a,0x20,0x20,
    0x20,0x20,0x20,0x20,0x20,0x20,0x20,0x20,0x20,0x20,0x66,0x6c,0x6f,0x61,0x74,0x34,
    0x78,0x34,0x20,0x5f,0x34,0x38,0x36,0x20,0x3d,0x20,0x6d,0x61,0x74,0x34,0x5f,0x72,
    0x6f,0x74,0x61,0x74,0x65,0x5f,0x6d,0x61,0x6b,0x65,0x5f,0x66,0x72,0x6f,0x6d,0x5f,
    0x74,0x6f,0x28,0x70,0x61,0x72,0x61,0x6d,0x5f,0x37,0x2c,0x20,0x70,0x61,0x72,0x61,
    0x6d,0x5f,0x38,0x29,0x3b,0x0a,0x20,0x20,0x20,0x20,0x20,0x20,0x20,0x20,0x20,0x20,
    0x20,0x20,0x6d,0x6f,0x64,0x65,0x6c,0x20,0x3d,0x20,0x6d,0x6f,0x64,0x65,0x6c,0x20,
    0x2a,0x20,0x5f,0x34,0x38,0x36,0x3b,0x0a,0x20,0x20,0x20,0x20,0x20,0x20,0x20,0x20,
    0x20,0x20,0x20,0x20,0x66,0x6c,0x6f,0x61,0x74,0x33,0x20,0x70,0x61,0x72,0x61,0x6d,
    0x5f,0x39,0x20,0x3d,0x20,0x66,0x6c,0x6f,0x61,0x74,0x33,0x28,0x30,0x2e,0x30,0x2c,
    0x20,0x30,0x2e,0x30,0x2c,0x20,0x6f,0x75,0x74,0x2e,0x73,0x69,0x7a,0x65,0x2e,0x79,
    0x20,0x2a,0x20,0x30,0x2e,0x35,0x29,0x3b,0x0a,0x20,0x20,0x20,0x20,0x20,0x20,0x20,
    0x20,0x20,0x20,0x20,0x20,0x6d,0x6f,0x64,0x65,0x6c,0x20,0x3d,0x20,0x6d,0x6f,0x64,
    0x65,0x6c,0x20,0x2a,0x20,0x6d,0x61,0x74,0x34,0x5f,0x74,0x72,0x61,0x6e,0x73,0x6c,
    0x61,0x74,0x65,0x5f,0x6d,0x61,0x6b,0x65,0x28,0x70,0x61,0x72,0x61,0x6d,0x5f,0x39,
    0x29,0x3b,0x0a,0x20,0x20,0x20,0x20,0x20,0x20,0x20,0x20,0x7d,0x0a,0x20,0x20,0x20,
    0x20,0x7d,0x0a,0x20,0x20,0x20,0x20,0x6f,0x75,0x74,0x2e,0x70,0x6f,0x73,0x5f,0x77,
    0x20,0x3d,0x20,0x28,0x6d,0x6f,0x64,0x65,0x6c,0x20,0x2a,0x20,0x66,0x6c,0x6f,0x61,
    0x74,0x34,0x28,0x70,0x6f,0x73,0x5f,0x74,0x2c,0x20,0x31,0x2e,0x30,0x29,0x29,0x2e,
    0x78,0x79,0x7a,0x3b,0x0a,0x20,0x20,0x20,0x20,0x6f,0x75,0x74,0x2e,0x70,0x6f,0x73,
    0x5f,0x76,0x20,0x3d,0x20,0x28,0x5f,0x33,0x38,0x33,0x2e,0x76,0x69,0x65,0x77,0x20,
    0x2a,0x20,0x66,0x6c,0x6f,0x61,0x74,0x34,0x28,0x6f,0x75,0x74,0x2e,0x70,0x6f,0x73,
    0x5f,0x77,0x2c,0x20,0x31,0x2e,0x30,0x29,0x29,0x2e,0x78,0x79,0x7a,0x3b,0x0a,0x20,
    0x20,0x20,0x20,0x6f,0x75,0x74,0x2e,0x67,0x6c,0x5f,0x50,0x6f,0x73,0x69,0x74,0x69,
    0x6f,0x6e,0x20,0x3d,0x20,0x5f,0x33,0x38,0x33,0x2e,0x70,0x72,0x6f,0x6a,0x20,0x2a,
    0x20,0x66,0x6c,0x6f,0x61,0x74,0x34,0x28,0x6f,0x75,0x74,0x2e,0x70,0x6f,0x73,0x5f,
    0x76,0x2c,0x20,0x31,0x2e,0x30,0x29,0x3b,0x0a,0x20,0x20,0x20,0x20,0x6f,0x75,0x74,
    0x2e,0x75,0x76,0x20,0x3d,0x20,0x69,0x6e,0x2e,0x61,0x5f,0x75,0x76,0x3b,0x0a,0x20,
    0x20,0x20,0x20,0x72,0x65,0x74,0x75,0x72,0x6e,0x20,0x6f,0x75,0x74,0x3b,0x0a,0x7d,
    0x0a,0x0a,0x00,
};
/*
    #pragma clang diagnostic ignored "-Wmissing-prototypes"

    #include <metal_stdlib>
    #include <simd/simd.h>

    using namespace metal;

    // Implementation of the GLSL mod() function, which is slightly different than Metal fmod()
    template<typename Tx, typename Ty>
    inline Tx mod(Tx x, Ty y)
    {
        return x - y * floor(x / y);
    }

    struct tex_atlas_entry
    {
        float2 mi;
        float2 ma;
        float2 size;
        int layer;
    };

    struct tex_atlas_entry_info_t
    {
        float2 uv_min;
        float2 uv_max;
        int layer;
        int anim_ticks_per_frame;
        int anim_width;
        char _m0_final_padding[4];
    };

    struct tex_atlas_entries_buffer
    {
        tex_atlas_entry_info_t tex_atlas_entries[1];
    };

    struct fs_params
    {
        int tick;
        float time_s;
        float3 cam_right;
        float3 cam_dir;
        float3 cam_up;
        float4x4 view;
    };

    struct main0_out
    {
        float4 frag_color [[color(0)]];
        float4 frag_pos_w_id [[color(1)]];
        float4 frag_pos_v_index_type_flags [[color(2)]];
        float4 frag_normal_uv [[color(3)]];
    };

    struct main0_in
    {
        float2 pos_s [[user(locn1)]];
        float3 pos_w [[user(locn2)]];
        float3 pos_v [[user(locn3)]];
        float2 uv [[user(locn4)]];
        float2 size [[user(locn5)]];
        int id [[user(locn8)]];
        int type [[user(locn9)]];
        int tex_id [[user(locn10)]];
        int start [[user(locn12)]];
        float4 color [[user(locn13), flat]];
        float4 hsva [[user(locn14), flat]];
    };

    static inline __attribute__((always_inline))
    float rand(thread const float2& co)
    {
        return fract(sin(dot(co, float2(12.98980045318603515625, 78.233001708984375))) * 43758.546875);
    }

    static inline __attribute__((always_inline))
    float hash(thread const float& n)
    {
        return fract(sin(n) * 43758.546875);
    }

    static inline __attribute__((always_inline))
    float _noise(thread const float3& x)
    {
        float3 _83 = floor(x);
        float3 _86 = fract(x);
        float3 _96 = (_86 * _86) * (float3(3.0) - (_86 * 2.0));
        float _113 = fma(113.0, _83.z, fma(_83.y, 57.0, _83.x));
        float param = _113;
        float param_1 = _113 + 1.0;
        float _126 = _96.x;
        float param_2 = _113 + 57.0;
        float param_3 = _113 + 58.0;
        float _141 = _96.y;
        float param_4 = _113 + 113.0;
        float param_5 = _113 + 114.0;
        float param_6 = _113 + 170.0;
        float param_7 = _113 + 171.0;
        return mix(mix(mix(hash(param), hash(param_1), _126), mix(hash(param_2), hash(param_3), _126), _141), mix(mix(hash(param_4), hash(param_5), _126), mix(hash(param_6), hash(param_7), _126), _141), _96.z);
    }

    static inline __attribute__((always_inline))
    float fbm(thread float3& p)
    {
        float3 param = p;
        float f = 0.5 * _noise(param);
        p = (float3x3(float3(0.0, 0.800000011920928955078125, 0.60000002384185791015625), float3(-0.800000011920928955078125, 0.36000001430511474609375, -0.4799999892711639404296875), float3(-0.60000002384185791015625, -0.4799999892711639404296875, 0.63999998569488525390625)) * p) * 2.019999980926513671875;
        float3 param_1 = p;
        f = fma(0.25, _noise(param_1), f);
        p = (float3x3(float3(0.0, 0.800000011920928955078125, 0.60000002384185791015625), float3(-0.800000011920928955078125, 0.36000001430511474609375, -0.4799999892711639404296875), float3(-0.60000002384185791015625, -0.4799999892711639404296875, 0.63999998569488525390625)) * p) * 2.0299999713897705078125;
        float3 param_2 = p;
        f = fma(0.125, _noise(param_2), f);
        p = (float3x3(float3(0.0, 0.800000011920928955078125, 0.60000002384185791015625), float3(-0.800000011920928955078125, 0.36000001430511474609375, -0.4799999892711639404296875), float3(-0.60000002384185791015625, -0.4799999892711639404296875, 0.63999998569488525390625)) * p) * 2.0099999904632568359375;
        float3 param_3 = p;
        float _231 = f;
        float _232 = fma(0.0625, _noise(param_3), _231);
        f = _232;
        return _232;
    }

    static inline __attribute__((always_inline))
    void tex_atlas_lookup(thread const int& texture_id, thread const int& tick, thread tex_atlas_entry& entry, const device tex_atlas_entries_buffer& _484)
    {
        entry.mi = _484.tex_atlas_entries[texture_id].uv_min;
        entry.ma = _484.tex_atlas_entries[texture_id].uv_max;
        entry.size = entry.ma - entry.mi;
        entry.layer = _484.tex_atlas_entries[texture_id].layer;
        if (_484.tex_atlas_entries[texture_id].anim_ticks_per_frame > 0)
        {
            float _528 = float(_484.tex_atlas_entries[texture_id].anim_width) * 0.000244140625;
            float _531 = entry.size.x;
            int _540 = (tick / 10) % int(_531 / _528);
            entry.size.x = _528;
            entry.mi.x = fma(_528, float(_540), entry.mi.x);
            entry.ma.x = fma(_528, float(_540 + 1), entry.ma.x);
        }
    }

    static inline __attribute__((always_inline))
    float4 tex_atlas_sample(thread const float3& uvl, texture2d<float> tex_atlas_virtual, sampler smp_nearest, texture2d_array<float> tex_atlas)
    {
        if (int(uvl.z) == 255)
        {
            return tex_atlas_virtual.sample(smp_nearest, uvl.xy);
        }
        else
        {
            float3 _594 = float3(uvl.xy, 1.0);
            return tex_atlas.sample(smp_nearest, _594.xy, uint(rint(_594.z)));
        }
    }

    static inline __attribute__((always_inline))
    float3 rgb_to_hsv(thread const float3& rgb)
    {
        float r = rgb.x;
        float g = rgb.y;
        float b = rgb.z;
        float K = 0.0;
        if (rgb.y < rgb.z)
        {
            float _253 = g;
            g = b;
            b = _253;
            K = -1.0;
        }
        if (r < g)
        {
            float _263 = r;
            r = g;
            g = _263;
            K = (-0.3333333432674407958984375) - K;
        }
        float _277 = r - ((g < b) ? g : b);
        return float3(abs(K + ((g - b) / fma(6.0, _277, 9.9999996826552253889678874634872e-21))), _277 / (r + 9.9999996826552253889678874634872e-21), r);
    }

    static inline __attribute__((always_inline))
    float3 hsv_to_rgb(thread const float3& hsv)
    {
        float h = hsv.x;
        if (hsv.y == 0.0)
        {
            return float3(hsv.z);
        }
        float _318 = h;
        float _319 = mod(_318, 1.0);
        float _321 = _319 * 6.0;
        h = _321;
        int _324 = int(_321);
        float _329 = fma(_319, 6.0, -float(_324));
        float _334 = hsv.z * (1.0 - hsv.y);
        float _1014 = -hsv.y;
        float _341 = hsv.z * fma(_1014, _329, 1.0);
        float _349 = hsv.z * fma(_1014, 1.0 - _329, 1.0);
        float r;
        float g;
        float b;
        if (_324 == 0)
        {
            r = hsv.z;
            g = _349;
            b = _334;
        }
        else
        {
            if (_324 == 1)
            {
                r = _341;
                g = hsv.z;
                b = _334;
            }
            else
            {
                if (_324 == 2)
                {
                    r = _334;
                    g = hsv.z;
                    b = _349;
                }
                else
                {
                    if (_324 == 3)
                    {
                        r = _334;
                        g = _341;
                        b = hsv.z;
                    }
                    else
                    {
                        if (_324 == 4)
                        {
                            r = _349;
                            g = _334;
                            b = hsv.z;
                        }
                        else
                        {
                            r = hsv.z;
                            g = _334;
                            b = _341;
                        }
                    }
                }
            }
        }
        return float3(r, g, b);
    }

    static inline __attribute__((always_inline))
    float3 offset_with_hsv(thread const float3& rgb, thread const float3& hsv)
    {
        float3 param = rgb;
        float3 _410 = rgb_to_hsv(param);
        float3 param_1 = float3(abs(mod(_410.x + hsv.x, 1.0)), fast::clamp(_410.y + hsv.y, 0.0, 1.0), fast::clamp(_410.z + hsv.z, 0.0, 1.0));
        return hsv_to_rgb(param_1);
    }

    static inline __attribute__((always_inline))
    float4 offset_with_hsva(thread const float4& rgba, thread const float4& hsva)
    {
        float3 param = rgba.xyz;
        float3 param_1 = hsva.xyz;
        return float4(offset_with_hsv(param, param_1), fast::clamp(rgba.w + hsva.w, 0.0, 1.0));
    }

    static inline __attribute__((always_inline))
    float2 normal_encode(thread const float3& n)
    {
        return (((n.xy / float2(n.z + 1.0)) * float2(0.562524616718292236328125)) * 0.5) + float2(0.5);
    }

    fragment main0_out main0(main0_in in [[stage_in]], constant fs_params& _678 [[buffer(0)]], const device tex_atlas_entries_buffer& _484 [[buffer(4)]], texture2d<float> tex_atlas_virtual [[texture(0)]], texture2d_array<float> tex_atlas [[texture(1)]], sampler smp_nearest [[sampler(0)]])
    {
        main0_out out = {};
        int2 _607 = int2(floor(in.pos_s * 32.0));
        float3 color_ex = float3(0.0);
        if (in.type == 10)
        {
            float2 param = float2(_607 + int2(in.id % 17));
            if (rand(param) < ((abs(float2(_607) * float2(0.03125)).y - 0.100000001490116119384765625) * 3.0))
            {
                discard_fragment();
            }
        }
        else
        {
            if (in.type == 2)
            {
                float2 _664 = float2(_607) * float2(0.03125);
                float _685 = float(_678.tick - in.start);
                float _690 = fma(length(abs(_664) / in.size), 1.41421353816986083984375, _685 * 0.066666670143604278564453125);
                float _699 = float(in.id % 33);
                float3 _702 = float3(_664, _699);
                float _708 = fma(_685, 0.008333333767950534820556640625, _699);
                _702.z = _708;
                float3 seed = _702;
                float3 param_1 = float3(0.0, 0.0, _708);
                float _715 = fbm(param_1);
                float3 _951 = seed;
                float3 _953 = _951;
                _953.y = _951.y * 0.89999997615814208984375;
                _953.x = _951.x * 2.0;
                seed = _953;
                float3 param_2 = _953;
                float _728 = fbm(param_2);
                if (abs(_715 - _728) > fma(-(_690 * _690), 0.00999999977648258209228515625, 0.02500000037252902984619140625))
                {
                    discard_fragment();
                }
                float3 _957 = color_ex;
                _957.x = fma(0.25 - _690, 0.300000011920928955078125, _957.x);
                color_ex = _957;
            }
            else
            {
                if (in.type == 9)
                {
                    float2 _760 = float2(_607) * float2(0.03125);
                    float _773 = float(_678.tick - in.start);
                    float _778 = fma(length(abs(_760) / in.size), 1.41421353816986083984375, _773 * 0.01666666753590106964111328125);
                    float _794 = fma(_773, 0.005555556155741214752197265625, float(in.id % 33));
                    float3 param_3 = float3(0.0, 0.0, _794);
                    float _810 = fbm(param_3);
                    float3 param_4 = float3(_760.x * 0.89999997615814208984375, _760.y * 1.2000000476837158203125, _794);
                    float _814 = fbm(param_4);
                    if (abs(_810 - _814) > fma(-(_778 * _778), 0.00999999977648258209228515625, 0.0199999995529651641845703125))
                    {
                        discard_fragment();
                    }
                    float3 _970 = color_ex;
                    _970.x = fma(0.125 - _778, 0.300000011920928955078125, _970.x);
                    color_ex = _970;
                }
            }
        }
        int param_5 = in.tex_id;
        int param_6 = _678.tick;
        tex_atlas_entry param_7;
        tex_atlas_lookup(param_5, param_6, param_7, _484);
        float3 param_8 = float3(fma(mod(in.uv, param_7.size), param_7.size, param_7.mi), float(param_7.layer));
        out.frag_color = tex_atlas_sample(param_8, tex_atlas_virtual, smp_nearest, tex_atlas);
        if (out.frag_color.w < 9.9999997473787516355514526367188e-05)
        {
            discard_fragment();
        }
        out.frag_color *= in.color;
        float4 param_9 = out.frag_color;
        float4 param_10 = in.hsva;
        float4 _885 = offset_with_hsva(param_9, param_10);
        out.frag_color.x = _885.x;
        out.frag_color.y = _885.y;
        out.frag_color.z = _885.z;
        out.frag_color = float4(out.frag_color.xyz + color_ex, 1.0);
        out.frag_pos_w_id = float4(in.pos_w, as_type<float>(in.type));
        out.frag_pos_v_index_type_flags = float4(in.pos_v, 1.4349296274686126806258990932889e-42);
        float3 param_11 = float3(0.0, 0.0, 1.0);
        out.frag_normal_uv = float4(normal_encode(param_11), in.uv);
        return out;
    }

*/
static const uint8_t particle_fs_source_metal_macos[11997] = {
    0x23,0x70,0x72,0x61,0x67,0x6d,0x61,0x20,0x63,0x6c,0x61,0x6e,0x67,0x20,0x64,0x69,
    0x61,0x67,0x6e,0x6f,0x73,0x74,0x69,0x63,0x20,0x69,0x67,0x6e,0x6f,0x72,0x65,0x64,
    0x20,0x22,0x2d,0x57,0x6d,0x69,0x73,0x73,0x69,0x6e,0x67,0x2d,0x70,0x72,0x6f,0x74,
    0x6f,0x74,0x79,0x70,0x65,0x73,0x22,0x0a,0x0a,0x23,0x69,0x6e,0x63,0x6c,0x75,0x64,
    0x65,0x20,0x3c,0x6d,0x65,0x74,0x61,0x6c,0x5f,0x73,0x74,0x64,0x6c,0x69,0x62,0x3e,
    0x0a,0x23,0x69,0x6e,0x63,0x6c,0x75,0x64,0x65,0x20,0x3c,0x73,0x69,0x6d,0x64,0x2f,
    0x73,0x69,0x6d,0x64,0x2e,0x68,0x3e,0x0a,0x0a,0x75,0x73,0x69,0x6e,0x67,0x20,0x6e,
    0x61,0x6d,0x65,0x73,0x70,0x61,0x63,0x65,0x20,0x6d,0x65,0x74,0x61,0x6c,0x3b,0x0a,
    0x0a,0x2f,0x2f,0x20,0x49,0x6d,0x70,0x6c,0x65,0x6d,0x65,0x6e,0x74,0x61,0x74,0x69,
    0x6f,0x6e,0x20,0x6f,0x66,0x20,0x74,0x68,0x65,0x20,0x47,0x4c,0x53,0x4c,0x20,0x6d,
    0x6f,0x64,0x28,0x29,0x20,0x66,0x75,0x6e,0x63,0x74,0x69,0x6f,0x6e,0x2c,0x20,0x77,
    0x68,0x69,0x63,0x68,0x20,0x69,0x73,0x20,0x73,0x6c,0x69,0x67,0x68,0x74,0x6c,0x79,
    0x20,0x64,0x69,0x66,0x66,0x65,0x72,0x65,0x6e,0x74,0x20,0x74,0x68,0x61,0x6e,0x20,
    0x4d,0x65,0x74,0x61,0x6c,0x20,0x66,0x6d,0x6f,0x64,0x28,0x29,0x0a,0x74,0x65,0x6d,
    0x70,0x6c,0x61,0x74,0x65,0x3c,0x74,0x79,0x70,0x65,0x6e,0x61,0x6d,0x65,0x20,0x54,
    0x78,0x2c,0x20,0x74,0x79,0x70,0x65,0x6e,0x61,0x6d,0x65,0x20,0x54,0x79,0x3e,0x0a,
    0x69,0x6e,0x6c,0x69,0x6e,0x65,0x20,0x54,0x78,0x20,0x6d,0x6f,0x64,0x28,0x54,0x78,
    0x20,0x78,0x2c,0x20,0x54,0x79,0x20,0x79,0x29,0x0a,0x7b,0x0a,0x20,0x20,0x20,0x20,
    0x72,0x65,0x74,0x75,0x72,0x6e,0x20,0x78,0x20,0x2d,0x20,0x79,0x20,0x2a,0x20,0x66,
    0x6c,0x6f,0x6f,0x72,0x28,0x78,0x20,0x2f,0x20,0x79,0x29,0x3b,0x0a,0x7d,0x0a,0x0a,
    0x73,0x74,0x72,0x75,0x63,0x74,0x20,0x74,0x65,0x78,0x5f,0x61,0x74,0x6c,0x61,0x73,
    0x5f,0x65,0x6e,0x74,0x72,0x79,0x0a,0x7b,0x0a,0x20,0x20,0x20,0x20,0x66,0x6c,0x6f,
    0x61,0x74,0x32,0x20,0x6d,0x69,0x3b,0x0a,0x20,0x20,0x20,0x20,0x66,0x6c,0x6f,0x61,
    0x74,0x32,0x20,0x6d,0x61,0x3b,0x0a,0x20,0x20,0x20,0x20,0x66,0x6c,0x6f,0x61,0x74,
    0x32,0x20,0x73,0x69,0x7a,0x65,0x3b,0x0a,0x20,0x20,0x20,0x20,0x69,0x6e,0x74,0x20,
    0x6c,0x61,0x79,0x65,0x72,0x3b,0x0a,0x7d,0x3b,0x0a,0x0a,0x73,0x74,0x72,0x75,0x63,
    0x74,0x20,0x74,0x65,0x78,0x5f,0x61,0x74,0x6c,0x61,0x73,0x5f,0x65,0x6e,0x74,0x72,
    0x79,0x5f,0x69,0x6e,0x66,0x6f,0x5f,0x74,0x0a,0x7b,0x0a,0x20,0x20,0x20,0x20,0x66,
    0x6c,0x6f,0x61,0x74,0x32,0x20,0x75,0x76,0x5f,0x6d,0x69,0x6e,0x3b,0x0a,0x20,0x20,
    0x20,0x20,0x66,0x6c,0x6f,0x61,0x74,0x32,0x20,0x75,0x76,0x5f,0x6d,0x61,0x78,0x3b,
    0x0a,0x20,0x20,0x20,0x20,0x69,0x6e,0x74,0x20,0x6c,0x61,0x79,0x65,0x72,0x3b,0x0a,
    0x20,0x20,0x20,0x20,0x69,0x6e,0x74,0x20,0x61,0x6e,0x69,0x6d,0x5f,0x74,0x69,0x63,
    0x6b,0x73,0x5f,0x70,0x65,0x72,0x5f,0x66,0x72,0x61,0x6d,0x65,0x3b,0x0a,0x20,0x20,
    0x20,0x20,0x69,0x6e,0x74,0x20,0x61,0x6e,0x69,0x6d,0x5f,0x77,0x69,0x64,0x74,0x68,
    0x3b,0x0a,0x20,0x20,0x20,0x20,0x63,0x68,0x61,0x72,0x20,0x5f,0x6d,0x30,0x5f,0x66,
    0x69,0x6e,0x61,0x6c,0x5f,0x70,0x61,0x64,0x64,0x69,0x6e,0x67,0x5b,0x34,0x5d,0x3b,
    0x0a,0x7d,0x3b,0x0a,0x0a,0x73,0x74,0x72,0x75,0x63,0x74,0x20,0x74,0x65,0x78,0x5f,
    0x61,0x74,0x6c,0x61,0x73,0x5f,0x65,0x6e,0x74,0x72,0x69,0x65,0x73,0x5f,0x62,0x75,
    0x66,0x66,0x65,0x72,0x0a,0x7b,0x0a,0x20,0x20,0x20,0x20,0x74,0x65,0x78,0x5f,0x61,
    0x74,0x6c,0x61,0x73,0x5f,0x65,0x6e,0x74,0x72,0x79,0x5f,0x69,0x6e,0x66,0x6f,0x5f,
    0x74,0x20,0x74,0x65,0x78,0x5f,0x61,0x74,0x6c,0x61,0x73,0x5f,0x65,0x6e,0x74,0x72,
    0x69,0x65,0x73,0x5b,0x31,0x5d,0x3b,0x0a,0x7d,0x3b,0x0a,0x0a,0x73,0x74,0x72,0x75,
    0x63,0x74,0x20,0x66,0x73,0x5f,0x70,0x61,0x72,0x61,0x6d,0x73,0x0a,0x7b,0x0a,0x20,
    0x20,0x20,0x20,0x69,0x6e,0x74,0x20,0x74,0x69,0x63,0x6b,0x3b,0x0a,0x20,0x20,0x20,
    0x20,0x66,0x6c,0x6f,0x61,0x74,0x20,0x74,0x69,0x6d,0x65,0x5f,0x73,0x3b,0x0a,0x20,
    0x20,0x20,0x20,0x66,0x6c,0x6f,0x61,0x74,0x33,0x20,0x63,0x61,0x6d,0x5f,0x72,0x69,
    0x67,0x68,0x74,0x3b,0x0a,0x20,0x20,0x20,0x20,0x66,0x6c,0x6f,0x61,0x74,0x33,0x20,
    0x63,0x61,0x6d,0x5f,0x64,0x69,0x72,0x3b,0x0a,0x20,0x20,0x20,0x20,0x66,0x6c,0x6f,
    0x61,0x74,0x33,0x20,0x63,0x61,0x6d,0x5f,0x75,0x70,0x3b,0x0a,0x20,0x20,0x20,0x20,
    0x66,0x6c,0x6f,0x61,0x74,0x34,0x78,0x34,0x20,0x76,0x69,0x65,0x77,0x3b,0x0a,0x7d,
    0x3b,0x0a,0x0a,0x73,0x74,0x72,0x75,0x63,0x74,0x20,0x6d,0x61,0x69,0x6e,0x30,0x5f,
    0x6f,0x75,0x74,0x0a,0x7b,0x0a,0x20,0x20,0x20,0x20,0x66,0x6c,0x6f,0x61,0x74,0x34,
    0x20,0x66,0x72,0x61,0x67,0x5f,0x63,0x6f,0x6c,0x6f,0x72,0x20,0x5b,0x5b,0x63,0x6f,
    0x6c,0x6f,0x72,0x28,0x30,0x29,0x5d,0x5d,0x3b,0x0a,0x20,0x20,0x20,0x20,0x66,0x6c,
    0x6f,0x61,0x74,0x34,0x20,0x66,0x72,0x61,0x67,0x5f,0x70,0x6f,0x73,0x5f,0x77,0x5f,
    0x69,0x64,0x20,0x5b,0x5b,0x63,0x6f,0x6c,0x6f,0x72,0x28,0x31,0x29,0x5d,0x5d,0x3b,
    0x0a,0x20,0x20,0x20,0x20,0x66,0x6c,0x6f,0x61,0x74,0x34,0x20,0x66,0x72,0x61,0x67,
    0x5f,0x70,0x6f,0x73,0x5f,0x76,0x5f,0x69,0x6e,0x64,0x65,0x78,0x5f,0x74,0x79,0x70,
    0x65,0x5f,0x66,0x6c,0x61,0x67,0x73,0x20,0x5b,0x5b,0x63,0x6f,0x6c,0x6f,0x72,0x28,
    0x32,0x29,0x5d,0x5d,0x3b,0x0a,0x20,0x20,0x20,0x20,0x66,0x6c,0x6f,0x61,0x74,0x34,
    0x20,0x66,0x72,0x61,0x67,0x5f,0x6e,0x6f,0x72,0x6d,0x61,0x6c,0x5f,0x75,0x76,0x20,
    0x5b,0x5b,0x63,0x6f,0x6c,0x6f,0x72,0x28,0x33,0x29,0x5d,0x5d,0x3b,0x0a,0x7d,0x3b,
    0x0a,0x0a,0x73,0x74,0x72,0x75,0x63,0x74,0x20,0x6d,0x61,0x69,0x6e,0x30,0x5f,0x69,
    0x6e,0x0a,0x7b,0x0a,0x20,0x20,0x20,0x20,0x66,0x6c,0x6f,0x61,0x74,0x32,0x20,0x70,
    0x6f,0x73,0x5f,0x73,0x20,0x5b,0x5b,0x75,0x73,0x65,0x72,0x28,0x6c,0x6f,0x63,0x6e,
    0x31,0x29,0x5d,0x5d,0x3b,0x0a,0x20,0x20,0x20,0x20,0x66,0x6c,0x6f,0x61,0x74,0x33,
    0x20,0x70,0x6f,0x73,0x5f,0x77,0x20,0x5b,0x5b,0x75,0x73,0x65,0x72,0x28,0x6c,0x6f,
    0x63,0x6e,0x32,0x29,0x5d,0x5d,0x3b,0x0a,0x20,0x20,0x20,0x20,0x66,0x6c,0x6f,0x61,
    0x74,0x33,0x20,0x70,0x6f,0x73,0x5f,0x76,0x20,0x5b,0x5b,0x75,0x73,0x65,0x72,0x28,
    0x6c,0x6f,0x63,0x6e,0x33,0x29,0x5d,0x5d,0x3b,0x0a,0x20,0x20,0x20,0x20,0x66,0x6c,
    0x6f,0x61,0x74,0x32,0x20,0x75,0x76,0x20,0x5b,0x5b,0x75,0x73,0x65,0x72,0x28,0x6c,
    0x6f,0x63,0x6e,0x34,0x29,0x5d,0x5d,0x3b,0x0a,0x20,0x20,0x20,0x20,0x66,0x6c,0x6f,
    0x61,0x74,0x32,0x20,0x73,0x69,0x7a,0x65,0x20,0x5b,0x5b,0x75,0x73,0x65,0x72,0x28,
    0x6c,0x6f,0x63,0x6e,0x35,0x29,0x5d,0x5d,0x3b,0x0a,0x20,0x20,0x20,0x20,0x69,0x6e,
    0x74,0x20,0x69,0x64,0x20,0x5b,0x5b,0x75,0x73,0x65,0x72,0x28,0x6c,0x6f,0x63,0x6e,
    0x38,0x29,0x5d,0x5d,0x3b,0x0a,0x20,0x20,0x20,0x20,0x69,0x6e,0x74,0x20,0x74,0x79,
    0x70,0x65,0x20,0x5b,0x5b,0x75,0x73,0x65,0x72,0x28,0x6c,0x6f,0x63,0x6e,0x39,0x29,
    0x5d,0x5d,0x3b,0x0a,0x20,0x20,0x20,0x20,0x69,0x6e,0x74,0x20,0x74,0x65,0x78,0x5f,
    0x69,0x64,0x20,0x5b,0x5b,0x75,0x73,0x65,0x72,0x28,0x6c,0x6f,0x63,0x6e,0x31,0x30,
    0x29,0x5d,0x5d,0x3b,0x0a,0x20,0x20,0x20,0x20,0x69,0x6e,0x74,0x20,0x73,0x74,0x61,
    0x72,0x74,0x20,0x5b,0x5b,0x75,0x73,0x65,0x72,0x28,0x6c,0x6f,0x63,0x6e,0x31,0x32,
    0x29,0x5d,0x5d,0x3b,0x0a,0x20,0x20,0x20,0x20,0x66,0x6c,0x6f,0x61,0x74,0x34,0x20,
    0x63,0x6f,0x6c,0x6f,0x72,0x20,0x5b,0x5b,0x75,0x73,0x65,0x72,0x28,0x6c,0x6f,0x63,
    0x6e,0x31,0x33,0x29,0x2c,0x20,0x66,0x6c,0x61,0x74,0x5d,0x5d,0x3b,0x0a,0x20,0x20,
    0x20,0x20,0x66,0x6c,0x6f,0x61,0x74,0x34,0x20,0x68,0x73,0x76,0x61,0x20,0x5b,0x5b,
    0x75,0x73,0x65,0x72,0x28,0x6c,0x6f,0x63,0x6e,0x31,0x34,0x29,0x2c,0x20,0x66,0x6c,
    0x61,0x74,0x5d,0x5d,0x3b,0x0a,0x7d,0x3b,0x0a,0x0a,0x73,0x74,0x61,0x74,0x69,0x63,
    0x20,0x69,0x6e,0x6c,0x69,0x6e,0x65,0x20,0x5f,0x5f,0x61,0x74,0x74,0x72,0x69,0x62,
    0x75,0x74,0x65,0x5f,0x5f,0x28,0x28,0x61,0x6c,0x77,0x61,0x79,0x73,0x5f,0x69,0x6e,
    0x6c,0x69,0x6e,0x65,0x29,0x29,0x0a,0x66,0x6c,0x6f,0x61,0x74,0x20,0x72,0x61,0x6e,
    0x64,0x28,0x74,0x68,0x72,0x65,0x61,0x64,0x20,0x63,0x6f,0x6e,0x73,0x74,0x20,0x66,
    0x6c,0x6f,0x61,0x74,0x32,0x26,0x20,0x63,0x6f,0x29,0x0a,0x7b,0x0a,0x20,0x20,0x20,
    0x20,0x72,0x65,0x74,0x75,0x72,0x6e,0x20,0x66,0x72,0x61,0x63,0x74,0x28,0x73,0x69,
    0x6e,0x28,0x64,0x6f,0x74,0x28,0x63,0x6f,0x2c,0x20,0x66,0x6c,0x6f,0x61,0x74,0x32,
    0x28,0x31,0x32,0x2e,0x39,0x38,0x39,0x38,0x30,0x30,0x34,0x35,0x33,0x31,0x38,0x36,
    0x30,0x33,0x35,0x31,0x35,0x36,0x32,0x35,0x2c,0x20,0x37,0x38,0x2e,0x32,0x33,0x33,
    0x30,0x30,0x31,0x37,0x30,0x38,0x39,0x38,0x34,0x33,0x37,0x35,0x29,0x29,0x29,0x20,
    0x2a,0x20,0x34,0x33,0x37,0x35,0x38,0x2e,0x35,0x34,0x36,0x38,0x37,0x35,0x29,0x3b,
    0x0a,0x7d,0x0a,0x0a,0x73,0x74,0x61,0x74,0x69,0x63,0x20,0x69,0x6e,0x6c,0x69,0x6e,
    0x65,0x20,0x5f,0x5f,0x61,0x74,0x74,0x72,0x69,0x62,0x75,0x74,0x65,0x5f,0x5f,0x28,
    0x28,0x61,0x6c,0x77,0x61,0x79,0x73,0x5f,0x69,0x6e,0x6c,0x69,0x6e,0x65,0x29,0x29,
    0x0a,0x66,0x6c,0x6f,0x61,0x74,0x20,0x68,0x61,0x73,0x68,0x28,0x74,0x68,0x72,0x65,
    0x61,0x64,0x20,0x63,0x6f,0x6e,0x73,0x74,0x20,0x66,0x6c,0x6f,0x61,0x74,0x26,0x20,
    0x6e,0x29,0x0a,0x7b,0x0a,0x20,0x20,0x20,0x20,0x72,0x65,0x74,0x75,0x72,0x6e,0x20,
    0x66,0x72,0x61,0x63,0x74,0x28,0x73,0x69,0x6e,0x28,0x6e,0x29,0x20,0x2a,0x20,0x34,
    0x33,0x37,0x35,0x38,0x2e,0x35,0x34,0x36,0x38,0x37,0x35,0x29,0x3b,0x0a,0x7d,0x0a,
    0x0a,0x73,0x74,0x61,0x74,0x69,0x63,0x20,0x69,0x6e,0x6c,0x69,0x6e,0x65,0x20,0x5f,
    0x5f,0x61,0x74,0x74,0x72,0x69,0x62,0x75,0x74,0x65,0x5f,0x5f,0x28,0x28,0x61,0x6c,
    0x77,0x61,0x79,0x73,0x5f,0x69,0x6e,0x6c,0x69,0x6e,0x65,0x29,0x29,0x0a,0x66,0x6c,
    0x6f,0x61,0x74,0x20,0x5f,0x6e,0x6f,0x69,0x73,0x65,0x28,0x74,0x68,0x72,0x65,0x61,
    0x64,0x20,0x63,0x6f,0x6e,0x73,0x74,0x20,0x66,0x6c,0x6f,0x61,0x74,0x33,0x26,0x20,
    0x78,0x29,0x0a,0x7b,0x0a,0x20,0x20,0x20,0x20,0x66,0x6c,0x6f,0x61,0x74,0x33,0x20,
    0x5f,0x38,0x33,0x20,0x3d,0x20,0x66,0x6c,0x6f,0x6f,0x72,0x28,0x78,0x29,0x3b,0x0a,
    0x20,0x20,0x20,0x20,0x66,0x6c,0x6f,0x61,0x74,0x33,0x20,0x5f,0x38,0x36,0x20,0x3d,
    0x20,0x66,0x72,0x61,0x63,0x74,0x28,0x78,0x29,0x3b,0x0a,0x20,0x20,0x20,0x20,0x66,
    0x6c,0x6f,0x61,0x74,0x33,0x20,0x5f,0x39,0x36,0x20,0x3d,0x20,0x28,0x5f,0x38,0x36,
    0x20,0x2a,0x20,0x5f,0x38,0x36,0x29,0x20,0x2a,0x20,0x28,0x66,0x6c,0x6f,0x61,0x74,
    0x33,0x28,0x33,0x2e,0x30,0x29,0x20,0x2d,0x20,0x28,0x5f,0x38,0x36,0x20,0x2a,0x20,
    0x32,0x2e,0x30,0x29,0x29,0x3b,0x0a,0x20,0x20,0x20,0x20,0x66,0x6c,0x6f,0x61,0x74,
    0x20,0x5f,0x31,0x31,0x33,0x20,0x3d,0x20,0x66,0x6d,0x61,0x28,0x31,0x31,0x33,0x2e,
    0x30,0x2c,0x20,0x5f,0x38,0x33,0x2e,0x7a,0x2c,0x20,0x66,0x6d,0x61,0x28,0x5f,0x38,
    0x33,0x2e,0x79,0x2c,0x20,0x35,0x37,0x2e,0x30,0x2c,0x20,0x5f,0x38,0x33,0x2e,0x78,
    0x29,0x29,0x3b,0x0a,0x20,0x20,0x20,0x20,0x66,0x6c,0x6f,0x61,0x74,0x20,0x70,0x61,
    0x72,0x61,0x6d,0x20,0x3d,0x20,0x5f,0x31,0x31,0x33,0x3b,0x0a,0x20,0x20,0x20,0x20,
    0x66,0x6c,0x6f,0x61,0x74,0x20,0x70,0x61,0x72,0x61,0x6d,0x5f,0x31,0x20,0x3d,0x20,
    0x5f,0x31,0x31,0x33,0x20,0x2b,0x20,0x31,0x2e,0x30,0x3b,0x0a,0x20,0x20,0x20,0x20,
    0x66,0x6c,0x6f,0x61,0x74,0x20,0x5f,0x31,0x32,0x36,0x20,0x3d,0x20,0x5f,0x39,0x36,
    0x2e,0x78,0x3b,0x0a,0x20,0x20,0x20,0x20,0x66,0x6c,0x6f,0x61,0x74,0x20,0x70,0x61,
    0x72,0x61,0x6d,0x5f,0x32,0x20,0x3d,0x20,0x5f,0x31,0x31,0x33,0x20,0x2b,0x20,0x35,
    0x37,0x2e,0x30,0x3b,0x0a,0x20,0x20,0x20,0x20,0x66,0x6c,0x6f,0x61,0x74,0x20,0x70,
    0x61,0x72,0x61,0x6d,0x5f,0x33,0x20,0x3d,0x20,0x5f,0x31,0x31,0x33,0x20,0x2b,0x20,
    0x35,0x38,0x2e,0x30,0x3b,0x0a,0x20,0x20,0x20,0x20,0x66,0x6c,0x6f,0x61,0x74,0x20,
    0x5f,0x31,0x34,0x31,0x20,0x3d,0x20,0x5f,0x39,0x36,0x2e,0x79,0x3b,0x0a,0x20,0x20,
    0x20,0x20,0x66,0x6c,0x6f,0x61,0x74,0x20,0x70,0x61,0x72,0x61,0x6d,0x5f,0x34,0x20,
    0x3d,0x20,0x5f,0x31,0x31,0x33,0x20,0x2b,0x20,0x31,0x31,0x33,0x2e,0x30,0x3b,0x0a,
    0x20,0x20,0x20,0x20,0x66,0x6c,0x6f,0x61,0x74,0x20,0x70,0x61,0x72,0x61,0x6d,0x5f,
    0x35,0x20,0x3d,0x20,0x5f,0x31,0x31,0x33,0x20,0x2b,0x20,0x31,0x31,0x34,0x2e,0x30,
    0x3b,0x0a,0x20,0x20,0x20,0x20,0x66,0x6c,0x6f,0x61,0x74,0x20,0x70,0x61,0x72,0x61,
    0x6d,0x5f,0x36,0x20,0x3d,0x20,0x5f,0x31,0x31,0x33,0x20,0x2b,0x20,0x31,0x37,0x30,
    0x2e,0x30,0x3b,0x0a,0x20,0x20,0x20,0x20,0x66,0x6c,0x6f,0x61,0x74,0x20,0x70,0x61,
    0x72,0x61,0x6d,0x5f,0x37,0x20,0x3d,0x20,0x5f,0x31,0x31,0x33,0x20,0x2b,0x20,0x31,
    0x37,0x31,0x2e,0x30,0x3b,0x0a,0x20,0x20,0x20,0x20,0x72,0x65,0x74,0x75,0x72,0x6e,
    0x20,0x6d,0x69,0x78,0x28,0x6d,0x69,0x78,0x28,0x6d,0x69,0x78,0x28,0x68,0x61,0x73,
    0x68,0x28,0x70,0x61,0x72,0x61,0x6d,0x29,0x2c,0x20,0x68,0x61,0x73,0x68,0x28,0x70,
    0x61,0x72,0x61,0x6d,0x5f,0x31,0x29,0x2c,0x20,0x5f,0x31,0x32,0x36,0x29,0x2c,0x20,
    0x6d,0x69,0x78,0x28,0x68,0x61,0x73,0x68,0x28,0x70,0x61,0x72,0x61,0x6d,0x5f,0x32,
    0x29,0x2c,0x20,0x68,0x61,0x73,0x68,0x28,0x70,0x61,0x72,0x61,0x6d,0x5f,0x33,0x29,
    0x2c,0x20,0x5f,0x31,0x32,0x36,0x29,0x2c,0x20,0x5f,0x31,0x34,0x31,0x29,0x2c,0x20,
    0x6d,0x69,0x78,0x28,0x6d,0x69,0x78,0x28,0x68,0x61,0x73,0x68,0x28,0x70,0x61,0x72,
    0x61,0x6d,0x5f,0x34,0x29,0x2c,0x20,0x68,0x61,0x73,0x68,0x28,0x70,0x61,0x72,0x61,
    0x6d,0x5f,0x35,0x29,0x2c,0x20,0x5f,0x31,0x32,0x36,0x29,0x2c,0x20,0x6d,0x69,0x78,
    0x28,0x68,0x61,0x73,0x68,0x28,0x70,0x61,0x72,0x61,0x6d,0x5f,0x36,0x29,0x2c,0x20,
    0x68,0x61,0x73,0x68,0x28,0x70,0x61,0x72,0x61,0x6d,0x5f,0x37,0x29,0x2c,0x20,0x5f,
    0x31,0x32,0x36,0x29,0x2c,0x20,0x5f,0x31,0x34,0x31,0x29,0x2c,0x20,0x5f,0x39,0x36,
    0x2e,0x7a,0x29,0x3b,0x0a,0x7d,0x0a,0x0a,0x73,0x74,0x61,0x74,0x69,0x63,0x20,0x69,
    0x6e,0x6c,0x69,0x6e,0x65,0x20,0x5f,0x5f,0x61,0x74,0x74,0x72,0x69,0x62,0x75,0x74,
    0x65,0x5f,0x5f,0x28,0x28,0x61,0x6c,0x77,0x61,0x79,0x73,0x5f,0x69,0x6e,0x6c,0x69,
    0x6e,0x65,0x29,0x29,0x0a,0x66,0x6c,0x6f,0x61,0x74,0x20,0x66,0x62,0x6d,0x28,0x74,
    0x68,0x72,0x65,0x61,0x64,0x20,0x66,0x6c,0x6f,0x61,0x74,0x33,0x26,0x20,0x70,0x29,
    0x0a,0x7b,0x0a,0x20,0x20,0x20,0x20,0x66,0x6c,0x6f,0x61,0x74,0x33,0x20,0x70,0x61,
    0x72,0x61,0x6d,0x20,0x3d,0x20,0x70,0x3b,0x0a,0x20,0x20,0x20,0x20,0x66,0x6c,0x6f,
    0x61,0x74,0x20,0x66,0x20,0x3d,0x20,0x30,0x2e,0x35,0x20,0x2a,0x20,0x5f,0x6e,0x6f,
    0x69,0x73,0x65,0x28,0x70,0x61,0x72,0x61,0x6d,0x29,0x3b,0x0a,0x20,0x20,0x20,0x20,
    0x70,0x20,0x3d,0x20,0x28,0x66,0x6c,0x6f,0x61,0x74,0x33,0x78,0x33,0x28,0x66,0x6c,
    0x6f,0x61,0x74,0x33,0x28,0x30,0x2e,0x30,0x2c,0x20,0x30,0x2e,0x38,0x30,0x30,0x30,
    0x30,0x30,0x30,0x31,0x31,0x39,0x32,0x30,0x39,0x32,0x38,0x39,0x35,0x35,0x30,0x37,
    0x38,0x31,0x32,0x35,0x2c,0x20,0x30,0x2e,0x36,0x30,0x30,0x30,0x30,0x30,0x30,0x32,
    0x33,0x38,0x34,0x31,0x38,0x35,0x37,0x39,0x31,0x30,0x31,0x35,0x36,0x32,0x35,0x29,
    0x2c,0x20,0x66,0x6c,0x6f,0x61,0x74,0x33,0x28,0x2d,0x30,0x2e,0x38,0x30,0x30,0x30,
    0x30,0x30,0x30,0x31,0x31,0x39,0x32,0x30,0x39,0x32,0x38,0x39,0x35,0x35,0x30,0x37,
    0x38,0x31,0x32,0x35,0x2c,0x20,0x30,0x2e,0x33,0x36,0x30,0x30,0x30,0x30,0x30,0x31,
    0x34,0x33,0x30,0x35,0x31,0x31,0x34,0x37,0x34,0x36,0x30,0x39,0x33,0x37,0x35,0x2c,
    0x20,0x2d,0x30,0x2e,0x34,0x37,0x39,0x39,0x39,0x39,0x39,0x38,0x39,0x32,0x37,0x31,
    0x31,0x36,0x33,0x39,0x34,0x30,0x34,0x32,0x39,0x36,0x38,0x37,0x35,0x29,0x2c,0x20,
    0x66,0x6c,0x6f,0x61,0x74,0x33,0x28,0x2d,0x30,0x2e,0x36,0x30,0x30,0x30,0x30,0x30,
    0x30,0x32,0x33,0x38,0x34,0x31,0x38,0x35,0x37,0x39,0x31,0x30,0x31,0x35,0x36,0x32,
    0x35,0x2c,0x20,0x2d,0x30,0x2e,0x34,0x37,0x39,0x39,0x39,0x39,0x39,0x38,0x39,0x32,
    0x37,0x31,0x31,0x36,0x33,0x39,0x34,0x30,0x34,0x32,0x39,0x36,0x38,0x37,0x35,0x2c,
    0x20,0x30,0x2e,0x36,0x33,0x39,0x39,0x39,0x39,0x39,0x38,0x35,0x36,0x39,0x34,0x38,
    0x38,0x35,0x32,0x35,0x33,0x39,0x30,0x36,0x32,0x35,0x29,0x29,0x20,0x2a,0x20,0x70,
    0x29,0x20,0x2a,0x20,0x32,0x2e,0x30,0x31,0x39,0x39,0x39,0x39,0x39,0x38,0x30,0x39,
    0x32,0x36,0x35,0x31,0x33,0x36,0x37,0x31,0x38,0x37,0x35,0x3b,0x0a,0x20,0x20,0x20,
    0x20,0x66,0x6c,0x6f,0x61,0x74,0x33,0x20,0x70,0x61,0x72,0x61,0x6d,0x5f,0x31,0x20,
    0x3d,0x20,0x70,0x3b,0x0a,0x20,0x20,0x20,0x20,0x66,0x20,0x3d,0x20,0x66,0x6d,0x61,
    0x28,0x30,0x2e,0x32,0x35,0x2c,0x20,0x5f,0x6e,0x6f,0x69,0x73,0x65,0x28,0x70,0x61,
    0x72,0x61,0x6d,0x5f,0x31,0x29,0x2c,0x20,0x66,0x29,0x3b,0x0a,0x20,0x20,0x20,0x20,
    0x70,0x20,0x3d,0x20,0x28,0x66,0x6c,0x6f,0x61,0x74,0x33,0x78,0x33,0x28,0x66,0x6c,
    0x6f,0x61,0x74,0x33,0x28,0x30,0x2e,0x30,0x2c,0x20,0x30,0x2e,0x38,0x30,0x30,0x30,
    0x30,0x30,0x30,0x31,0x31,0x39,0x32,0x30,0x39,0x32,0x38,0x39,0x35,0x35,0x30,0x37,
    0x38,0x31,0x32,0x35,0x2c,0x20,0x30,0x2e,0x36,0x30,0x30,0x30,0x30,0x30,0x30,0x32,
    0x33,0x38,0x34,0x31,0x38,0x35,0x37,0x39,0x31,0x30,0x31,0x35,0x36,0x32,0x35,0x29,
    0x2c,0x20,0x66,0x6c,0x6f,0x61,0x74,0x33,0x28,0x2d,0x30,0x2e,0x38,0x30,0x30,0x30,
    0x30,0x30,0x30,0x31,0x31,0x39,0x32,0x30,0x39,0x32,0x38,0x39,0x35,0x35,0x30,0x37,
    0x38,0x31,0x32,0x35,0x2c,0x20,0x30,0x2e,0x33,0x36,0x30,0x30,0x30,0x30,0x30,0x31,
    0x34,0x33,0x30,0x35,0x31,0x31,0x34,0x37,0x34,0x36,0x30,0x39,0x33,0x37,0x35,0x2c,
    0x20,0x2d,0x30,0x2e,0x34,0x37,0x39,0x39,0x39,0x39,0x39,0x38,0x39,0x32,0x37,0x31,
    0x31,0x36,0x33,0x39,0x34,0x30,0x34,0x32,0x39,0x36,0x38,0x37,0x35,0x29,0x2c,0x20,
    0x66,0x6c,0x6f,0x61,0x74,0x33,0x28,0x2d,0x30,0x2e,0x36,0x30,0x30,0x30,0x30,0x30,
    0x30,0x32,0x33,0x38,0x34,0x31,0x38,0x35,0x37,0x39,0x31,0x30,0x31,0x35,0x36,0x32,
    0x35,0x2c,0x20,0x2d,0x30,0x2e,0x34,0x37,0x39,0x39,0x39,0x39,0x39,0x38,0x39,0x32,
    0x37,0x31,0x31,0x36,0x33,0x39,0x34,0x30,0x34,0x32,0x39,0x36,0x38,0x37,0x35,0x2c,
    0x20,0x30,0x2e,0x36,0x33,0x39,0x39,0x39,0x39,0x39,0x38,0x35,0x36,0x39,0x34,0x38,
    0x38,0x35,0x32,0x35,0x33,0x39,0x30,0x36,0x32,0x35,0x29,0x29,0x20,0x2a,0x20,0x70,
    0x29,0x20,0x2a,0x20,0x32,0x2e,0x30,0x32,0x39,0x39,0x39,0x39,0x39,0x37,0x31,0x33,
    0x38,0x39,0x37,0x37,0x30,0x35,0x30,0x37,0x38,0x31,0x32,0x35,0x3b,0x0a,0x20,0x20,
    0x20,0x20,0x66,0x6c,0x6f,0x61,0x74,0x33,0x20,0x70,0x61,0x72,0x61,0x6d,0x5f,0x32,
    0x20,0x3d,0x20,0x70,0x3b,0x0a,0x20,0x20,0x20,0x20,0x66,0x20,0x3d,0x20,0x66,0x6d,
    0x61,0x28,0x30,0x2e,0x31,0x32,0x35,0x2c,0x20,0x5f,0x6e,0x6f,0x69,0x73,0x65,0x28,
    0x70,0x61,0x72,0x61,0x6d,0x5f,0x32,0x29,0x2c,0x20,0x66,0x29,0x3b,0x0a,0x20,0x20,
    0x20,0x20,0x70,0x20,0x3d,0x20,0x28,0x66,0x6c,0x6f,0x61,0x74,0x33,0x78,0x33,0x28,
    0x66,0x6c,0x6f,0x61,0x74,0x33,0x28,0x30,0x2e,0x30,0x2c,0x20,0x30,0x2e,0x38,0x30,
    0x30,0x30,0x30,0x30,0x30,0x31,0x31,0x39,0x32,0x30,0x39,0x32,0x38,0x39,0x35,0x35,
    0x30,0x37,0x38,0x31,0x32,0x35,0x2c,0x20,0x30,0x2e,0x36,0x30,0x30,0x30,0x30,0x30,
    0x30,0x32,0x33,0x38,0x34,0x31,0x38,0x35,0x37,0x39,0x31,0x30,0x31,0x35,0x36,0x32,
    0x35,0x29,0x2c,0x20,0x66,0x6c,0x6f,0x61,0x74,0x33,0x28,0x2d,0x30,0x2e,0x38,0x30,
    0x30,0x30,0x30,0x30,0x30,0x31,0x31,0x39,0x32,0x30,0x39,0x32,0x38,0x39,0x35,0x35,
    0x30,0x37,0x38,0x31,0x32,0x35,0x2c,0x20,0x30,0x2e,0x33,0x36,0x30,0x30,0x30,0x30,
    0x30,0x31,0x34,0x33,0x30,0x35,0x31,0x31,0x34,0x37,0x34,0x36,0x30,0x39,0x33,0x37,
    0x35,0x2c,0x20,0x2d,0x30,0x2e,0x34,0x37,0x39,0x39,0x39,0x39,0x39,0x38,0x39,0x32,
    0x37,0x31,0x31,0x36,0x33,0x39,0x34,0x30,0x34,0x32,0x39,0x36,0x38,0x37,0x35,0x29,
    0x2c,0x20,0x66,0x6c,0x6f,0x61,0x74,0x33,0x28,0x2d,0x30,0x2e,0x36,0x30,0x30,0x30,
    0x30,0x30,0x30,0x32,0x33,0x38,0x34,0x31,0x38,0x35,0x37,0x39,0x31,0x30,0x31,0x35,
    0x36,0x32,0x35,0x2c,0x20,0x2d,0x30,0x2e,0x34,0x37,0x39,0x39,0x39,0x39,0x39,0x38,
    0x39,0x32,0x37,0x31,0x31,0x36,0x33,0x39,0x34,0x30,0x34,0x32,0x39,0x36,0x38,0x37,
    0x35,0x2c,0x20,0x30,0x2e,0x36,0x33,0x39,0x39,0x39,0x39,0x39,0x38,0x35,0x36,0x39,
    0x34,0x38,0x38,0x35,0x32,0x35,0x33,0x39,0x30,0x36,0x32,0x35,0x29,0x29,0x20,0x2a,
    0x20,0x70,0x29,0x20,0x2a,0x20,0x32,0x2e,0x30,0x30,0x39,0x39,0x39,0x39,0x39,0x39,
    0x30,0x34,0x36,0x33,0x32,0x35,0x36,0x38,0x33,0x35,0x39,0x33,0x37,0x35,0x3b,0x0a,
    0x20,0x20,0x20,0x20,0x66,0x6c,0x6f,0x61,0x74,0x33,0x20,0x70,0x61,0x72,0x61,0x6d,
    0x5f,0x33,0x20,0x3d,0x20,0x70,0x3b,0x0a,0x20,0x20,0x20,0x20,0x66,0x6c,0x6f,0x61,
    0x74,0x20,0x5f,0x32,0x33,0x31,0x20,0x3d,0x20,0x66,0x3b,0x0a,0x20,0x20,0x20,0x20,
    0x66,0x6c,0x6f,0x61,0x74,0x20,0x5f,0x32,0x33,0x32,0x20,0x3d,0x20,0x66,0x6d,0x61,
    0x28,0x30,0x2e,0x30,0x36,0x32,0x35,0x2c,0x20,0x5f,0x6e,0x6f,0x69,0x73,0x65,0x28,
    0x70,0x61,0x72,0x61,0x6d,0x5f,0x33,0x29,0x2c,0x20,0x5f,0x32,0x33,0x31,0x29,0x3b,
    0x0a,0x20,0x20,0x20,0x20,0x66,0x20,0x3d,0x20,0x5f,0x32,0x33,0x32,0x3b,0x0a,0x20,
    0x20,0x20,0x20,0x72,0x65,0x74,0x75,0x72,0x6e,0x20,0x5f,0x32,0x33,0x32,0x3b,0x0a,
    0x7d,0x0a,0x0a,0x73,0x74,0x61,0x74,0x69,0x63,0x20,0x69,0x6e,0x6c,0x69,0x6e,0x65,
    0x20,0x5f,0x5f,0x61,0x74,0x74,0x72,0x69,0x62,0x75,0x74,0x65,0x5f,0x5f,0x28,0x28,
    0x61,0x6c,0x77,0x61,0x79,0x73,0x5f,0x69,0x6e,0x6c,0x69,0x6e,0x65,0x29,0x29,0x0a,
    0x76,0x6f,0x69,0x64,0x20,0x74,0x65,0x78,0x5f,0x61,0x74,0x6c,0x61,0x73,0x5f,0x6c,
    0x6f,0x6f,0x6b,0x75,0x70,0x28,0x74,0x68,0x72,0x65,0x61,0x64,0x20,0x63,0x6f,0x6e,
    0x73,0x74,0x20,0x69,0x6e,0x74,0x26,0x20,0x74,0x65,0x78,0x74,0x75,0x72,0x65,0x5f,
    0x69,0x64,0x2c,0x20,0x74,0x68,0x72,0x65,0x61,0x64,0x20,0x63,0x6f,0x6e,0x73,0x74,
    0x20,0x69,0x6e,0x74,0x26,0x20,0x74,0x69,0x63,0x6b,0x2c,0x20,0x74,0x68,0x72,0x65,
    0x61,0x64,0x20,0x74,0x65,0x78,0x5f,0x61,0x74,0x6c,0x61,0x73,0x5f,0x65,0x6e,0x74,
    0x72,0x79,0x26,0x20,0x65,0x6e,0x74,0x72,0x79,0x2c,0x20,0x63,0x6f,0x6e,0x73,0x74,
    0x20,0x64,0x65,0x76,0x69,0x63,0x65,0x20,0x74,0x65,0x78,0x5f,0x61,0x74,0x6c,0x61,
    0x73,0x5f,0x65,0x6e,0x74,0x72,0x69,0x65,0x73,0x5f,0x62,0x75,0x66,0x66,0x65,0x72,
    0x26,0x20,0x5f,0x34,0x38,0x34,0x29,0x0a,0x7b,0x0a,0x20,0x20,0x20,0x20,0x65,0x6e,
    0x74,0x72,0x79,0x2e,0x6d,0x69,0x20,0x3d,0x20,0x5f,0x34,0x38,0x34,0x2e,0x74,0x65,
    0x78,0x5f,0x61,0x74,0x6c,0x61,0x73,0x5f,0x65,0x6e,0x74,0x72,0x69,0x65,0x73,0x5b,
    0x74,0x65,0x78,0x74,0x75,0x72,0x65,0x5f,0x69,0x64,0x5d,0x2e,0x75,0x76,0x5f,0x6d,
    0x69,0x6e,0x3b,0x0a,0x20,0x20,0x20,0x20,0x65,0x6e,0x74,0x72,0x79,0x2e,0x6d,0x61,
    0x20,0x3d,0x20,0x5f,0x34,0x38,0x34,0x2e,0x74,0x65,0x78,0x5f,0x61,0x74,0x6c,0x61,
    0x73,0x5f,0x65,0x6e,0x74,0x72,0x69,0x65,0x73,0x5b,0x74,0x65,0x78,0x74,0x75,0x72,
    0x65,0x5f,0x69,0x64,0x5d,0x2e,0x75,0x76,0x5f,0x6d,0x61,0x78,0x3b,0x0a,0x20,0x20,
    0x20,0x20,0x65,0x6e,0x74,0x72,0x79,0x2e,0x73,0x69,0x7a,0x65,0x20,0x3d,0x20,0x65,
    0x6e,0x74,0x72,0x79,0x2e,0x6d,0x61,0x20,0x2d,0x20,0x65,0x6e,0x74,0x72,0x79,0x2e,
    0x6d,0x69,0x3b,0x0a,0x20,0x20,0x20,0x20,0x65,0x6e,0x74,0x72,0x79,0x2e,0x6c,0x61,
    0x79,0x65,0x72,0x20,0x3d,0x20,0x5f,0x34,0x38,0x34,0x2e,0x74,0x65,0x78,0x5f,0x61,
    0x74,0x6c,0x61,0x73,0x5f,0x65,0x6e,0x74,0x72,0x69,0x65,0x73,0x5b,0x74,0x65,0x78,
    0x74,0x75,0x72,0x65,0x5f,0x69,0x64,0x5d,0x2e,0x6c,0x61,0x79,0x65,0x72,0x3b,0x0a,
    0x20,0x20,0x20,0x20,0x69,0x66,0x20,0x28,0x5f,0x34,0x38,0x34,0x2e,0x74,0x65,0x78,
    0x5f,0x61,0x74,0x6c,0x61,0x73,0x5f,0x65,0x6e,0x74,0x72,0x69,0x65,0x73,0x5b,0x74,
    0x65,0x78,0x74,0x75,0x72,0x65,0x5f,0x69,0x64,0x5d,0x2e,0x61,0x6e,0x69,0x6d,0x5f,
    0x74,0x69,0x63,0x6b,0x73,0x5f,0x70,0x65,0x72,0x5f,0x66,0x72,0x61,0x6d,0x65,0x20,
    0x3e,0x20,0x30,0x29,0x0a,0x20,0x20,0x20,0x20,0x7b,0x0a,0x20,0x20,0x20,0x20,0x20,
    0x20,0x20,0x20,0x66,0x6c,0x6f,0x61,0x74,0x20,0x5f,0x35,0x32,0x38,0x20,0x3d,0x20,
    0x66,0x6c,0x6f,0x61,0x74,0x28,0x5f,0x34,0x38,0x34,0x2e,0x74,0x65,0x78,0x5f,0x61,
    0x74,0x6c,0x61,0x73,0x5f,0x65,0x6e,0x74,0x72,0x69,0x65,0x73,0x5b,0x74,0x65,0x78,
    0x74,0x75,0x72,0x65,0x5f,0x69,0x64,0x5d,0x2e,0x61,0x6e,0x69,0x6d,0x5f,0x77,0x69,
    0x64,0x74,0x68,0x29,0x20,0x2a,0x20,0x30,0x2e,0x30,0x30,0x30,0x32,0x34,0x34,0x31,
    0x34,0x30,0x36,0x32,0x35,0x3b,0x0a,0x20,0x20,0x20,0x20,0x20,0x20,0x20,0x20,0x66,
    0x6c,0x6f,0x61,0x74,0x20,0x5f,0x35,0x33,0x31,0x20,0x3d,0x20,0x65,0x6e,0x74,0x72,
    0x79,0x2e,0x73,0x69,0x7a,0x65,0x2e,0x78,0x3b,0x0a,0x20,0x20,0x20,0x20,0x20,0x20,
    0x20,0x20,0x69,0x6e,0x74,0x20,0x5f,0x35,0x34,0x30,0x20,0x3d,0x20,0x28,0x74,0x69,
    0x63,0x6b,0x20,0x2f,0x20,0x31,0x30,0x29,0x20,0x25,0x20,0x69,0x6e,0x74,0x28,0x5f,
    0x35,0x33,0x31,0x20,0x2f,0x20,0x5f,0x35,0x32,0x38,0x29,0x3b,0x0a,0x20,0x20,0x20,
    0x20,0x20,0x20,0x20,0x20,0x65,0x6e,0x74,0x72,0x79,0x2e,0x73,0x69,0x7a,0x65,0x2e,
    0x78,0x20,0x3d,0x20,0x5f,0x35,0x32,0x38,0x3b,0x0a,0x20,0x20,0x20,0x20,0x20,0x20,
    0x20,0x20,0x65,0x6e,0x74,0x72,0x79,0x2e,0x6d,0x69,0x2e,0x78,0x20,0x3d,0x20,0x66,
    0x6d,0x61,0x28,0x5f,0x35,0x32,0x38,0x2c,0x20,0x66,0x6c,0x6f,0x61,0x74,0x28,0x5f,
    0x35,0x34,0x30,0x29,0x2c,0x20,0x65,0x6e,0x74,0x72,0x79,0x2e,0x6d,0x69,0x2e,0x78,
    0x29,0x3b,0x0a,0x20,0x20,0x20,0x20,0x20,0x20,0x20,0x20,0x65,0x6e,0x74,0x72,0x79,
    0x2e,0x6d,0x61,0x2e,0x78,0x20,0x3d,0x20,0x66,0x6d,0x61,0x28,0x5f,0x35,0x32,0x38,
    0x2c,0x20,0x66,0x6c,0x6f,0x61,0x74,0x28,0x5f,0x35,0x34,0x30,0x20,0x2b,0x20,0x31,
    0x29,0x2c,0x20,0x65,0x6e,0x74,0x72,0x79,0x2e,0x6d,0x61,0x2e,0x78,0x29,0x3b,0x0a,
    0x20,0x20,0x20,0x20,0x7d,0x0a,0x7d,0x0a,0x0a,0x73,0x74,0x61,0x74,0x69,0x63,0x20,
    0x69,0x6e,0x6c,0x69,0x6e,0x65,0x20,0x5f,0x5f,0x61,0x74,0x74,0x72,0x69,0x62,0x75,
    0x74,0x65,0x5f,0x5f,0x28,0x28,0x61,0x6c,0x77,0x61,0x79,0x73,0x5f,0x69,0x6e,0x6c,
    0x69,0x6e,0x65,0x29,0x29,0x0a,0x66,0x6c,0x6f,0x61,0x74,0x34,0x20,0x74,0x65,0x78,
    0x5f,0x61,0x74,0x6c,0x61,0x73,0x5f,0x73,0x61,0x6d,0x70,0x6c,0x65,0x28,0x74,0x68,
    0x72,0x65,0x61,0x64,0x20,0x63,0x6f,0x6e,0x73,0x74,0x20,0x66,0x6c,0x6f,0x61,0x74,
    0x33,0x26,0x20,0x75,0x76,0x6c,0x2c,0x20,0x74,0x65,0x78,0x74,0x75,0x72,0x65,0x32,
    0x64,0x3c,0x66,0x6c,0x6f,0x61,0x74,0x3e,0x20,0x74,0x65,0x78,0x5f,0x61,0x74,0x6c,
    0x61,0x73,0x5f,0x76,0x69,0x72,0x74,0x75,0x61,0x6c,0x2c,0x20,0x73,0x61,0x6d,0x70,
    0x6c,0x65,0x72,0x20,0x73,0x6d,0x70,0x5f,0x6e,0x65,0x61,0x72,0x65,0x73,0x74,0x2c,
    0x20,0x74,0x65,0x78,0x74,0x75,0x72,0x65,0x32,0x64,0x5f,0x61,0x72,0x72,0x61,0x79,
    0x3c,0x66,0x6c,0x6f,0x61,0x74,0x3e,0x20,0x74,0x65,0x78,0x5f,0x61,0x74,0x6c,0x61,
    0x73,0x29,0x0a,0x7b,0x0a,0x20,0x20,0x20,0x20,0x69,0x66,0x20,0x28,0x69,0x6e,0x74,
    0x28,0x75,0x76,0x6c,0x2e,0x7a,0x29,0x20,0x3d,0x3d,0x20,0x32,0x35,0x35,0x29,0x0a,
    0x20,0x20,0x20,0x20,0x7b,0x0a,0x20,0x20,0x20,0x20,0x20,0x20,0x20,0x20,0x72,0x65,
    0x74,0x75,0x72,0x6e,0x20,0x74,0x65,0x78,0x5f,0x61,0x74,0x6c,0x61,0x73,0x5f,0x76,
    0x69,0x72,0x74,0x75,0x61,0x6c,0x2e,0x73,0x61,0x6d,0x70,0x6c,0x65,0x28,0x73,0x6d,
    0x70,0x5f,0x6e,0x65,0x61,0x72,0x65,0x73,0x74,0x2c,0x20,0x75,0x76,0x6c,0x2e,0x78,
    0x79,0x29,0x3b,0x0a,0x20,0x20,0x20,0x20,0x7d,0x0a,0x20,0x20,0x20,0x20,0x65,0x6c,
    0x73,0x65,0x0a,0x20,0x20,0x20,0x20,0x7b,0x0a,0x20,0x20,0x20,0x20,0x20,0x20,0x20,
    0x20,0x66,0x6c,0x6f,0x61,0x74,0x33,0x20,0x5f,0x35,0x39,0x34,0x20,0x3d,0x20,0x66,
    0x6c,0x6f,0x61,0x74,0x33,0x28,0x75,0x76,0x6c,0x2e,0x78,0x79,0x2c,0x20,0x31,0x2e,
    0x30,0x29,0x3b,0x0a,0x20,0x20,0x20,0x20,0x20,0x20,0x20,0x20,0x72,0x65,0x74,0x75,
    0x72,0x6e,0x20,0x74,0x65,0x78,0x5f,0x61,0x74,0x6c,0x61,0x73,0x2e,0x73,0x61,0x6d,
    0x70,0x6c,0x65,0x28,0x73,0x6d,0x70,0x5f,0x6e,0x65,0x61,0x72,0x65,0x73,0x74,0x2c,
    0x20,0x5f,0x35,0x39,0x34,0x2e,0x78,0x79,0x2c,0x20,0x75,0x69,0x6e,0x74,0x28,0x72,
    0x69,0x6e,0x74,0x28,0x5f,0x35,0x39,0x34,0x2e,0x7a,0x29,0x29,0x29,0x3b,0x0a,0x20,
    0x20,0x20,0x20,0x7d,0x0a,0x7d,0x0a,0x0a,0x73,0x74,0x61,0x74,0x69,0x63,0x20,0x69,
    0x6e,0x6c,0x69,0x6e,0x65,0x20,0x5f,0x5f,0x61,0x74,0x74,0x72,0x69,0x62,0x75,0x74,
    0x65,0x5f,0x5f,0x28,0x28,0x61,0x6c,0x77,0x61,0x79,0x73,0x5f,0x69,0x6e,0x6c,0x69,
    0x6e,0x65,0x29,0x29,0x0a,0x66,0x6c,0x6f,0x61,0x74,0x33,0x20,0x72,0x67,0x62,0x5f,
    0x74,0x6f,0x5f,0x68,0x73,0x76,0x28,0x74,0x68,0x72,0x65,0x61,0x64,0x20,0x63,0x6f,
    0x6e,0x73,0x74,0x20,0x66,0x6c,0x6f,0x61,0x74,0x33,0x26,0x20,0x72,0x67,0x62,0x29,
    0x0a,0x7b,0x0a,0x20,0x20,0x20,0x20,0x66,0x6c,0x6f,0x61,0x74,0x20,0x72,0x20,0x3d,
    0x20,0x72,0x67,0x62,0x2e,0x78,0x3b,0x0a,0x20,0x20,0x20,0x20,0x66,0x6c,0x6f,0x61,
    0x74,0x20,0x67,0x20,0x3d,0x20,0x72,0x67,0x62,0x2e,0x79,0x3b,0x0a,0x20,0x20,0x20,
    0x20,0x66,0x6c,0x6f,0x61,0x74,0x20,0x62,0x20,0x3d,0x20,0x72,0x67,0x62,0x2e,0x7a,
    0x3b,0x0a,0x20,0x20,0x20,0x20,0x66,0x6c,0x6f,0x61,0x74,0x20,0x4b,0x20,0x3d,0x20,
    0x30,0x2e,0x30,0x3b,0x0a,0x20,0x20,0x20,0x20,0x69,0x66,0x20,0x28,0x72,0x67,0x62,
    0x2e,0x79,0x20,0x3c,0x20,0x72,0x67,0x62,0x2e,0x7a,0x29,0x0a,0x20,0x20,0x20,0x20,
    0x7b,0x0a,0x20,0x20,0x20,0x20,0x20,0x20,0x20,0x20,0x66,0x6c,0x6f,0x61,0x74,0x20,
    0x5f,0x32,0x35,0x33,0x20,0x3d,0x20,0x67,0x3b,0x0a,0x20,0x20,0x20,0x20,0x20,0x20,
    0x20,0x20,0x67,0x20,0x3d,0x20,0x62,0x3b,0x0a,0x20,0x20,0x20,0x20,0x20,0x20,0x20,
    0x20,0x62,0x20,0x3d,0x20,0x5f,0x32,0x35,0x33,0x3b,0x0a,0x20,0x20,0x20,0x20,0x20,
    0x20,0x20,0x20,0x4b,0x20,0x3d,0x20,0x2d,0x31,0x2e,0x30,0x3b,0x0a,0x20,0x20,0x20,
    0x20,0x7d,0x0a,0x20,0x20,0x20,0x20,0x69,0x66,0x20,0x28,0x72,0x20,0x3c,0x20,0x67,
    0x29,0x0a,0x20,0x20,0x20,0x20,0x7b,0x0a,0x20,0x20,0x20,0x20,0x20,0x20,0x20,0x20,
    0x66,0x6c,0x6f,0x61,0x74,0x20,0x5f,0x32,0x36,0x33,0x20,0x3d,0x20,0x72,0x3b,0x0a,
    0x20,0x20,0x20,0x20,0x20,0x20,0x20,0x20,0x72,0x20,0x3d,0x20,0x67,0x3b,0x0a,0x20,
    0x20,0x20,0x20,0x20,0x20,0x20,0x20,0x67,0x20,0x3d,0x20,0x5f,0x32,0x36,0x33,0x3b,
    0x0a,0x20,0x20,0x20,0x20,0x20,0x20,0x20,0x20,0x4b,0x20,0x3d,0x20,0x28,0x2d,0x30,
    0x2e,0x33,0x33,0x33,0x33,0x33,0x33,0x33,0x34,0x33,0x32,0x36,0x37,0x34,0x34,0x30,
    0x37,0x39,0x35,0x38,0x39,0x38,0x34,0x33,0x37,0x35,0x29,0x20,0x2d,0x20,0x4b,0x3b,
    0x0a,0x20,0x20,0x20,0x20,0x7d,0x0a,0x20,0x20,0x20,0x20,0x66,0x6c,0x6f,0x61,0x74,
    0x20,0x5f,0x32,0x37,0x37,0x20,0x3d,0x20,0x72,0x20,0x2d,0x20,0x28,0x28,0x67,0x20,
    0x3c,0x20,0x62,0x29,0x20,0x3f,0x20,0x67,0x20,0x3a,0x20,0x62,0x29,0x3b,0x0a,0x20,
    0x20,0x20,0x20,0x72,0x65,0x74,0x75,0x72,0x6e,0x20,0x66,0x6c,0x6f,0x61,0x74,0x33,
    0x28,0x61,0x62,0x73,0x28,0x4b,0x20,0x2b,0x20,0x28,0x28,0x67,0x20,0x2d,0x20,0x62,
    0x29,0x20,0x2f,0x20,0x66,0x6d,0x61,0x28,0x36,0x2e,0x30,0x2c,0x20,0x5f,0x32,0x37,
    0x37,0x2c,0x20,0x39,0x2e,0x39,0x39,0x39,0x39,0x39,0x39,0x36,0x38,0x32,0x36,0x35,
    0x35,0x32,0x32,0x35,0x33,0x38,0x38,0x39,0x36,0x37,0x38,0x38,0x37,0x34,0x36,0x33,
    0x34,0x38,0x37,0x32,0x65,0x2d,0x32,0x31,0x29,0x29,0x29,0x2c,0x20,0x5f,0x32,0x37,
    0x37,0x20,0x2f,0x20,0x28,0x72,0x20,0x2b,0x20,0x39,0x2e,0x39,0x39,0x39,0x39,0x39,
    0x39,0x36,0x38,0x32,0x36,0x35,0x35,0x32,0x32,0x35,0x33,0x38,0x38,0x39,0x36,0x37,
    0x38,0x38,0x37,0x34,0x36,0x33,0x34,0x38,0x37,0x32,0x65,0x2d,0x32,0x31,0x29,0x2c,
    0x20,0x72,0x29,0x3b,0x0a,0x7d,0x0a,0x0a,0x73,0x74,0x61,0x74,0x69,0x63,0x20,0x69,
    0x6e,0x6c,0x69,0x6e,0x65,0x20,0x5f,0x5f,0x61,0x74,0x74,0x72,0x69,0x62,0x75,0x74,
    0x65,0x5f,0x5f,0x28,0x28,0x61,0x6c,0x77,0x61,0x79,0x73,0x5f,0x69,0x6e,0x6c,0x69,
    0x6e,0x65,0x29,0x29,0x0a,0x66,0x6c,0x6f,0x61,0x74,0x33,0x20,0x68,0x73,0x76,0x5f,
    0x74,0x6f,0x5f,0x72,0x67,0x62,0x28,0x74,0x68,0x72,0x65,0x61,0x64,0x20,0x63,0x6f,
    0x6e,0x73,0x74,0x20,0x66,0x6c,0x6f,0x61,0x74,0x33,0x26,0x20,0x68,0x73,0x76,0x29,
    0x0a,0x7b,0x0a,0x20,0x20,0x20,0x20,0x66,0x6c,0x6f,0x61,0x74,0x20,0x68,0x20,0x3d,
    0x20,0x68,0x73,0x76,0x2e,0x78,0x3b,0x0a,0x20,0x20,0x20,0x20,0x69,0x66,0x20,0x28,
    0x68,0x73,0x76,0x2e,0x79,0x20,0x3d,0x3d,0x20,0x30,0x2e,0x30,0x29,0x0a,0x20,0x20,
    0x20,0x20,0x7b,0x0a,0x20,0x20,0x20,0x20,0x20,0x20,0x20,0x20,0x72,0x65,0x74,0x75,
    0x72,0x6e,0x20,0x66,0x6c,0x6f,0x61,0x74,0x33,0x28,0x68,0x73,0x76,0x2e,0x7a,0x29,
    0x3b,0x0a,0x20,0x20,0x20,0x20,0x7d,0x0a,0x20,0x20,0x20,0x20,0x66,0x6c,0x6f,0x61,
    0x74,0x20,0x5f,0x33,0x31,0x38,0x20,0x3d,0x20,0x68,0x3b,0x0a,0x20,0x20,0x20,0x20,
    0x66,0x6c,0x6f,0x61,0x74,0x20,0x5f,0x33,0x31,0x39,0x20,0x3d,0x20,0x6d,0x6f,0x64,
    0x28,0x5f,0x33,0x31,0x38,0x2c,0x20,0x31,0x2e,0x30,0x29,0x3b,0x0a,0x20,0x20,0x20,
    0x20,0x66,0x6c,0x6f,0x61,0x74,0x20,0x5f,0x33,0x32,0x31,0x20,0x3d,0x20,0x5f,0x33,
    0x31,0x39,0x20,0x2a,0x20,0x36,0x2e,0x30,0x3b,0x0a,0x20,0x20,0x20,0x20,0x68,0x20,
    0x3d,0x20,0x5f,0x33,0x32,0x31,0x3b,0x0a,0x20,0x20,0x20,0x20,0x69,0x6e,0x74,0x20,
    0x5f,0x33,0x32,0x34,0x20,0x3d,0x20,0x69,0x6e,0x74,0x28,0x5f,0x33,0x32,0x31,0x29,
    0x3b,0x0a,0x20,0x20,0x20,0x20,0x66,0x6c,0x6f,0x61,0x74,0x20,0x5f,0x33,0x32,0x39,
    0x20,0x3d,0x20,0x66,0x6d,0x61,0x28,0x5f,0x33,0x31,0x39,0x2c,0x20,0x36,0x2e,0x30,
    0x2c,0x20,0x2d,0x66,0x6c,0x6f,0x61,0x74,0x28,0x5f,0x33,0x32,0x34,0x29,0x29,0x3b,
    0x0a,0x20,0x20,0x20,0x20,0x66,0x6c,0x6f,0x61,0x74,0x20,0x5f,0x33,0x33,0x34,0x20,
    0x3d,0x20,0x68,0x73,0x76,0x2e,0x7a,0x20,0x2a,0x20,0x28,0x31,0x2e,0x30,0x20,0x2d,
    0x20,0x68,0x73,0x76,0x2e,0x79,0x29,0x3b,0x0a,0x20,0x20,0x20,0x20,0x66,0x6c,0x6f,
    0x61,0x74,0x20,0x5f,0x31,0x30,0x31,0x34,0x20,0x3d,0x20,0x2d,0x68,0x73,0x76,0x2e,
    0x79,0x3b,0x0a,0x20,0x20,0x20,0x20,0x66,0x6c,0x6f,0x61,0x74,0x20,0x5f,0x33,0x34,
    0x31,0x20,0x3d,0x20,0x68,0x73,0x76,0x2e,0x7a,0x20,0x2a,0x20,0x66,0x6d,0x61,0x28,
    0x5f,0x31,0x30,0x31,0x34,0x2c,0x20,0x5f,0x33,0x32,0x39,0x2c,0x20,0x31,0x2e,0x30,
    0x29,0x3b,0x0a,0x20,0x20,0x20,0x20,0x66,0x6c,0x6f,0x61,0x74,0x20,0x5f,0x33,0x34,
    0x39,0x20,0x3d,0x20,0x68,0x73,0x76,0x2e,0x7a,0x20,0x2a,0x20,0x66,0x6d,0x61,0x28,
    0x5f,0x31,0x30,0x31,0x34,0x2c,0x20,0x31,0x2e,0x30,0x20,0x2d,0x20,0x5f,0x33,0x32,
    0x39,0x2c,0x20,0x31,0x2e,0x30,0x29,0x3b,0x0a,0x20,0x20,0x20,0x20,0x66,0x6c,0x6f,
    0x61,0x74,0x20,0x72,0x3b,0x0a,0x20,0x20,0x20,0x20,0x66,0x6c,0x6f,0x61,0x74,0x20,
    0x67,0x3b,0x0a,0x20,0x20,0x20,0x20,0x66,0x6c,0x6f,0x61,0x74,0x20,0x62,0x3b,0x0a,
    0x20,0x20,0x20,0x20,0x69,0x66,0x20,0x28,0x5f,0x33,0x32,0x34,0x20,0x3d,0x3d,0x20,
    0x30,0x29,0x0a,0x20,0x20,0x20,0x20,0x7b,0x0a,0x20,0x20,0x20,0x20,0x20,0x20,0x20,
    0x20,0x72,0x20,0x3d,0x20,0x68,0x73,0x76,0x2e,0x7a,0x3b,0x0a,0x20,0x20,0x20,0x20,
    0x20,0x20,0x20,0x20,0x67,0x20,0x3d,0x20,0x5f,0x33,0x34,0x39,0x3b,0x0a,0x20,0x20,
    0x20,0x20,0x20,0x20,0x20,0x20,0x62,0x20,0x3d,0x20,0x5f,0x33,0x33,0x34,0x3b,0x0a,
    0x20,0x20,0x20,0x20,0x7d,0x0a,0x20,0x20,0x20,0x20,0x65,0x6c,0x73,0x65,0x0a,0x20,
    0x20,0x20,0x20,0x7b,0x0a,0x20,0x20,0x20,0x20,0x20,0x20,0x20,0x20,0x69,0x66,0x20,
    0x28,0x5f,0x33,0x32,0x34,0x20,0x3d,0x3d,0x20,0x31,0x29,0x0a,0x20,0x20,0x20,0x20,
    0x20,0x20,0x20,0x20,0x7b,0x0a,0x20,0x20,0x20,0x20,0x20,0x20,0x20,0x20,0x20,0x20,
    0x20,0x20,0x72,0x20,0x3d,0x20,0x5f,0x33,0x34,0x31,0x3b,0x0a,0x20,0x20,0x20,0x20,
    0x20,0x20,0x20,0x20,0x20,0x20,0x20,0x20,0x67,0x20,0x3d,0x20,0x68,0x73,0x76,0x2e,
    0x7a,0x3b,0x0a,0x20,0x20,0x20,0x20,0x20,0x20,0x20,0x20,0x20,0x20,0x20,0x20,0x62,
    0x20,0x3d,0x20,0x5f,0x33,0x33,0x34,0x3b,0x0a,0x20,0x20,0x20,0x20,0x20,0x20,0x20,
    0x20,0x7d,0x0a,0x20,0x20,0x20,0x20,0x20,0x20,0x20,0x20,0x65,0x6c,0x73,0x65,0x0a,
    0x20,0x20,0x20,0x20,0x20,0x20,0x20,0x20,0x7b,0x0a,0x20,0x20,0x20,0x20,0x20,0x20,
    0x20,0x20,0x20,0x20,0x20,0x20,0x69,0x66,0x20,0x28,0x5f,0x33,0x32,0x34,0x20,0x3d,
    0x3d,0x20,0x32,0x29,0x0a,0x20,0x20,0x20,0x20,0x20,0x20,0x20,0x20,0x20,0x20,0x20,
    0x20,0x7b,0x0a,0x20,0x20,0x20,0x20,0x20,0x20,0x20,0x20,0x20,0x20,0x20,0x20,0x20,
    0x20,0x20,0x20,0x72,0x20,0x3d,0x20,0x5f,0x33,0x33,0x34,0x3b,0x0a,0x20,0x20,0x20,
    0x20,0x20,0x20,0x20,0x20,0x20,0x20,0x20,0x20,0x20,0x20,0x20,0x20,0x67,0x20,0x3d,
    0x20,0x68,0x73,0x76,0x2e,0x7a,0x3b,0x0a,0x20,0x20,0x20,0x20,0x20,0x20,0x20,0x20,
    0x20,0x20,0x20,0x20,0x20,0x20,0x20,0x20,0x62,0x20,0x3d,0x20,0x5f,0x33,0x34,0x39,
    0x3b,0x0a,0x20,0x20,0x20,0x20,0x20,0x20,0x20,0x20,0x20,0x20,0x20,0x20,0x7d,0x0a,
    0x20,0x20,0x20,0x20,0x20,0x20,0x20,0x20,0x20,0x20,0x20,0x20,0x65,0x6c,0x73,0x65,
    0x0a,0x20,0x20,0x20,0x20,0x20,0x20,0x20,0x20,0x20,0x20,0x20,0x20,0x7b,0x0a,0x20,
    0x20,0x20,0x20,0x20,0x20,0x20,0x20,0x20,0x20,0x20,0x20,0x20,0x20,0x20,0x20,0x69,
    0x66,0x20,0x28,0x5f,0x33,0x32,0x34,0x20,0x3d,0x3d,0x20,0x33,0x29,0x0a,0x20,0x20,
    0x20,0x20,0x20,0x20,0x20,0x20,0x20,0x20,0x20,0x20,0x20,0x20,0x20,0x20,0x7b,0x0a,
    0x20,0x20,0x20,0x20,0x20,0x20,0x20,0x20,0x20,0x20,0x20,0x20,0x20,0x20,0x20,0x20,
    0x20,0x20,0x20,0x20,0x72,0x20,0x3d,0x20,0x5f,0x33,0x33,0x34,0x3b,0x0a,0x20,0x20,
    0x20,0x20,0x20,0x20,0x20,0x20,0x20,0x20,0x20,0x20,0x20,0x20,0x20,0x20,0x20,0x20,
    0x20,0x20,0x67,0x20,0x3d,0x20,0x5f,0x33,0x34,0x31,0x3b,0x0a,0x20,0x20,0x20,0x20,
    0x20,0x20,0x20,0x20,0x20,0x20,0x20,0x20,0x20,0x20,0x20,0x20,0x20,0x20,0x20,0x20,
    0x62,0x20,0x3d,0x20,0x68,0x73,0x76,0x2e,0x7a,0x3b,0x0a,0x20,0x20,0x20,0x20,0x20,
    0x20,0x20,0x20,0x20,0x20,0x20,0x20,0x20,0x20,0x20,0x20,0x7d,0x0a,0x20,0x20,0x20,
    0x20,0x20,0x20,0x20,0x20,0x20,0x20,0x20,0x20,0x20,0x20,0x20,0x20,0x65,0x6c,0x73,
    0x65,0x0a,0x20,0x20,0x20,0x20,0x20,0x20,0x20,0x20,0x20,0x20,0x20,0x20,0x20,0x20,
    0x20,0x20,0x7b,0x0a,0x20,0x20,0x20,0x20,0x20,0x20,0x20,0x20,0x20,0x20,0x20,0x20,
    0x20,0x20,0x20,0x20,0x20,0x20,0x20,0x20,0x69,0x66,0x20,0x28,0x5f,0x33,0x32,0x34,
    0x20,0x3d,0x3d,0x20,0x34,0x29,0x0a,0x20,0x20,0x20,0x20,0x20,0x20,0x20,0x20,0x20,
    0x20,0x20,0x20,0x20,0x20,0x20,0x20,0x20,0x20,0x20,0x20,0x7b,0x0a,0x20,0x20,0x20,
    0x20,0x20,0x20,0x20,0x20,0x20,0x20,0x20,0x20,0x20,0x20,0x20,0x20,0x20,0x20,0x20,
    0x20,0x20,0x20,0x20,0x20,0x72,0x20,0x3d,0x20,0x5f,0x33,0x34,0x39,0x3b,0x0a,0x20,
    0x20,0x20,0x20,0x20,0x20,0x20,0x20,0x20,0x20,0x20,0x20,0x20,0x20,0x20,0x20,0x20,
    0x20,0x20,0x20,0x20,0x20,0x20,0x20,0x67,0x20,0x3d,0x20,0x5f,0x33,0x33,0x34,0x3b,
    0x0a,0x20,0x20,0x20,0x20,0x20,0x20,0x20,0x20,0x20,0x20,0x20,0x20,0x20,0x20,0x20,
    0x20,0x20,0x20,0x20,0x20,0x20,0x20,0x20,0x20,0x62,0x20,0x3d,0x20,0x68,0x73,0x76,
    0x2e,0x7a,0x3b,0x0a,0x20,0x20,0x20,0x20,0x20,0x20,0x20,0x20,0x20,0x20,0x20,0x20,
    0x20,0x20,0x20,0x20,0x20,0x20,0x20,0x20,0x7d,0x0a,0x20,0x20,0x20,0x20,0x20,0x20,
    0x20,0x20,0x20,0x20,0x20,0x20,0x20,0x20,0x20,0x20,0x20,0x20,0x20,0x20,0x65,0x6c,
    0x73,0x65,0x0a,0x20,0x20,0x20,0x20,0x20,0x20,0x20,0x20,0x20,0x20,0x20,0x20,0x20,
    0x20,0x20,0x20,0x20,0x20,0x20,0x20,0x7b,0x0a,0x20,0x20,0x20,0x20,0x20,0x20,0x20,
    0x20,0x20,0x20,0x20,0x20,0x20,0x20,0x20,0x20,0x20,0x20,0x20,0x20,0x20,0x20,0x20,
    0x20,0x72,0x20,0x3d,0x20,0x68,0x73,0x76,0x2e,0x7a,0x3b,0x0a,0x20,0x20,0x20,0x20,
    0x20,0x20,0x20,0x20,0x20,0x20,0x20,0x20,0x20,0x20,0x20,0x20,0x20,0x20,0x20,0x20,
    0x20,0x20,0x20,0x20,0x67,0x20,0x3d,0x20,0x5f,0x33,0x33,0x34,0x3b,0x0a,0x20,0x20,
    0x20,0x20,0x20,0x20,0x20,0x20,0x20,0x20,0x20,0x20,0x20,0x20,0x20,0x20,0x20,0x20,
    0x20,0x20,0x20,0x20,0x20,0x20,0x62,0x20,0x3d,0x20,0x5f,0x33,0x34,0x31,0x3b,0x0a,
    0x20,0x20,0x20,0x20,0x20,0x20,0x20,0x20,0x20,0x20,0x20,0x20,0x20,0x20,0x20,0x20,
    0x20,0x20,0x20,0x20,0x7d,0x0a,0x20,0x20,0x20,0x20,0x20,0x20,0x20,0x20,0x20,0x20,
    0x20,0x20,0x20,0x20,0x20,0x20,0x7d,0x0a,0x20,0x20,0x20,0x20,0x20,0x20,0x20,0x20,
    0x20,0x20,0x20,0x20,0x7d,0x0a,0x20,0x20,0x20,0x20,0x20,0x20,0x20,0x20,0x7d,0x0a,
    0x20,0x20,0x20,0x20,0x7d,0x0a,0x20,0x20,0x20,0x20,0x72,0x65,0x74,0x75,0x72,0x6e,
    0x20,0x66,0x6c,0x6f,0x61,0x74,0x33,0x28,0x72,0x2c,0x20,0x67,0x2c,0x20,0x62,0x29,
    0x3b,0x0a,0x7d,0x0a,0x0a,0x73,0x74,0x61,0x74,0x69,0x63,0x20,0x69,0x6e,0x6c,0x69,
    0x6e,0x65,0x20,0x5f,0x5f,0x61,0x74,0x74,0x72,0x69,0x62,0x75,0x74,0x65,0x5f,0x5f,
    0x28,0x28,0x61,0x6c,0x77,0x61,0x79,0x73,0x5f,0x69,0x6e,0x6c,0x69,0x6e,0x65,0x29,
    0x29,0x0a,0x66,0x6c,0x6f,0x61,0x74,0x33,0x20,0x6f,0x66,0x66,0x73,0x65,0x74,0x5f,
    0x77,0x69,0x74,0x68,0x5f,0x68,0x73,0x76,0x28,0x74,0x68,0x72,0x65,0x61,0x64,0x20,
    0x63,0x6f,0x6e,0x73,0x74,0x20,0x66,0x6c,0x6f,0x61,0x74,0x33,0x26,0x20,0x72,0x67,
    0x62,0x2c,0x20,0x74,0x68,0x72,0x65,0x61,0x64,0x20,0x63,0x6f,0x6e,0x73,0x74,0x20,
    0x66,0x6c,0x6f,0x61,0x74,0x33,0x26,0x20,0x68,0x73,0x76,0x29,0x0a,0x7b,0x0a,0x20,
    0x20,0x20,0x20,0x66,0x6c,0x6f,0x61,0x74,0x33,0x20,0x70,0x61,0x72,0x61,0x6d,0x20,
    0x3d,0x20,0x72,0x67,0x62,0x3b,0x0a,0x20,0x20,0x20,0x20,0x66,0x6c,0x6f,0x61,0x74,
    0x33,0x20,0x5f,0x34,0x31,0x30,0x20,0x3d,0x20,0x72,0x67,0x62,0x5f,0x74,0x6f,0x5f,
    0x68,0x73,0x76,0x28,0x70,0x61,0x72,0x61,0x6d,0x29,0x3b,0x0a,0x20,0x20,0x20,0x20,
    0x66,0x6c,0x6f,0x61,0x74,0x33,0x20,0x70,0x61,0x72,0x61,0x6d,0x5f,0x31,0x20,0x3d,
    0x20,0x66,0x6c,0x6f,0x61,0x74,0x33,0x28,0x61,0x62,0x73,0x28,0x6d,0x6f,0x64,0x28,
    0x5f,0x34,0x31,0x30,0x2e,0x78,0x20,0x2b,0x20,0x68,0x73,0x76,0x2e,0x78,0x2c,0x20,
    0x31,0x2e,0x30,0x29,0x29,0x2c,0x20,0x66,0x61,0x73,0x74,0x3a,0x3a,0x63,0x6c,0x61,
    0x6d,0x70,0x28,0x5f,0x34,0x31,0x30,0x2e,0x79,0x20,0x2b,0x20,0x68,0x73,0x76,0x2e,
    0x79,0x2c,0x20,0x30,0x2e,0x30,0x2c,0x20,0x31,0x2e,0x30,0x29,0x2c,0x20,0x66,0x61,
    0x73,0x74,0x3a,0x3a,0x63,0x6c,0x61,0x6d,0x70,0x28,0x5f,0x34,0x31,0x30,0x2e,0x7a,
    0x20,0x2b,0x20,0x68,0x73,0x76,0x2e,0x7a,0x2c,0x20,0x30,0x2e,0x30,0x2c,0x20,0x31,
    0x2e,0x30,0x29,0x29,0x3b,0x0a,0x20,0x20,0x20,0x20,0x72,0x65,0x74,0x75,0x72,0x6e,
    0x20,0x68,0x73,0x76,0x5f,0x74,0x6f,0x5f,0x72,0x67,0x62,0x28,0x70,0x61,0x72,0x61,
    0x6d,0x5f,0x31,0x29,0x3b,0x0a,0x7d,0x0a,0x0a,0x73,0x74,0x61,0x74,0x69,0x63,0x20,
    0x69,0x6e,0x6c,0x69,0x6e,0x65,0x20,0x5f,0x5f,0x61,0x74,0x74,0x72,0x69,0x62,0x75,
    0x74,0x65,0x5f,0x5f,0x28,0x28,0x61,0x6c,0x77,0x61,0x79,0x73,0x5f,0x69,0x6e,0x6c,
    0x69,0x6e,0x65,0x29,0x29,0x0a,0x66,0x6c,0x6f,0x61,0x74,0x34,0x20,0x6f,0x66,0x66,
    0x73,0x65,0x74,0x5f,0x77,0x69,0x74,0x68,0x5f,0x68,0x73,0x76,0x61,0x28,0x74,0x68,
    0x72,0x65,0x61,0x64,0x20,0x63,0x6f,0x6e,0x73,0x74,0x20,0x66,0x6c,0x6f,0x61,0x74,
    0x34,0x26,0x20,0x72,0x67,0x62,0x61,0x2c,0x20,0x74,0x68,0x72,0x65,0x61,0x64,0x20,
    0x63,0x6f,0x6e,0x73,0x74,0x20,0x66,0x6c,0x6f,0x61,0x74,0x34,0x26,0x20,0x68,0x73,
    0x76,0x61,0x29,0x0a,0x7b,0x0a,0x20,0x20,0x20,0x20,0x66,0x6c,0x6f,0x61,0x74,0x33,
    0x20,0x70,0x61,0x72,0x61,0x6d,0x20,0x3d,0x20,0x72,0x67,0x62,0x61,0x2e,0x78,0x79,
    0x7a,0x3b,0x0a,0x20,0x20,0x20,0x20,0x66,0x6c,0x6f,0x61,0x74,0x33,0x20,0x70,0x61,
    0x72,0x61,0x6d,0x5f,0x31,0x20,0x3d,0x20,0x68,0x73,0x76,0x61,0x2e,0x78,0x79,0x7a,
    0x3b,0x0a,0x20,0x20,0x20,0x20,0x72,0x65,0x74,0x75,0x72,0x6e,0x20,0x66,0x6c,0x6f,
    0x61,0x74,0x34,0x28,0x6f,0x66,0x66,0x73,0x65,0x74,0x5f,0x77,0x69,0x74,0x68,0x5f,
    0x68,0x73,0x76,0x28,0x70,0x61,0x72,0x61,0x6d,0x2c,0x20,0x70,0x61,0x72,0x61,0x6d,
    0x5f,0x31,0x29,0x2c,0x20,0x66,0x61,0x73,0x74,0x3a,0x3a,0x63,0x6c,0x61,0x6d,0x70,
    0x28,0x72,0x67,0x62,0x61,0x2e,0x77,0x20,0x2b,0x20,0x68,0x73,0x76,0x61,0x2e,0x77,
    0x2c,0x20,0x30,0x2e,0x30,0x2c,0x20,0x31,0x2e,0x30,0x29,0x29,0x3b,0x0a,0x7d,0x0a,
    0x0a,0x73,0x74,0x61,0x74,0x69,0x63,0x20,0x69,0x6e,0x6c,0x69,0x6e,0x65,0x20,0x5f,
    0x5f,0x61,0x74,0x74,0x72,0x69,0x62,0x75,0x74,0x65,0x5f,0x5f,0x28,0x28,0x61,0x6c,
    0x77,0x61,0x79,0x73,0x5f,0x69,0x6e,0x6c,0x69,0x6e,0x65,0x29,0x29,0x0a,0x66,0x6c,
    0x6f,0x61,0x74,0x32,0x20,0x6e,0x6f,0x72,0x6d,0x61,0x6c,0x5f,0x65,0x6e,0x63,0x6f,
    0x64,0x65,0x28,0x74,0x68,0x72,0x65,0x61,0x64,0x20,0x63,0x6f,0x6e,0x73,0x74,0x20,
    0x66,0x6c,0x6f,0x61,0x74,0x33,0x26,0x20,0x6e,0x29,0x0a,0x7b,0x0a,0x20,0x20,0x20,
    0x20,0x72,0x65,0x74,0x75,0x72,0x6e,0x20,0x28,0x28,0x28,0x6e,0x2e,0x78,0x79,0x20,
    0x2f,0x20,0x66,0x6c,0x6f,0x61,0x74,0x32,0x28,0x6e,0x2e,0x7a,0x20,0x2b,0x20,0x31,
    0x2e,0x30,0x29,0x29,0x20,0x2a,0x20,0x66,0x6c,0x6f,0x61,0x74,0x32,0x28,0x30,0x2e,
    0x35,0x36,0x32,0x35,0x32,0x34,0x36,0x31,0x36,0x37,0x31,0x38,0x32,0x39,0x32,0x32,
    0x33,0x36,0x33,0x32,0x38,0x31,0x32,0x35,0x29,0x29,0x20,0x2a,0x20,0x30,0x2e,0x35,
    0x29,0x20,0x2b,0x20,0x66,0x6c,0x6f,0x61,0x74,0x32,0x28,0x30,0x2e,0x35,0x29,0x3b,
    0x0a,0x7d,0x0a,0x0a,0x66,0x72,0x61,0x67,0x6d,0x65,0x6e,0x74,0x20,0x6d,0x61,0x69,
    0x6e,0x30,0x5f,0x6f,0x75,0x74,0x20,0x6d,0x61,0x69,0x6e,0x30,0x28,0x6d,0x61,0x69,
    0x6e,0x30,0x5f,0x69,0x6e,0x20,0x69,0x6e,0x20,0x5b,0x5b,0x73,0x74,0x61,0x67,0x65,
    0x5f,0x69,0x6e,0x5d,0x5d,0x2c,0x20,0x63,0x6f,0x6e,0x73,0x74,0x61,0x6e,0x74,0x20,
    0x66,0x73,0x5f,0x70,0x61,0x72,0x61,0x6d,0x73,0x26,0x20,0x5f,0x36,0x37,0x38,0x20,
    0x5b,0x5b,0x62,0x75,0x66,0x66,0x65,0x72,0x28,0x30,0x29,0x5d,0x5d,0x2c,0x20,0x63,
    0x6f,0x6e,0x73,0x74,0x20,0x64,0x65,0x76,0x69,0x63,0x65,0x20,0x74,0x65,0x78,0x5f,
    0x61,0x74,0x6c,0x61,0x73,0x5f,0x65,0x6e,0x74,0x72,0x69,0x65,0x73,0x5f,0x62,0x75,
    0x66,0x66,0x65,0x72,0x26,0x20,0x5f,0x34,0x38,0x34,0x20,0x5b,0x5b,0x62,0x75,0x66,
    0x66,0x65,0x72,0x28,0x34,0x29,0x5d,0x5d,0x2c,0x20,0x74,0x65,0x78,0x74,0x75,0x72,
    0x65,0x32,0x64,0x3c,0x66,0x6c,0x6f,0x61,0x74,0x3e,0x20,0x74,0x65,0x78,0x5f,0x61,
    0x74,0x6c,0x61,0x73,0x5f,0x76,0x69,0x72,0x74,0x75,0x61,0x6c,0x20,0x5b,0x5b,0x74,
    0x65,0x78,0x74,0x75,0x72,0x65,0x28,0x30,0x29,0x5d,0x5d,0x2c,0x20,0x74,0x65,0x78,
    0x74,0x75,0x72,0x65,0x32,0x64,0x5f,0x61,0x72,0x72,0x61,0x79,0x3c,0x66,0x6c,0x6f,
    0x61,0x74,0x3e,0x20,0x74,0x65,0x78,0x5f,0x61,0x74,0x6c,0x61,0x73,0x20,0x5b,0x5b,
    0x74,0x65,0x78,0x74,0x75,0x72,0x65,0x28,0x31,0x29,0x5d,0x5d,0x2c,0x20,0x73,0x61,
    0x6d,0x70,0x6c,0x65,0x72,0x20,0x73,0x6d,0x70,0x5f,0x6e,0x65,0x61,0x72,0x65,0x73,
    0x74,0x20,0x5b,0x5b,0x73,0x61,0x6d,0x70,0x6c,0x65,0x72,0x28,0x30,0x29,0x5d,0x5d,
    0x29,0x0a,0x7b,0x0a,0x20,0x20,0x20,0x20,0x6d,0x61,0x69,0x6e,0x30,0x5f,0x6f,0x75,
    0x74,0x20,0x6f,0x75,0x74,0x20,0x3d,0x20,0x7b,0x7d,0x3b,0x0a,0x20,0x20,0x20,0x20,
    0x69,0x6e,0x74,0x32,0x20,0x5f,0x36,0x30,0x37,0x20,0x3d,0x20,0x69,0x6e,0x74,0x32,
    0x28,0x66,0x6c,0x6f,0x6f,0x72,0x28,0x69,0x6e,0x2e,0x70,0x6f,0x73,0x5f,0x73,0x20,
    0x2a,0x20,0x33,0x32,0x2e,0x30,0x29,0x29,0x3b,0x0a,0x20,0x20,0x20,0x20,0x66,0x6c,
    0x6f,0x61,0x74,0x33,0x20,0x63,0x6f,0x6c,0x6f,0x72,0x5f,0x65,0x78,0x20,0x3d,0x20,
    0x66,0x6c,0x6f,0x61,0x74,0x33,0x28,0x30,0x2e,0x30,0x29,0x3b,0x0a,0x20,0x20,0x20,
    0x20,0x69,0x66,0x20,0x28,0x69,0x6e,0x2e,0x74,0x79,0x70,0x65,0x20,0x3d,0x3d,0x20,
    0x31,0x30,0x29,0x0a,0x20,0x20,0x20,0x20,0x7b,0x0a,0x20,0x20,0x20,0x20,0x20,0x20,
    0x20,0x20,0x66,0x6c,0x6f,0x61,0x74,0x32,0x20,0x70,0x61,0x72,0x61,0x6d,0x20,0x3d,
    0x20,0x66,0x6c,0x6f,0x61,0x74,0x32,0x28,0x5f,0x36,0x30,0x37,0x20,0x2b,0x20,0x69,
    0x6e,0x74,0x32,0x28,0x69,0x6e,0x2e,0x69,0x64,0x20,0x25,0x20,0x31,0x37,0x29,0x29,
    0x3b,0x0a,0x20,0x20,0x20,0x20,0x20,0x20,0x20,0x20,0x69,0x66,0x20,0x28,0x72,0x61,
    0x6e,0x64,0x28,0x70,0x61,0x72,0x61,0x6d,0x29,0x20,0x3c,0x20,0x28,0x28,0x61,0x62,
    0x73,0x28,0x66,0x6c,0x6f,0x61,0x74,0x32,0x28,0x5f,0x36,0x30,0x37,0x29,0x20,0x2a,
    0x20,0x66,0x6c,0x6f,0x61,0x74,0x32,0x28,0x30,0x2e,0x30,0x33,0x31,0x32,0x35,0x29,
    0x29,0x2e,0x79,0x20,0x2d,0x20,0x30,0x2e,0x31,0x30,0x30,0x30,0x30,0x30,0x30,0x30,
    0x31,0x34,0x39,0x30,0x31,0x31,0x36,0x31,0x31,0x39,0x33,0x38,0x34,0x37,0x36,0x35,
    0x36,0x32,0x35,0x29,0x20,0x2a,0x20,0x33,0x2e,0x30,0x29,0x29,0x0a,0x20,0x20,0x20,
    0x20,0x20,0x20,0x20,0x20,0x7b,0x0a,0x20,0x20,0x20,0x20,0x20,0x20,0x20,0x20,0x20,
    0x20,0x20,0x20,0x64,0x69,0x73,0x63,0x61,0x72,0x64,0x5f,0x66,0x72,0x61,0x67,0x6d,
    0x65,0x6e,0x74,0x28,0x29,0x3b,0x0a,0x20,0x20,0x20,0x20,0x20,0x20,0x20,0x20,0x7d,
    0x0a,0x20,0x20,0x20,0x20,0x7d,0x0a,0x20,0x20,0x20,0x20,0x65,0x6c,0x73,0x65,0x0a,
    0x20,0x20,0x20,0x20,0x7b,0x0a,0x20,0x20,0x20,0x20,0x20,0x20,0x20,0x20,0x69,0x66,
    0x20,0x28,0x69,0x6e,0x2e,0x74,0x79,0x70,0x65,0x20,0x3d,0x3d,0x20,0x32,0x29,0x0a,
    0x20,0x20,0x20,0x20,0x20,0x20,0x20,0x20,0x7b,0x0a,0x20,0x20,0x20,0x20,0x20,0x20,
    0x20,0x20,0x20,0x20,0x20,0x20,0x66,0x6c,0x6f,0x61,0x74,0x32,0x20,0x5f,0x36,0x36,
    0x34,0x20,0x3d,0x20,0x66,0x6c,0x6f,0x61,0x74,0x32,0x28,0x5f,0x36,0x30,0x37,0x29,
    0x20,0x2a,0x20,0x66,0x6c,0x6f,0x61,0x74,0x32,0x28,0x30,0x2e,0x30,0x33,0x31,0x32,
    0x35,0x29,0x3b,0x0a,0x20,0x20,0x20,0x20,0x20,0x20,0x20,0x20,0x20,0x20,0x20,0x20,
    0x66,0x6c,0x6f,0x61,0x74,0x20,0x5f,0x36,0x38,0x35,0x20,0x3d,0x20,0x66,0x6c,0x6f,
    0x61,0x74,0x28,0x5f,0x36,0x37,0x38,0x2e,0x74,0x69,0x63,0x6b,0x20,0x2d,0x20,0x69,
    0x6e,0x2e,0x73,0x74,0x61,0x72,0x74,0x29,0x3b,0x0a,0x20,0x20,0x20,0x20,0x20,0x20,
    0x20,0x20,0x20,0x20,0x20,0x20,0x66,0x6c,0x6f,0x61,0x74,0x20,0x5f,0x36,0x39,0x30,
    0x20,0x3d,0x20,0x66,0x6d,0x61,0x28,0x6c,0x65,0x6e,0x67,0x74,0x68,0x28,0x61,0x62,
    0x73,0x28,0x5f,0x36,0x36,0x34,0x29,0x20,0x2f,0x20,0x69,0x6e,0x2e,0x73,0x69,0x7a,
    0x65,0x29,0x2c,0x20,0x31,0x2e,0x34,0x31,0x34,0x32,0x31,0x33,0x35,0x33,0x38,0x31,
    0x36,0x39,0x38,0x36,0x30,0x38,0x33,0x39,0x38,0x34,0x33,0x37,0x35,0x2c,0x20,0x5f,
    0x36,0x38,0x35,0x20,0x2a,0x20,0x30,0x2e,0x30,0x36,0x36,0x36,0x36,0x36,0x36,0x37,
    0x30,0x31,0x34,0x33,0x36,0x30,0x34,0x32,0x37,0x38,0x35,0x36,0x34,0x34,0x35,0x33,
    0x31,0x32,0x35,0x29,0x3b,0x0a,0x20,0x20,0x20,0x20,0x20,0x20,0x20,0x20,0x20,0x20,
    0x20,0x20,0x66,0x6c,0x6f,0x61,0x74,0x20,0x5f,0x36,0x39,0x39,0x20,0x3d,0x20,0x66,
    0x6c,0x6f,0x61,0x74,0x28,0x69,0x6e,0x2e,0x69,0x64,0x20,0x25,0x20,0x33,0x33,0x29,
    0x3b,0x0a,0x20,0x20,0x20,0x20,0x20,0x20,0x20,0x20,0x20,0x20,0x20,0x20,0x66,0x6c,
    0x6f,0x61,0x74,0x33,0x20,0x5f,0x37,0x30,0x32,0x20,0x3d,0x20,0x66,0x6c,0x6f,0x61,
    0x74,0x33,0x28,0x5f,0x36,0x36,0x34,0x2c,0x20,0x5f,0x36,0x39,0x39,0x29,0x3b,0x0a,
    0x20,0x20,0x20,0x20,0x20,0x20,0x20,0x20,0x20,0x20,0x20,0x20,0x66,0x6c,0x6f,0x61,
    0x74,0x20,0x5f,0x37,0x30,0x38,0x20,0x3d,0x20,0x66,0x6d,0x61,0x28,0x5f,0x36,0x38,
    0x35,0x2c,0x20,0x30,0x2e,0x30,0x30,0x38,0x33,0x33,0x33,0x33,0x33,0x33,0x37,0x36,
    0x37,0x39,0x35,0x30,0x35,0x33,0x34,0x38,0x32,0x30,0x35,0x35,0x36,0x36,0x34,0x30,
    0x36,0x32,0x35,0x2c,0x20,0x5f,0x36,0x39,0x39,0x29,0x3b,0x0a,0x20,0x20,0x20,0x20,
    0x20,0x20,0x20,0x20,0x20,0x20,0x20,0x20,0x5f,0x37,0x30,0x32,0x2e,0x7a,0x20,0x3d,
    0x20,0x5f,0x37,0x30,0x38,0x3b,0x0a,0x20,0x20,0x20,0x20,0x20,0x20,0x20,0x20,0x20,
    0x20,0x20,0x20,0x66,0x6c,0x6f,0x61,0x74,0x33,0x20,0x73,0x65,0x65,0x64,0x20,0x3d,
    0x20,0x5f,0x37,0x30,0x32,0x3b,0x0a,0x20,0x20,0x20,0x20,0x20,0x20,0x20,0x20,0x20,
    0x20,0x20,0x20,0x66,0x6c,0x6f,0x61,0x74,0x33,0x20,0x70,0x61,0x72,0x61,0x6d,0x5f,
    0x31,0x20,0x3d,0x20,0x66,0x6c,0x6f,0x61,0x74,0x33,0x28,0x30,0x2e,0x30,0x2c,0x20,
    0x30,0x2e,0x30,0x2c,0x20,0x5f,0x37,0x30,0x38,0x29,0x3b,0x0a,0x20,0x20,0x20,0x20,
    0x20,0x20,0x20,0x20,0x20,0x20,0x20,0x20,0x66,0x6c,0x6f,0x61,0x74,0x20,0x5f,0x37,
    0x31,0x35,0x20,0x3d,0x20,0x66,0x62,0x6d,0x28,0x70,0x61,0x72,0x61,0x6d,0x5f,0x31,
    0x29,0x3b,0x0a,0x20,0x20,0x20,0x20,0x20,0x20,0x20,0x20,0x20,0x20,0x20,0x20,0x66,
    0x6c,0x6f,0x61,0x74,0x33,0x20,0x5f,0x39,0x35,0x31,0x20,0x3d,0x20,0x73,0x65,0x65,
    0x64,0x3b,0x0a,0x20,0x20,0x20,0x20,0x20,0x20,0x20,0x20,0x20,0x20,0x20,0x20,0x66,
    0x6c,0x6f,0x61,0x74,0x33,0x20,0x5f,0x39,0x35,0x33,0x20,0x3d,0x20,0x5f,0x39,0x35,
    0x31,0x3b,0x0a,0x20,0x20,0x20,0x20,0x20,0x20,0x20,0x20,0x20,0x20,0x20,0x20,0x5f,
    0x39,0x35,0x33,0x2e,0x79,0x20,0x3d,0x20,0x5f,0x39,0x35,0x31,0x2e,0x79,0x20,0x2a,
    0x20,0x30,0x2e,0x38,0x39,0x39,0x39,0x39,0x39,0x39,0x37,0x36,0x31,0x35,0x38,0x31,
    0x34,0x32,0x30,0x38,0x39,0x38,0x34,0x33,0x37,0x35,0x3b,0x0a,0x20,0x20,0x20,0x20,
    0x20,0x20,0x20,0x20,0x20,0x20,0x20,0x20,0x5f,0x39,0x35,0x33,0x2e,0x78,0x20,0x3d,
    0x20,0x5f,0x39,0x35,0x31,0x2e,0x78,0x20,0x2a,0x20,0x32,0x2e,0x30,0x3b,0x0a,0x20,
    0x20,0x20,0x20,0x20,0x20,0x20,0x20,0x20,0x20,0x20,0x20,0x73,0x65,0x65,0x64,0x20,
    0x3d,0x20,0x5f,0x39,0x35,0x33,0x3b,0x0a,0x20,0x20,0x20,0x20,0x20,0x20,0x20,0x20,
    0x20,0x20,0x20,0x20,0x66,0x6c,0x6f,0x61,0x74,0x33,0x20,0x70,0x61,0x72,0x61,0x6d,
    0x5f,0x32,0x20,0x3d,0x20,0x5f,0x39,0x35,0x33,0x3b,0x0a,0x20,0x20,0x20,0x20,0x20,
    0x20,0x20,0x20,0x20,0x20,0x20,0x20,0x66,0x6c,0x6f,0x61,0x74,0x20,0x5f,0x37,0x32,
    0x38,0x20,0x3d,0x20,0x66,0x62,0x6d,0x28,0x70,0x61,0x72,0x61,0x6d,0x5f,0x32,0x29,
    0x3b,0x0a,0x20,0x20,0x20,0x20,0x20,0x20,0x20,0x20,0x20,0x20,0x20,0x20,0x69,0x66,
    0x20,0x28,0x61,0x62,0x73,0x28,0x5f,0x37,0x31,0x35,0x20,0x2d,0x20,0x5f,0x37,0x32,
    0x38,0x29,0x20,0x3e,0x20,0x66,0x6d,0x61,0x28,0x2d,0x28,0x5f,0x36,0x39,0x30,0x20,
    0x2a,0x20,0x5f,0x36,0x39,0x30,0x29,0x2c,0x20,0x30,0x2e,0x30,0x30,0x39,0x39,0x39,
    0x39,0x39,0x39,0x39,0x37,0x37,0x36,0x34,0x38,0x32,0x35,0x38,0x32,0x30,0x39,0x32,
    0x32,0x38,0x35,0x31,0x35,0x36,0x32,0x35,0x2c,0x20,0x30,0x2e,0x30,0x32,0x35,0x30,
    0x30,0x30,0x30,0x30,0x30,0x33,0x37,0x32,0x35,0x32,0x39,0x30,0x32,0x39,0x38,0x34,
    0x36,0x31,0x39,0x31,0x34,0x30,0x36,0x32,0x35,0x29,0x29,0x0a,0x20,0x20,0x20,0x20,
    0x20,0x20,0x20,0x20,0x20,0x20,0x20,0x20,0x7b,0x0a,0x20,0x20,0x20,0x20,0x20,0x20,
    0x20,0x20,0x20,0x20,0x20,0x20,0x20,0x20,0x20,0x20,0x64,0x69,0x73,0x63,0x61,0x72,
    0x64,0x5f,0x66,0x72,0x61,0x67,0x6d,0x65,0x6e,0x74,0x28,0x29,0x3b,0x0a,0x20,0x20,
    0x20,0x20,0x20,0x20,0x20,0x20,0x20,0x20,0x20,0x20,0x7d,0x0a,0x20,0x20,0x20,0x20,
    0x20,0x20,0x20,0x20,0x20,0x20,0x20,0x20,0x66,0x6c,0x6f,0x61,0x74,0x33,0x20,0x5f,
    0x39,0x35,0x37,0x20,0x3d,0x20,0x63,0x6f,0x6c,0x6f,0x72,0x5f,0x65,0x78,0x3b,0x0a,
    0x20,0x20,0x20,0x20,0x20,0x20,0x20,0x20,0x20,0x20,0x20,0x20,0x5f,0x39,0x35,0x37,
    0x2e,0x78,0x20,0x3d,0x20,0x66,0x6d,0x61,0x28,0x30,0x2e,0x32,0x35,0x20,0x2d,0x20,
    0x5f,0x36,0x39,0x30,0x2c,0x20,0x30,0x2e,0x33,0x30,0x30,0x30,0x30,0x30,0x30,0x31,
    0x31,0x39,0x32,0x30,0x39,0x32,0x38,0x39,0x35,0x35,0x30,0x37,0x38,0x31,0x32,0x35,
    0x2c,0x20,0x5f,0x39,0x35,0x37,0x2e,0x78,0x29,0x3b,0x0a,0x20,0x20,0x20,0x20,0x20,
    0x20,0x20,0x20,0x20,0x20,0x20,0x20,0x63,0x6f,0x6c,0x6f,0x72,0x5f,0x65,0x78,0x20,
    0x3d,0x20,0x5f,0x39,0x35,0x37,0x3b,0x0a,0x20,0x20,0x20,0x20,0x20,0x20,0x20,0x20,
    0x7d,0x0a,0x20,0x20,0x20,0x20,0x20,0x20,0x20,0x20,0x65,0x6c,0x73,0x65,0x0a,0x20,
    0x20,0x20,0x20,0x20,0x20,0x20,0x20,0x7b,0x0a,0x20,0x20,0x20,0x20,0x20,0x20,0x20,
    0x20,0x20,0x20,0x20,0x20,0x69,0x66,0x20,0x28,0x69,0x6e,0x2e,0x74,0x79,0x70,0x65,
    0x20,0x3d,0x3d,0x20,0x39,0x29,0x0a,0x20,0x20,0x20,0x20,0x20,0x20,0x20,0x20,0x20,
    0x20,0x20,0x20,0x7b,0x0a,0x20,0x20,0x20,0x20,0x20,0x20,0x20,0x20,0x20,0x20,0x20,
    0x20,0x20,0x20,0x20,0x20,0x66,0x6c,0x6f,0x61,0x74,0x32,0x20,0x5f,0x37,0x36,0x30,
    0x20,0x3d,0x20,0x66,0x6c,0x6f,0x61,0x74,0x32,0x28,0x5f,0x36,0x30,0x37,0x29,0x20,
    0x2a,0x20,0x66,0x6c,0x6f,0x61,0x74,0x32,0x28,0x30,0x2e,0x30,0x33,0x31,0x32,0x35,
    0x29,0x3b,0x0a,0x20,0x20,0x20,0x20,0x20,0x20,0x20,0x20,0x20,0x20,0x20,0x20,0x20,
    0x20,0x20,0x20,0x66,0x6c,0x6f,0x61,0x74,0x20,0x5f,0x37,0x37,0x33,0x20,0x3d,0x20,
    0x66,0x6c,0x6f,0x61,0x74,0x28,0x5f,0x36,0x37,0x38,0x2e,0x74,0x69,0x63,0x6b,0x20,
    0x2d,0x20,0x69,0x6e,0x2e,0x73,0x74,0x61,0x72,0x74,0x29,0x3b,0x0a,0x20,0x20,0x20,
    0x20,0x20,0x20,0x20,0x20,0x20,0x20,0x20,0x20,0x20,0x20,0x20,0x20,0x66,0x6c,0x6f,
    0x61,0x74,0x20,0x5f,0x37,0x37,0x38,0x20,0x3d,0x20,0x66,0x6d,0x61,0x28,0x6c,0x65,
    0x6e,0x67,0x74,0x68,0x28,0x61,0x62,0x73,0x28,0x5f,0x37,0x36,0x30,0x29,0x20,0x2f,
    0x20,0x69,0x6e,0x2e,0x73,0x69,0x7a,0x65,0x29,0x2c,0x20,0x31,0x2e,0x34,0x31,0x34,
    0x32,0x31,0x33,0x35,0x33,0x38,0x31,0x36,0x39,0x38,0x36,0x30,0x38,0x33,0x39,0x38,
    0x34,0x33,0x37,0x35,0x2c,0x20,0x5f,0x37,0x37,0x33,0x20,0x2a,0x20,0x30,0x2e,0x30,
    0x31,0x36,0x36,0x36,0x36,0x36,0x36,0x37,0x35,0x33,0x35,0x39,0x30,0x31,0x30,0x36,
    0x39,0x36,0x34,0x31,0x31,0x31,0x33,0x32,0x38,0x31,0x32,0x35,0x29,0x3b,0x0a,0x20,
    0x20,0x20,0x20,0x20,0x20,0x20,0x20,0x20,0x20,0x20,0x20,0x20,0x20,0x20,0x20,0x66,
    0x6c,0x6f,0x61,0x74,0x20,0x5f,0x37,0x39,0x34,0x20,0x3d,0x20,0x66,0x6d,0x61,0x28,
    0x5f,0x37,0x37,0x33,0x2c,0x20,0x30,0x2e,0x30,0x30,0x35,0x35,0x35,0x35,0x35,0x35,
    0x36,0x31,0x35,0x35,0x37,0x34,0x31,0x32,0x31,0x34,0x37,0x35,0x32,0x31,0x39,0x37,
    0x32,0x36,0x35,0x36,0x32,0x35,0x2c,0x20,0x66,0x6c,0x6f,0x61,0x74,0x28,0x69,0x6e,
    0x2e,0x69,0x64,0x20,0x25,0x20,0x33,0x33,0x29,0x29,0x3b,0x0a,0x20,0x20,0x20,0x20,
    0x20,0x20,0x20,0x20,0x20,0x20,0x20,0x20,0x20,0x20,0x20,0x20,0x66,0x6c,0x6f,0x61,
    0x74,0x33,0x20,0x70,0x61,0x72,0x61,0x6d,0x5f,0x33,0x20,0x3d,0x20,0x66,0x6c,0x6f,
    0x61,0x74,0x33,0x28,0x30,0x2e,0x30,0x2c,0x20,0x30,0x2e,0x30,0x2c,0x20,0x5f,0x37,
    0x39,0x34,0x29,0x3b,0x0a,0x20,0x20,0x20,0x20,0x20,0x20,0x20,0x20,0x20,0x20,0x20,
    0x20,0x20,0x20,0x20,0x20,0x66,0x6c,0x6f,0x61,0x74,0x20,0x5f,0x38,0x31,0x30,0x20,
    0x3d,0x20,0x66,0x62,0x6d,0x28,0x70,0x61,0x72,0x61,0x6d,0x5f,0x33,0x29,0x3b,0x0a,
    0x20,0x20,0x20,0x20,0x20,0x20,0x20,0x20,0x20,0x20,0x20,0x20,0x20,0x20,0x20,0x20,
    0x66,0x6c,0x6f,0x61,0x74,0x33,0x20,0x70,0x61,0x72,0x61,0x6d,0x5f,0x34,0x20,0x3d,
    0x20,0x66,0x6c,0x6f,0x61,0x74,0x33,0x28,0x5f,0x37,0x36,0x30,0x2e,0x78,0x20,0x2a,
    0x20,0x30,0x2e,0x38,0x39,0x39,0x39,0x39,0x39,0x39,0x37,0x36,0x31,0x35,0x38,0x31,
    0x34,0x32,0x30,0x38,0x39,0x38,0x34,0x33,0x37,0x35,0x2c,0x20,0x5f,0x37,0x36,0x30,
    0x2e,0x79,0x20,0x2a,0x20,0x31,0x2e,0x32,0x30,0x30,0x30,0x30,0x30,0x30,0x34,0x37,
    0x36,0x38,0x33,0x37,0x31,0x35,0x38,0x32,0x30,0x33,0x31,0x32,0x35,0x2c,0x20,0x5f,
    0x37,0x39,0x34,0x29,0x3b,0x0a,0x20,0x20,0x20,0x20,0x20,0x20,0x20,0x20,0x20,0x20,
    0x20,0x20,0x20,0x20,0x20,0x20,0x66,0x6c,0x6f,0x61,0x74,0x20,0x5f,0x38,0x31,0x34,
    0x20,0x3d,0x20,0x66,0x62,0x6d,0x28,0x70,0x61,0x72,0x61,0x6d,0x5f,0x34,0x29,0x3b,
    0x0a,0x20,0x20,0x20,0x20,0x20,0x20,0x20,0x20,0x20,0x20,0x20,0x20,0x20,0x20,0x20,
    0x20,0x69,0x66,0x20,0x28,0x61,0x62,0x73,0x28,0x5f,0x38,0x31,0x30,0x20,0x2d,0x20,
    0x5f,0x38,0x31,0x34,0x29,0x20,0x3e,0x20,0x66,0x6d,0x61,0x28,0x2d,0x28,0x5f,0x37,
    0x37,0x38,0x20,0x2a,0x20,0x5f,0x37,0x37,0x38,0x29,0x2c,0x20,0x30,0x2e,0x30,0x30,
    0x39,0x39,0x39,0x39,0x39,0x39,0x39,0x37,0x37,0x36,0x34,0x38,0x32,0x35,0x38,0x32,
    0x30,0x39,0x32,0x32,0x38,0x35,0x31,0x35,0x36,0x32,0x35,0x2c,0x20,0x30,0x2e,0x30,
    0x31,0x39,0x39,0x39,0x39,0x39,0x39,0x39,0x35,0x35,0x32,0x39,0x36,0x35,0x31,0x36,
    0x34,0x31,0x38,0x34,0x35,0x37,0x30,0x33,0x31,0x32,0x35,0x29,0x29,0x0a,0x20,0x20,
    0x20,0x20,0x20,0x20,0x20,0x20,0x20,0x20,0x20,0x20,0x20,0x20,0x20,0x20,0x7b,0x0a,
    0x20,0x20,0x20,0x20,0x20,0x20,0x20,0x20,0x20,0x20,0x20,0x20,0x20,0x20,0x20,0x20,
    0x20,0x20,0x20,0x20,0x64,0x69,0x73,0x63,0x61,0x72,0x64,0x5f,0x66,0x72,0x61,0x67,
    0x6d,0x65,0x6e,0x74,0x28,0x29,0x3b,0x0a,0x20,0x20,0x20,0x20,0x20,0x20,0x20,0x20,
    0x20,0x20,0x20,0x20,0x20,0x20,0x20,0x20,0x7d,0x0a,0x20,0x20,0x20,0x20,0x20,0x20,
    0x20,0x20,0x20,0x20,0x20,0x20,0x20,0x20,0x20,0x20,0x66,0x6c,0x6f,0x61,0x74,0x33,
    0x20,0x5f,0x39,0x37,0x30,0x20,0x3d,0x20,0x63,0x6f,0x6c,0x6f,0x72,0x5f,0x65,0x78,
    0x3b,0x0a,0x20,0x20,0x20,0x20,0x20,0x20,0x20,0x20,0x20,0x20,0x20,0x20,0x20,0x20,
    0x20,0x20,0x5f,0x39,0x37,0x30,0x2e,0x78,0x20,0x3d,0x20,0x66,0x6d,0x61,0x28,0x30,
    0x2e,0x31,0x32,0x35,0x20,0x2d,0x20,0x5f,0x37,0x37,0x38,0x2c,0x20,0x30,0x2e,0x33,
    0x30,0x30,0x30,0x30,0x30,0x30,0x31,0x31,0x39,0x32,0x30,0x39,0x32,0x38,0x39,0x35,
    0x35,0x30,0x37,0x38,0x31,0x32,0x35,0x2c,0x20,0x5f,0x39,0x37,0x30,0x2e,0x78,0x29,
    0x3b,0x0a,0x20,0x20,0x20,0x20,0x20,0x20,0x20,0x20,0x20,0x20,0x20,0x20,0x20,0x20,
    0x20,0x20,0x63,0x6f,0x6c,0x6f,0x72,0x5f,0x65,0x78,0x20,0x3d,0x20,0x5f,0x39,0x37,
    0x30,0x3b,0x0a,0x20,0x20,0x20,0x20,0x20,0x20,0x20,0x20,0x20,0x20,0x20,0x20,0x7d,
    0x0a,0x20,0x20,0x20,0x20,0x20,0x20,0x20,0x20,0x7d,0x0a,0x20,0x20,0x20,0x20,0x7d,
    0x0a,0x20,0x20,0x20,0x20,0x69,0x6e,0x74,0x20,0x70,0x61,0x72,0x61,0x6d,0x5f,0x35,
    0x20,0x3d,0x20,0x69,0x6e,0x2e,0x74,0x65,0x78,0x5f,0x69,0x64,0x3b,0x0a,0x20,0x20,
    0x20,0x20,0x69,0x6e,0x74,0x20,0x70,0x61,0x72,0x61,0x6d,0x5f,0x36,0x20,0x3d,0x20,
    0x5f,0x36,0x37,0x38,0x2e,0x74,0x69,0x63,0x6b,0x3b,0x0a,0x20,0x20,0x20,0x20,0x74,
    0x65,0x78,0x5f,0x61,0x74,0x6c,0x61,0x73,0x5f,0x65,0x6e,0x74,0x72,0x79,0x20,0x70,
    0x61,0x72,0x61,0x6d,0x5f,0x37,0x3b,0x0a,0x20,0x20,0x20,0x20,0x74,0x65,0x78,0x5f,
    0x61,0x74,0x6c,0x61,0x73,0x5f,0x6c,0x6f,0x6f,0x6b,0x75,0x70,0x28,0x70,0x61,0x72,
    0x61,0x6d,0x5f,0x35,0x2c,0x20,0x70,0x61,0x72,0x61,0x6d,0x5f,0x36,0x2c,0x20,0x70,
    0x61,0x72,0x61,0x6d,0x5f,0x37,0x2c,0x20,0x5f,0x34,0x38,0x34,0x29,0x3b,0x0a,0x20,
    0x20,0x20,0x20,0x66,0x6c,0x6f,0x61,0x74,0x33,0x20,0x70,0x61,0x72,0x61,0x6d,0x5f,
    0x38,0x20,0x3d,0x20,0x66,0x6c,0x6f,0x61,0x74,0x33,0x28,0x66,0x6d,0x61,0x28,0x6d,
    0x6f,0x64,0x28,0x69,0x6e,0x2e,0x75,0x76,0x2c,0x20,0x70,0x61,0x72,0x61,0x6d,0x5f,
    0x37,0x2e,0x73,0x69,0x7a,0x65,0x29,0x2c,0x20,0x70,0x61,0x72,0x61,0x6d,0x5f,0x37,
    0x2e,0x73,0x69,0x7a,0x65,0x2c,0x20,0x70,0x61,0x72,0x61,0x6d,0x5f,0x37,0x2e,0x6d,
    0x69,0x29,0x2c,0x20,0x66,0x6c,0x6f,0x61,0x74,0x28,0x70,0x61,0x72,0x61,0x6d,0x5f,
    0x37,0x2e,0x6c,0x61,0x79,0x65,0x72,0x29,0x29,0x3b,0x0a,0x20,0x20,0x20,0x20,0x6f,
    0x75,0x74,0x2e,0x66,0x72,0x61,0x67,0x5f,0x63,0x6f,0x6c,0x6f,0x72,0x20,0x3d,0x20,
    0x74,0x65,0x78,0x5f,0x61,0x74,0x6c,0x61,0x73,0x5f,0x73,0x61,0x6d,0x70,0x6c,0x65,
    0x28,0x70,0x61,0x72,0x61,0x6d,0x5f,0x38,0x2c,0x20,0x74,0x65,0x78,0x5f,0x61,0x74,
    0x6c,0x61,0x73,0x5f,0x76,0x69,0x72,0x74,0x75,0x61,0x6c,0x2c,0x20,0x73,0x6d,0x70,
    0x5f,0x6e,0x65,0x61,0x72,0x65,0x73,0x74,0x2c,0x20,0x74,0x65,0x78,0x5f,0x61,0x74,
    0x6c,0x61,0x73,0x29,0x3b,0x0a,0x20,0x20,0x20,0x20,0x69,0x66,0x20,0x28,0x6f,0x75,
    0x74,0x2e,0x66,0x72,0x61,0x67,0x5f,0x63,0x6f,0x6c,0x6f,0x72,0x2e,0x77,0x20,0x3c,
    0x20,0x39,0x2e,0x39,0x39,0x39,0x39,0x39,0x39,0x37,0x34,0x37,0x33,0x37,0x38,0x37,
    0x35,0x31,0x36,0x33,0x35,0x35,0x35,0x31,0x34,0x35,0x32,0x36,0x33,0x36,0x37,0x31,
    0x38,0x38,0x65,0x2d,0x30,0x35,0x29,0x0a,0x20,0x20,0x20,0x20,0x7b,0x0a,0x20,0x20,
    0x20,0x20,0x20,0x20,0x20,0x20,0x64,0x69,0x73,0x63,0x61,0x72,0x64,0x5f,0x66,0x72,
    0x61,0x67,0x6d,0x65,0x6e,0x74,0x28,0x29,0x3b,0x0a,0x20,0x20,0x20,0x20,0x7d,0x0a,
    0x20,0x20,0x20,0x20,0x6f,0x75,0x74,0x2e,0x66,0x72,0x61,0x67,0x5f,0x63,0x6f,0x6c,
    0x6f,0x72,0x20,0x2a,0x3d,0x20,0x69,0x6e,0x2e,0x63,0x6f,0x6c,0x6f,0x72,0x3b,0x0a,
    0x20,0x20,0x20,0x20,0x66,0x6c,0x6f,0x61,0x74,0x34,0x20,0x70,0x61,0x72,0x61,0x6d,
    0x5f,0x39,0x20,0x3d,0x20,0x6f,0x75,0x74,0x2e,0x66,0x72,0x61,0x67,0x5f,0x63,0x6f,
    0x6c,0x6f,0x72,0x3b,0x0a,0x20,0x20,0x20,0x20,0x66,0x6c,0x6f,0x61,0x74,0x34,0x20,
    0x70,0x61,0x72,0x61,0x6d,0x5f,0x31,0x30,0x20,0x3d,0x20,0x69,0x6e,0x2e,0x68,0x73,
    0x76,0x61,0x3b,0x0a,0x20,0x20,0x20,0x20,0x66,0x6c,0x6f,0x61,0x74,0x34,0x20,0x5f,
    0x38,0x38,0x35,0x20,0x3d,0x20,0x6f,0x66,0x66,0x73,0x65,0x74,0x5f,0x77,0x69,0x74,
    0x68,0x5f,0x68,0x73,0x76,0x61,0x28,0x70,0x61,0x72,0x61,0x6d,0x5f,0x39,0x2c,0x20,
    0x70,0x61,0x72,0x61,0x6d,0x5f,0x31,0x30,0x29,0x3b,0x0a,0x20,0x20,0x20,0x20,0x6f,
    0x75,0x74,0x2e,0x66,0x72,0x61,0x67,0x5f,0x63,0x6f,0x6c,0x6f,0x72,0x2e,0x78,0x20,
    0x3d,0x20,0x5f,0x38,0x38,0x35,0x2e,0x78,0x3b,0x0a,0x20,0x20,0x20,0x20,0x6f,0x75,
    0x74,0x2e,0x66,0x72,0x61,0x67,0x5f,0x63,0x6f,0x6c,0x6f,0x72,0x2e,0x79,0x20,0x3d,
    0x20,0x5f,0x38,0x38,0x35,0x2e,0x79,0x3b,0x0a,0x20,0x20,0x20,0x20,0x6f,0x75,0x74,
    0x2e,0x66,0x72,0x61,0x67,0x5f,0x63,0x6f,0x6c,0x6f,0x72,0x2e,0x7a,0x20,0x3d,0x20,
    0x5f,0x38,0x38,0x35,0x2e,0x7a,0x3b,0x0a,0x20,0x20,0x20,0x20,0x6f,0x75,0x74,0x2e,
    0x66,0x72,0x61,0x67,0x5f,0x63,0x6f,0x6c,0x6f,0x72,0x20,0x3d,0x20,0x66,0x6c,0x6f,
    0x61,0x74,0x34,0x28,0x6f,0x75,0x74,0x2e,0x66,0x72,0x61,0x67,0x5f,0x63,0x6f,0x6c,
    0x6f,0x72,0x2e,0x78,0x79,0x7a,0x20,0x2b,0x20,0x63,0x6f,0x6c,0x6f,0x72,0x5f,0x65,
    0x78,0x2c,0x20,0x31,0x2e,0x30,0x29,0x3b,0x0a,0x20,0x20,0x20,0x20,0x6f,0x75,0x74,
    0x2e,0x66,0x72,0x61,0x67,0x5f,0x70,0x6f,0x73,0x5f,0x77,0x5f,0x69,0x64,0x20,0x3d,
    0x20,0x66,0x6c,0x6f,0x61,0x74,0x34,0x28,0x69,0x6e,0x2e,0x70,0x6f,0x73,0x5f,0x77,
    0x2c,0x20,0x61,0x73,0x5f,0x74,0x79,0x70,0x65,0x3c,0x66,0x6c,0x6f,0x61,0x74,0x3e,
    0x28,0x69,0x6e,0x2e,0x74,0x79,0x70,0x65,0x29,0x29,0x3b,0x0a,0x20,0x20,0x20,0x20,
    0x6f,0x75,0x74,0x2e,0x66,0x72,0x61,0x67,0x5f,0x70,0x6f,0x73,0x5f,0x76,0x5f,0x69,
    0x6e,0x64,0x65,0x78,0x5f,0x74,0x79,0x70,0x65,0x5f,0x66,0x6c,0x61,0x67,0x73,0x20,
    0x3d,0x20,0x66,0x6c,0x6f,0x61,0x74,0x34,0x28,0x69,0x6e,0x2e,0x70,0x6f,0x73,0x5f,
    0x76,0x2c,0x20,0x31,0x2e,0x34,0x33,0x34,0x39,0x32,0x39,0x36,0x32,0x37,0x34,0x36,
    0x38,0x36,0x31,0x32,0x36,0x38,0x30,0x36,0x32,0x35,0x38,0x39,0x39,0x30,0x39,0x33,
    0x32,0x38,0x38,0x39,0x65,0x2d,0x34,0x32,0x29,0x3b,0x0a,0x20,0x20,0x20,0x20,0x66,
    0x6c,0x6f,0x61,0x74,0x33,0x20,0x70,0x61,0x72,0x61,0x6d,0x5f,0x31,0x31,0x20,0x3d,
    0x20,0x66,0x6c,0x6f,0x61,0x74,0x33,0x28,0x30,0x2e,0x30,0x2c,0x20,0x30,0x2e,0x30,
    0x2c,0x20,0x31,0x2e,0x30,0x29,0x3b,0x0a,0x20,0x20,0x20,0x20,0x6f,0x75,0x74,0x2e,
    0x66,0x72,0x61,0x67,0x5f,0x6e,0x6f,0x72,0x6d,0x61,0x6c,0x5f,0x75,0x76,0x20,0x3d,
    0x20,0x66,0x6c,0x6f,0x61,0x74,0x34,0x28,0x6e,0x6f,0x72,0x6d,0x61,0x6c,0x5f,0x65,
    0x6e,0x63,0x6f,0x64,0x65,0x28,0x70,0x61,0x72,0x61,0x6d,0x5f,0x31,0x31,0x29,0x2c,
    0x20,0x69,0x6e,0x2e,0x75,0x76,0x29,0x3b,0x0a,0x20,0x20,0x20,0x20,0x72,0x65,0x74,
    0x75,0x72,0x6e,0x20,0x6f,0x75,0x74,0x3b,0x0a,0x7d,0x0a,0x0a,0x00,
};
const sg_shader_desc* particle_program_shader_desc(sg_backend backend) {
    if (backend == SG_BACKEND_METAL_MACOS) {
        static sg_shader_desc desc;
        static bool valid;
        if (!valid) {
            valid = true;
            desc.vs.source = (const char*)particle_vs_source_metal_macos;
            desc.vs.entry = "main0";
            desc.vs.uniform_blocks[0].size = 288;
            desc.vs.uniform_blocks[0].layout = SG_UNIFORMLAYOUT_STD140;
            desc.fs.source = (const char*)particle_fs_source_metal_macos;
            desc.fs.entry = "main0";
            desc.fs.uniform_blocks[0].size = 128;
            desc.fs.uniform_blocks[0].layout = SG_UNIFORMLAYOUT_STD140;
            desc.fs.storage_buffers[0].used = true;
            desc.fs.storage_buffers[0].readonly = true;
            desc.fs.images[0].used = true;
            desc.fs.images[0].multisampled = false;
            desc.fs.images[0].image_type = SG_IMAGETYPE_2D;
            desc.fs.images[0].sample_type = SG_IMAGESAMPLETYPE_FLOAT;
            desc.fs.images[1].used = true;
            desc.fs.images[1].multisampled = false;
            desc.fs.images[1].image_type = SG_IMAGETYPE_ARRAY;
            desc.fs.images[1].sample_type = SG_IMAGESAMPLETYPE_FLOAT;
            desc.fs.samplers[0].used = true;
            desc.fs.samplers[0].sampler_type = SG_SAMPLERTYPE_FILTERING;
            desc.fs.image_sampler_pairs[0].used = true;
            desc.fs.image_sampler_pairs[0].image_slot = 0;
            desc.fs.image_sampler_pairs[0].sampler_slot = 0;
            desc.fs.image_sampler_pairs[1].used = true;
            desc.fs.image_sampler_pairs[1].image_slot = 1;
            desc.fs.image_sampler_pairs[1].sampler_slot = 0;
            desc.label = "particle_program_shader";
        }
        return &desc;
    }
    return 0;
}
int particle_program_attr_slot(const char* attr_name) {
    (void)attr_name;
    if (0 == strcmp(attr_name, "a_pos")) {
        return 0;
    }
    if (0 == strcmp(attr_name, "a_uv")) {
        return 1;
    }
    if (0 == strcmp(attr_name, "i_pos")) {
        return 2;
    }
    if (0 == strcmp(attr_name, "i_size")) {
        return 3;
    }
    if (0 == strcmp(attr_name, "i_vel")) {
        return 4;
    }
    if (0 == strcmp(attr_name, "i_dir")) {
        return 5;
    }
    if (0 == strcmp(attr_name, "i_id")) {
        return 6;
    }
    if (0 == strcmp(attr_name, "i_type")) {
        return 7;
    }
    if (0 == strcmp(attr_name, "i_tex_id")) {
        return 8;
    }
    if (0 == strcmp(attr_name, "i_flags")) {
        return 9;
    }
    if (0 == strcmp(attr_name, "i_start")) {
        return 10;
    }
    if (0 == strcmp(attr_name, "i_color")) {
        return 11;
    }
    if (0 == strcmp(attr_name, "i_hsva")) {
        return 12;
    }
    return -1;
}
int particle_program_image_slot(sg_shader_stage stage, const char* img_name) {
    (void)stage; (void)img_name;
    if (SG_SHADERSTAGE_FS == stage) {
        if (0 == strcmp(img_name, "tex_atlas_virtual")) {
            return 0;
        }
        if (0 == strcmp(img_name, "tex_atlas")) {
            return 1;
        }
    }
    return -1;
}
int particle_program_sampler_slot(sg_shader_stage stage, const char* smp_name) {
    (void)stage; (void)smp_name;
    if (SG_SHADERSTAGE_FS == stage) {
        if (0 == strcmp(smp_name, "smp_nearest")) {
            return 0;
        }
    }
    return -1;
}
int particle_program_uniformblock_slot(sg_shader_stage stage, const char* ub_name) {
    (void)stage; (void)ub_name;
    if (SG_SHADERSTAGE_VS == stage) {
        if (0 == strcmp(ub_name, "vs_params")) {
            return 0;
        }
    }
    if (SG_SHADERSTAGE_FS == stage) {
        if (0 == strcmp(ub_name, "fs_params")) {
            return 0;
        }
    }
    return -1;
}
size_t particle_program_uniformblock_size(sg_shader_stage stage, const char* ub_name) {
    (void)stage; (void)ub_name;
    if (SG_SHADERSTAGE_VS == stage) {
        if (0 == strcmp(ub_name, "vs_params")) {
            return sizeof(particle_vs_params_t);
        }
    }
    if (SG_SHADERSTAGE_FS == stage) {
        if (0 == strcmp(ub_name, "fs_params")) {
            return sizeof(particle_fs_params_t);
        }
    }
    return 0;
}
int particle_program_uniform_offset(sg_shader_stage stage, const char* ub_name, const char* u_name) {
    (void)stage; (void)ub_name; (void)u_name;
    if (SG_SHADERSTAGE_VS == stage) {
        if (0 == strcmp(ub_name, "vs_params")) {
            if (0 == strcmp(u_name, "yaw")) {
                return 0;
            }
            if (0 == strcmp(u_name, "pitch")) {
                return 4;
            }
            if (0 == strcmp(u_name, "cam_right")) {
                return 16;
            }
            if (0 == strcmp(u_name, "cam_dir")) {
                return 32;
            }
            if (0 == strcmp(u_name, "cam_up")) {
                return 48;
            }
            if (0 == strcmp(u_name, "cam_pos")) {
                return 64;
            }
            if (0 == strcmp(u_name, "view")) {
                return 80;
            }
            if (0 == strcmp(u_name, "proj")) {
                return 144;
            }
            if (0 == strcmp(u_name, "view_no_pitch")) {
                return 208;
            }
            if (0 == strcmp(u_name, "tick")) {
                return 272;
            }
            if (0 == strcmp(u_name, "time_s")) {
                return 276;
            }
        }
    }
    if (SG_SHADERSTAGE_FS == stage) {
        if (0 == strcmp(ub_name, "fs_params")) {
            if (0 == strcmp(u_name, "tick")) {
                return 0;
            }
            if (0 == strcmp(u_name, "time_s")) {
                return 4;
            }
            if (0 == strcmp(u_name, "cam_right")) {
                return 16;
            }
            if (0 == strcmp(u_name, "cam_dir")) {
                return 32;
            }
            if (0 == strcmp(u_name, "cam_up")) {
                return 48;
            }
            if (0 == strcmp(u_name, "view")) {
                return 64;
            }
        }
    }
    return -1;
}
sg_shader_uniform_desc particle_program_uniform_desc(sg_shader_stage stage, const char* ub_name, const char* u_name) {
    (void)stage; (void)ub_name; (void)u_name;
    #if defined(__cplusplus)
    sg_shader_uniform_desc desc = {};
    #else
    sg_shader_uniform_desc desc = {0};
    #endif
    if (SG_SHADERSTAGE_VS == stage) {
        if (0 == strcmp(ub_name, "vs_params")) {
            if (0 == strcmp(u_name, "yaw")) {
                desc.name = "yaw";
                desc.type = SG_UNIFORMTYPE_FLOAT;
                desc.array_count = 0;
                return desc;
            }
            if (0 == strcmp(u_name, "pitch")) {
                desc.name = "pitch";
                desc.type = SG_UNIFORMTYPE_FLOAT;
                desc.array_count = 0;
                return desc;
            }
            if (0 == strcmp(u_name, "cam_right")) {
                desc.name = "cam_right";
                desc.type = SG_UNIFORMTYPE_FLOAT3;
                desc.array_count = 0;
                return desc;
            }
            if (0 == strcmp(u_name, "cam_dir")) {
                desc.name = "cam_dir";
                desc.type = SG_UNIFORMTYPE_FLOAT3;
                desc.array_count = 0;
                return desc;
            }
            if (0 == strcmp(u_name, "cam_up")) {
                desc.name = "cam_up";
                desc.type = SG_UNIFORMTYPE_FLOAT3;
                desc.array_count = 0;
                return desc;
            }
            if (0 == strcmp(u_name, "cam_pos")) {
                desc.name = "cam_pos";
                desc.type = SG_UNIFORMTYPE_FLOAT3;
                desc.array_count = 0;
                return desc;
            }
            if (0 == strcmp(u_name, "view")) {
                desc.name = "view";
                desc.type = SG_UNIFORMTYPE_MAT4;
                desc.array_count = 0;
                return desc;
            }
            if (0 == strcmp(u_name, "proj")) {
                desc.name = "proj";
                desc.type = SG_UNIFORMTYPE_MAT4;
                desc.array_count = 0;
                return desc;
            }
            if (0 == strcmp(u_name, "view_no_pitch")) {
                desc.name = "view_no_pitch";
                desc.type = SG_UNIFORMTYPE_MAT4;
                desc.array_count = 0;
                return desc;
            }
            if (0 == strcmp(u_name, "tick")) {
                desc.name = "tick";
                desc.type = SG_UNIFORMTYPE_INT;
                desc.array_count = 0;
                return desc;
            }
            if (0 == strcmp(u_name, "time_s")) {
                desc.name = "time_s";
                desc.type = SG_UNIFORMTYPE_FLOAT;
                desc.array_count = 0;
                return desc;
            }
        }
    }
    if (SG_SHADERSTAGE_FS == stage) {
        if (0 == strcmp(ub_name, "fs_params")) {
            if (0 == strcmp(u_name, "tick")) {
                desc.name = "tick";
                desc.type = SG_UNIFORMTYPE_INT;
                desc.array_count = 0;
                return desc;
            }
            if (0 == strcmp(u_name, "time_s")) {
                desc.name = "time_s";
                desc.type = SG_UNIFORMTYPE_FLOAT;
                desc.array_count = 0;
                return desc;
            }
            if (0 == strcmp(u_name, "cam_right")) {
                desc.name = "cam_right";
                desc.type = SG_UNIFORMTYPE_FLOAT3;
                desc.array_count = 0;
                return desc;
            }
            if (0 == strcmp(u_name, "cam_dir")) {
                desc.name = "cam_dir";
                desc.type = SG_UNIFORMTYPE_FLOAT3;
                desc.array_count = 0;
                return desc;
            }
            if (0 == strcmp(u_name, "cam_up")) {
                desc.name = "cam_up";
                desc.type = SG_UNIFORMTYPE_FLOAT3;
                desc.array_count = 0;
                return desc;
            }
            if (0 == strcmp(u_name, "view")) {
                desc.name = "view";
                desc.type = SG_UNIFORMTYPE_MAT4;
                desc.array_count = 0;
                return desc;
            }
        }
    }
    return desc;
}
int particle_program_storagebuffer_slot(sg_shader_stage stage, const char* sbuf_name) {
    (void)stage; (void)sbuf_name;
    if (SG_SHADERSTAGE_FS == stage) {
        if (0 == strcmp(sbuf_name, "tex_atlas_entries_buffer")) {
            return 0;
        }
    }
    return -1;
}
#endif // SOKOL_SHDC_IMPL