#pragma once
/*
    #version:1# (machine generated, don't edit!)

    Generated by sokol-shdc (https://github.com/floooh/sokol-tools)

    Cmdline:
        sokol-shdc --input src/shader/post0.glsl --output src/shader/post0.glsl.h --slang metal_macos --format=sokol_impl -r

    Overview:
    =========
    Shader program: 'program':
        Get shader desc: post0_program_shader_desc(sg_query_backend());
        Vertex shader: vs
            Attributes:
                ATTR_post0_vs_position => 0
                ATTR_post0_vs_texcoord0 => 1
            Uniform block 'vs_params':
                C struct: post0_vs_params_t
                Bind slot: SLOT_post0_vs_params => 0
        Fragment shader: fs
            Uniform block 'fs_params':
                C struct: post0_fs_params_t
                Bind slot: SLOT_post0_fs_params => 0
            Storage buffer 'cell_buffer':
                C struct: post0_cell_buffer_t
                Bind slot: SLOT_post0_cell_buffer => 0
            Storage buffer 'particle_buffer':
                C struct: post0_particle_buffer_t
                Bind slot: SLOT_post0_particle_buffer => 1
            Image 'd_pos_v_index_type_flags':
                Image type: SG_IMAGETYPE_2D
                Sample type: SG_IMAGESAMPLETYPE_FLOAT
                Multisampled: false
                Bind slot: SLOT_post0_d_pos_v_index_type_flags => 0
            Image 'c_extra_id_pos':
                Image type: SG_IMAGETYPE_2D
                Sample type: SG_IMAGESAMPLETYPE_FLOAT
                Multisampled: false
                Bind slot: SLOT_post0_c_extra_id_pos => 1
            Image 'c_color':
                Image type: SG_IMAGETYPE_2D
                Sample type: SG_IMAGESAMPLETYPE_FLOAT
                Multisampled: false
                Bind slot: SLOT_post0_c_color => 2
            Image 'c_light':
                Image type: SG_IMAGETYPE_2D
                Sample type: SG_IMAGESAMPLETYPE_FLOAT
                Multisampled: false
                Bind slot: SLOT_post0_c_light => 3
            Image 'c_bloom':
                Image type: SG_IMAGETYPE_2D
                Sample type: SG_IMAGESAMPLETYPE_FLOAT
                Multisampled: false
                Bind slot: SLOT_post0_c_bloom => 4
            Sampler 'smp_nearest':
                Type: SG_SAMPLERTYPE_FILTERING
                Bind slot: SLOT_post0_smp_nearest => 0
            Image Sampler Pair 'd_pos_v_index_type_flags_smp_nearest':
                Image: d_pos_v_index_type_flags
                Sampler: smp_nearest
            Image Sampler Pair 'c_extra_id_pos_smp_nearest':
                Image: c_extra_id_pos
                Sampler: smp_nearest
            Image Sampler Pair 'c_color_smp_nearest':
                Image: c_color
                Sampler: smp_nearest
            Image Sampler Pair 'c_light_smp_nearest':
                Image: c_light
                Sampler: smp_nearest
            Image Sampler Pair 'c_bloom_smp_nearest':
                Image: c_bloom
                Sampler: smp_nearest
*/
#if !defined(SOKOL_GFX_INCLUDED)
#error "Please include sokol_gfx.h before post0.glsl.h"
#endif
#if !defined(SOKOL_SHDC_ALIGN)
#if defined(_MSC_VER)
#define SOKOL_SHDC_ALIGN(a) __declspec(align(a))
#else
#define SOKOL_SHDC_ALIGN(a) __attribute__((aligned(a)))
#endif
#endif
const sg_shader_desc* post0_program_shader_desc(sg_backend backend);
int post0_program_attr_slot(const char* attr_name);
int post0_program_image_slot(sg_shader_stage stage, const char* img_name);
int post0_program_sampler_slot(sg_shader_stage stage, const char* smp_name);
int post0_program_uniformblock_slot(sg_shader_stage stage, const char* ub_name);
size_t post0_program_uniformblock_size(sg_shader_stage stage, const char* ub_name);
int post0_program_storagebuffer_slot(sg_shader_stage stage, const char* sbuf_name);
int post0_program_uniform_offset(sg_shader_stage stage, const char* ub_name, const char* u_name);
sg_shader_uniform_desc post0_program_uniform_desc(sg_shader_stage stage, const char* ub_name, const char* u_name);
#define ATTR_post0_vs_position (0)
#define ATTR_post0_vs_texcoord0 (1)
#define SLOT_post0_vs_params (0)
#define SLOT_post0_fs_params (0)
#define SLOT_post0_cell_buffer (0)
#define SLOT_post0_particle_buffer (1)
#define SLOT_post0_d_pos_v_index_type_flags (0)
#define SLOT_post0_c_extra_id_pos (1)
#define SLOT_post0_c_color (2)
#define SLOT_post0_c_light (3)
#define SLOT_post0_c_bloom (4)
#define SLOT_post0_smp_nearest (0)
#pragma pack(push,1)
SOKOL_SHDC_ALIGN(16) typedef struct post0_vs_params_t {
    m4 model;
    m4 view;
    m4 proj;
} post0_vs_params_t;
#pragma pack(pop)
#pragma pack(push,1)
SOKOL_SHDC_ALIGN(16) typedef struct post0_fs_params_t {
    int tick;
    f32 time_s;
    int visopt;
    int n_particles;
    f32 particle_kern_radius;
    f32 particle_disp_scale;
    f32 particle_disp_radius;
    uint8_t _pad_28[4];
    v2 particle_bounds;
    v2 particle_render_offset;
    v3 particle_color_left;
    uint8_t _pad_60[4];
    v3 particle_color_right;
    uint8_t _pad_76[4];
    v2i particle_cell_dims;
    uint8_t _pad_88[8];
    v4 override_color;
} post0_fs_params_t;
#pragma pack(pop)
#pragma pack(push,1)
SOKOL_SHDC_ALIGN(4) typedef struct post0_gpu_psim_cell_t_t {
    int32_t start;
    int32_t count;
} post0_gpu_psim_cell_t_t;
#pragma pack(pop)
#pragma pack(push,1)
SOKOL_SHDC_ALIGN(8) typedef struct post0_gpu_psim_particle_t_t {
    v2 pos;
    f32 density;
    int32_t is_right;
} post0_gpu_psim_particle_t_t;
#pragma pack(pop)
#if defined(SOKOL_SHDC_IMPL)
/*
    #include <metal_stdlib>
    #include <simd/simd.h>

    using namespace metal;

    struct vs_params
    {
        float4x4 model;
        float4x4 view;
        float4x4 proj;
    };

    struct main0_out
    {
        float2 uv [[user(locn0)]];
        float4 gl_Position [[position]];
    };

    struct main0_in
    {
        float2 position [[attribute(0)]];
        float2 texcoord0 [[attribute(1)]];
    };

    vertex main0_out main0(main0_in in [[stage_in]], constant vs_params& _19 [[buffer(0)]])
    {
        main0_out out = {};
        out.gl_Position = ((_19.proj * _19.view) * _19.model) * float4(in.position, 0.0, 1.0);
        out.uv = in.texcoord0;
        return out;
    }

*/
static const uint8_t post0_vs_source_metal_macos[595] = {
    0x23,0x69,0x6e,0x63,0x6c,0x75,0x64,0x65,0x20,0x3c,0x6d,0x65,0x74,0x61,0x6c,0x5f,
    0x73,0x74,0x64,0x6c,0x69,0x62,0x3e,0x0a,0x23,0x69,0x6e,0x63,0x6c,0x75,0x64,0x65,
    0x20,0x3c,0x73,0x69,0x6d,0x64,0x2f,0x73,0x69,0x6d,0x64,0x2e,0x68,0x3e,0x0a,0x0a,
    0x75,0x73,0x69,0x6e,0x67,0x20,0x6e,0x61,0x6d,0x65,0x73,0x70,0x61,0x63,0x65,0x20,
    0x6d,0x65,0x74,0x61,0x6c,0x3b,0x0a,0x0a,0x73,0x74,0x72,0x75,0x63,0x74,0x20,0x76,
    0x73,0x5f,0x70,0x61,0x72,0x61,0x6d,0x73,0x0a,0x7b,0x0a,0x20,0x20,0x20,0x20,0x66,
    0x6c,0x6f,0x61,0x74,0x34,0x78,0x34,0x20,0x6d,0x6f,0x64,0x65,0x6c,0x3b,0x0a,0x20,
    0x20,0x20,0x20,0x66,0x6c,0x6f,0x61,0x74,0x34,0x78,0x34,0x20,0x76,0x69,0x65,0x77,
    0x3b,0x0a,0x20,0x20,0x20,0x20,0x66,0x6c,0x6f,0x61,0x74,0x34,0x78,0x34,0x20,0x70,
    0x72,0x6f,0x6a,0x3b,0x0a,0x7d,0x3b,0x0a,0x0a,0x73,0x74,0x72,0x75,0x63,0x74,0x20,
    0x6d,0x61,0x69,0x6e,0x30,0x5f,0x6f,0x75,0x74,0x0a,0x7b,0x0a,0x20,0x20,0x20,0x20,
    0x66,0x6c,0x6f,0x61,0x74,0x32,0x20,0x75,0x76,0x20,0x5b,0x5b,0x75,0x73,0x65,0x72,
    0x28,0x6c,0x6f,0x63,0x6e,0x30,0x29,0x5d,0x5d,0x3b,0x0a,0x20,0x20,0x20,0x20,0x66,
    0x6c,0x6f,0x61,0x74,0x34,0x20,0x67,0x6c,0x5f,0x50,0x6f,0x73,0x69,0x74,0x69,0x6f,
    0x6e,0x20,0x5b,0x5b,0x70,0x6f,0x73,0x69,0x74,0x69,0x6f,0x6e,0x5d,0x5d,0x3b,0x0a,
    0x7d,0x3b,0x0a,0x0a,0x73,0x74,0x72,0x75,0x63,0x74,0x20,0x6d,0x61,0x69,0x6e,0x30,
    0x5f,0x69,0x6e,0x0a,0x7b,0x0a,0x20,0x20,0x20,0x20,0x66,0x6c,0x6f,0x61,0x74,0x32,
    0x20,0x70,0x6f,0x73,0x69,0x74,0x69,0x6f,0x6e,0x20,0x5b,0x5b,0x61,0x74,0x74,0x72,
    0x69,0x62,0x75,0x74,0x65,0x28,0x30,0x29,0x5d,0x5d,0x3b,0x0a,0x20,0x20,0x20,0x20,
    0x66,0x6c,0x6f,0x61,0x74,0x32,0x20,0x74,0x65,0x78,0x63,0x6f,0x6f,0x72,0x64,0x30,
    0x20,0x5b,0x5b,0x61,0x74,0x74,0x72,0x69,0x62,0x75,0x74,0x65,0x28,0x31,0x29,0x5d,
    0x5d,0x3b,0x0a,0x7d,0x3b,0x0a,0x0a,0x76,0x65,0x72,0x74,0x65,0x78,0x20,0x6d,0x61,
    0x69,0x6e,0x30,0x5f,0x6f,0x75,0x74,0x20,0x6d,0x61,0x69,0x6e,0x30,0x28,0x6d,0x61,
    0x69,0x6e,0x30,0x5f,0x69,0x6e,0x20,0x69,0x6e,0x20,0x5b,0x5b,0x73,0x74,0x61,0x67,
    0x65,0x5f,0x69,0x6e,0x5d,0x5d,0x2c,0x20,0x63,0x6f,0x6e,0x73,0x74,0x61,0x6e,0x74,
    0x20,0x76,0x73,0x5f,0x70,0x61,0x72,0x61,0x6d,0x73,0x26,0x20,0x5f,0x31,0x39,0x20,
    0x5b,0x5b,0x62,0x75,0x66,0x66,0x65,0x72,0x28,0x30,0x29,0x5d,0x5d,0x29,0x0a,0x7b,
    0x0a,0x20,0x20,0x20,0x20,0x6d,0x61,0x69,0x6e,0x30,0x5f,0x6f,0x75,0x74,0x20,0x6f,
    0x75,0x74,0x20,0x3d,0x20,0x7b,0x7d,0x3b,0x0a,0x20,0x20,0x20,0x20,0x6f,0x75,0x74,
    0x2e,0x67,0x6c,0x5f,0x50,0x6f,0x73,0x69,0x74,0x69,0x6f,0x6e,0x20,0x3d,0x20,0x28,
    0x28,0x5f,0x31,0x39,0x2e,0x70,0x72,0x6f,0x6a,0x20,0x2a,0x20,0x5f,0x31,0x39,0x2e,
    0x76,0x69,0x65,0x77,0x29,0x20,0x2a,0x20,0x5f,0x31,0x39,0x2e,0x6d,0x6f,0x64,0x65,
    0x6c,0x29,0x20,0x2a,0x20,0x66,0x6c,0x6f,0x61,0x74,0x34,0x28,0x69,0x6e,0x2e,0x70,
    0x6f,0x73,0x69,0x74,0x69,0x6f,0x6e,0x2c,0x20,0x30,0x2e,0x30,0x2c,0x20,0x31,0x2e,
    0x30,0x29,0x3b,0x0a,0x20,0x20,0x20,0x20,0x6f,0x75,0x74,0x2e,0x75,0x76,0x20,0x3d,
    0x20,0x69,0x6e,0x2e,0x74,0x65,0x78,0x63,0x6f,0x6f,0x72,0x64,0x30,0x3b,0x0a,0x20,
    0x20,0x20,0x20,0x72,0x65,0x74,0x75,0x72,0x6e,0x20,0x6f,0x75,0x74,0x3b,0x0a,0x7d,
    0x0a,0x0a,0x00,
};
/*
    #pragma clang diagnostic ignored "-Wmissing-prototypes"
    #pragma clang diagnostic ignored "-Wmissing-braces"

    #include <metal_stdlib>
    #include <simd/simd.h>

    using namespace metal;

    template<typename T, size_t Num>
    struct spvUnsafeArray
    {
        T elements[Num ? Num : 1];

        thread T& operator [] (size_t pos) thread
        {
            return elements[pos];
        }
        constexpr const thread T& operator [] (size_t pos) const thread
        {
            return elements[pos];
        }

        device T& operator [] (size_t pos) device
        {
            return elements[pos];
        }
        constexpr const device T& operator [] (size_t pos) const device
        {
            return elements[pos];
        }

        constexpr const constant T& operator [] (size_t pos) const constant
        {
            return elements[pos];
        }

        threadgroup T& operator [] (size_t pos) threadgroup
        {
            return elements[pos];
        }
        constexpr const threadgroup T& operator [] (size_t pos) const threadgroup
        {
            return elements[pos];
        }
    };

    // Implementation of the GLSL mod() function, which is slightly different than Metal fmod()
    template<typename Tx, typename Ty>
    inline Tx mod(Tx x, Ty y)
    {
        return x - y * floor(x / y);
    }

    struct fs_params
    {
        int tick;
        float time_s;
        int visopt;
        int n_particles;
        float particle_kern_radius;
        float particle_disp_scale;
        float particle_disp_radius;
        float2 particle_bounds;
        float2 particle_render_offset;
        float3 particle_color_left;
        float3 particle_color_right;
        int2 particle_cell_dims;
        float4 override_color;
    };

    struct gpu_psim_cell_t
    {
        int start;
        int count;
    };

    struct cell_buffer
    {
        gpu_psim_cell_t cells[1];
    };

    struct gpu_psim_particle_t
    {
        float2 pos;
        float density;
        int is_right;
    };

    struct particle_buffer
    {
        gpu_psim_particle_t particles[1];
    };

    constant spvUnsafeArray<int2, 9> _527 = spvUnsafeArray<int2, 9>({ int2(-1), int2(0, -1), int2(1, -1), int2(-1, 0), int2(0), int2(1, 0), int2(-1, 1), int2(0, 1), int2(1) });

    struct main0_out
    {
        float4 frag_color [[color(0)]];
        float4 frag_light [[color(1)]];
        float4 frag_bloom [[color(2)]];
    };

    struct main0_in
    {
        float2 uv [[user(locn0)]];
    };

    static inline __attribute__((always_inline))
    int2 psim_cell_from_pos(thread const float2& pos, constant fs_params& _453)
    {
        return int2(pos * (1.0 / _453.particle_kern_radius)) + int2(1);
    }

    static inline __attribute__((always_inline))
    int psim_index_from_cell(thread const int2& cell, constant fs_params& _453)
    {
        return (cell.y * _453.particle_cell_dims.x) + cell.x;
    }

    static inline __attribute__((always_inline))
    float k_poly6(thread const float& d, thread const float& r)
    {
        if (d > r)
        {
            return 0.0;
        }
        float _432 = fma(r, r, -(d * d));
        return ((_432 * _432) * _432) * (1.27323949337005615234375 / pow(r, 8.0));
    }

    static inline __attribute__((always_inline))
    float saturate0(thread const float& x)
    {
        return fast::clamp(x, 0.0, 1.0);
    }

    static inline __attribute__((always_inline))
    float3 rgb_to_hsv(thread const float3& rgb)
    {
        float r = rgb.x;
        float g = rgb.y;
        float b = rgb.z;
        float K = 0.0;
        if (rgb.y < rgb.z)
        {
            float _264 = g;
            g = b;
            b = _264;
            K = -1.0;
        }
        if (r < g)
        {
            float _274 = r;
            r = g;
            g = _274;
            K = (-0.3333333432674407958984375) - K;
        }
        float _288 = r - ((g < b) ? g : b);
        return float3(abs(K + ((g - b) / fma(6.0, _288, 9.9999996826552253889678874634872e-21))), _288 / (r + 9.9999996826552253889678874634872e-21), r);
    }

    static inline __attribute__((always_inline))
    float3 hsv_to_rgb(thread const float3& hsv)
    {
        float h = hsv.x;
        if (hsv.y == 0.0)
        {
            return float3(hsv.z);
        }
        float _329 = h;
        float _330 = mod(_329, 1.0);
        float _332 = _330 * 6.0;
        h = _332;
        int _336 = int(_332);
        float _341 = fma(_330, 6.0, -float(_336));
        float _346 = hsv.z * (1.0 - hsv.y);
        float _936 = -hsv.y;
        float _353 = hsv.z * fma(_936, _341, 1.0);
        float _361 = hsv.z * fma(_936, 1.0 - _341, 1.0);
        float r;
        float g;
        float b;
        if (_336 == 0)
        {
            r = hsv.z;
            g = _361;
            b = _346;
        }
        else
        {
            if (_336 == 1)
            {
                r = _353;
                g = hsv.z;
                b = _346;
            }
            else
            {
                if (_336 == 2)
                {
                    r = _346;
                    g = hsv.z;
                    b = _361;
                }
                else
                {
                    if (_336 == 3)
                    {
                        r = _346;
                        g = _353;
                        b = hsv.z;
                    }
                    else
                    {
                        if (_336 == 4)
                        {
                            r = _361;
                            g = _346;
                            b = hsv.z;
                        }
                        else
                        {
                            r = hsv.z;
                            g = _346;
                            b = _353;
                        }
                    }
                }
            }
        }
        return float3(r, g, b);
    }

    static inline __attribute__((always_inline))
    float3 compute_particles_color(constant fs_params& _453, thread float2& uv, const device cell_buffer& _541, const device particle_buffer& _642)
    {
        float2 _494 = fma(float2(uv.x, 1.0 - uv.y), _453.particle_bounds, -_453.particle_render_offset);
        float _902 = 0.0;
        float _903 = 0.0;
        float density = 0.0;
        float2 param = _494;
        int2 _504 = psim_cell_from_pos(param, _453);
        for (int n = 0; n < 9; n++)
        {
            int2 _533 = _504 + _527[n];
            int2 param_1 = _533;
            int _544 = psim_index_from_cell(param_1, _453);
            int _553 = _533.x;
            bool _554 = _553 < 0;
            bool _561;
            if (!_554)
            {
                _561 = _533.y < 0;
            }
            else
            {
                _561 = _554;
            }
            bool _570;
            if (!_561)
            {
                _570 = _553 >= _453.particle_cell_dims.x;
            }
            else
            {
                _570 = _561;
            }
            bool _579;
            if (!_570)
            {
                _579 = _533.y >= _453.particle_cell_dims.y;
            }
            else
            {
                _579 = _570;
            }
            if (_579)
            {
                return float3(1.0, 0.0, 1.0);
            }
            if (_541.cells[_544].start == 2147483647)
            {
                continue;
            }
            else
            {
                bool _594 = _541.cells[_544].count < 0;
                bool _602;
                if (!_594)
                {
                    _602 = _541.cells[_544].count > 2048;
                }
                else
                {
                    _602 = _594;
                }
                bool _609;
                if (!_602)
                {
                    _609 = _541.cells[_544].start < 0;
                }
                else
                {
                    _609 = _602;
                }
                bool _616;
                if (!_609)
                {
                    _616 = _541.cells[_544].start > 2048;
                }
                else
                {
                    _616 = _609;
                }
                if (_616)
                {
                    return float3(1.0, 0.0, 1.0);
                }
            }
            int i = _541.cells[_544].start;
            int _628 = _541.cells[_544].start + _541.cells[_544].count;
            while (i < _628)
            {
                float _648 = length(_642.particles[i].pos - _494);
                if (_648 < _453.particle_disp_radius)
                {
                    float param_2 = _648;
                    float param_3 = _453.particle_disp_radius;
                    float _662 = k_poly6(param_2, param_3);
                    density = fma(_642.particles[i].density, _662, density);
                    _902 = fma(float(1 - _642.particles[i].is_right), _662, _902);
                    _903 = fma(float(_642.particles[i].is_right), _662, _903);
                }
                i++;
            }
        }
        float param_4 = density / _453.particle_disp_scale;
        float3 param_5 = float3(0.0);
        float3 param_6 = mix(_453.particle_color_left, _453.particle_color_right, float3(_903 / (_902 + _903)));
        float3 param_7 = mix(rgb_to_hsv(param_5), rgb_to_hsv(param_6), float3(saturate0(param_4)));
        return hsv_to_rgb(param_7);
    }

    static inline __attribute__((always_inline))
    float hash(thread const float& n)
    {
        return fract(sin(n) * 43758.546875);
    }

    static inline __attribute__((always_inline))
    float _noise(thread const float3& x)
    {
        float3 _64 = floor(x);
        float3 _67 = fract(x);
        float3 _77 = (_67 * _67) * (float3(3.0) - (_67 * 2.0));
        float _94 = fma(113.0, _64.z, fma(_64.y, 57.0, _64.x));
        float param = _94;
        float param_1 = _94 + 1.0;
        float _107 = _77.x;
        float param_2 = _94 + 57.0;
        float param_3 = _94 + 58.0;
        float _122 = _77.y;
        float param_4 = _94 + 113.0;
        float param_5 = _94 + 114.0;
        float param_6 = _94 + 170.0;
        float param_7 = _94 + 171.0;
        return mix(mix(mix(hash(param), hash(param_1), _107), mix(hash(param_2), hash(param_3), _107), _122), mix(mix(hash(param_4), hash(param_5), _107), mix(hash(param_6), hash(param_7), _107), _122), _77.z);
    }

    static inline __attribute__((always_inline))
    float fbm(thread float3& p)
    {
        float3 param = p;
        float f = 0.5 * _noise(param);
        p = (float3x3(float3(0.0, 0.800000011920928955078125, 0.60000002384185791015625), float3(-0.800000011920928955078125, 0.36000001430511474609375, -0.4799999892711639404296875), float3(-0.60000002384185791015625, -0.4799999892711639404296875, 0.63999998569488525390625)) * p) * 2.019999980926513671875;
        float3 param_1 = p;
        f = fma(0.25, _noise(param_1), f);
        p = (float3x3(float3(0.0, 0.800000011920928955078125, 0.60000002384185791015625), float3(-0.800000011920928955078125, 0.36000001430511474609375, -0.4799999892711639404296875), float3(-0.60000002384185791015625, -0.4799999892711639404296875, 0.63999998569488525390625)) * p) * 2.0299999713897705078125;
        float3 param_2 = p;
        f = fma(0.125, _noise(param_2), f);
        p = (float3x3(float3(0.0, 0.800000011920928955078125, 0.60000002384185791015625), float3(-0.800000011920928955078125, 0.36000001430511474609375, -0.4799999892711639404296875), float3(-0.60000002384185791015625, -0.4799999892711639404296875, 0.63999998569488525390625)) * p) * 2.0099999904632568359375;
        float3 param_3 = p;
        float _212 = f;
        float _213 = fma(0.0625, _noise(param_3), _212);
        f = _213;
        return _213;
    }

    static inline __attribute__((always_inline))
    float ease_in_out_quart(thread const float& x)
    {
        float _224;
        if (x < 0.5)
        {
            _224 = (((8.0 * x) * x) * x) * x;
        }
        else
        {
            _224 = fma(-pow(fma(-2.0, x, 2.0), 4.0), 0.5, 1.0);
        }
        return _224;
    }

    fragment main0_out main0(main0_in in [[stage_in]], constant fs_params& _453 [[buffer(0)]], const device cell_buffer& _541 [[buffer(4)]], const device particle_buffer& _642 [[buffer(5)]], texture2d<float> d_pos_v_index_type_flags [[texture(0)]], texture2d<float> c_extra_id_pos [[texture(1)]], texture2d<float> c_color [[texture(2)]], texture2d<float> c_light [[texture(3)]], texture2d<float> c_bloom [[texture(4)]], sampler smp_nearest [[sampler(0)]])
    {
        main0_out out = {};
        float4 _751 = c_extra_id_pos.sample(smp_nearest, in.uv);
        out.frag_color = c_color.sample(smp_nearest, in.uv);
        out.frag_light = c_light.sample(smp_nearest, in.uv);
        out.frag_bloom = c_bloom.sample(smp_nearest, in.uv);
        if (((as_type<int>(d_pos_v_index_type_flags.sample(smp_nearest, in.uv).w) & 65535) & 7) == 3)
        {
            if ((as_type<int>(_751.x) & 96) != 0)
            {
                float3 _821 = mix(compute_particles_color(_453, in.uv, _541, _642), _453.override_color.xyz, float3(_453.override_color.w));
                float3 pcolor = _821;
                float3 param = _821;
                float3 _825 = rgb_to_hsv(param);
                float _826 = _825.z;
                float2 _831 = in.uv * 1.2999999523162841796875;
                float3 param_1 = float3(_831.x, fma(-_453.time_s, 1.60000002384185791015625, _831.y), _453.time_s * 0.300000011920928955078125);
                float _848 = fbm(param_1);
                float param_2 = _848;
                float param_3 = saturate0(param_2);
                pcolor *= mix(0.699999988079071044921875, 1.0, ease_in_out_quart(param_3));
                if (_826 > 0.001000000047497451305389404296875)
                {
                    float4 _865 = out.frag_color;
                    float3 _869 = mix(_865.xyz, pcolor, float3(0.300000011920928955078125));
                    out.frag_color.x = _869.x;
                    out.frag_color.y = _869.y;
                    out.frag_color.z = _869.z;
                    float param_4 = _826 - 0.800000011920928955078125;
                    out.frag_light += float4(pcolor, saturate0(param_4));
                    pcolor = float3(1.0, 0.300000011920928955078125, 0.300000011920928955078125);
                    float param_5 = _826 - 0.5;
                    out.frag_bloom += float4(1.0, 0.300000011920928955078125, 0.300000011920928955078125, saturate0(param_5));
                }
            }
        }
        return out;
    }

*/
static const uint8_t post0_fs_source_metal_macos[13123] = {
    0x23,0x70,0x72,0x61,0x67,0x6d,0x61,0x20,0x63,0x6c,0x61,0x6e,0x67,0x20,0x64,0x69,
    0x61,0x67,0x6e,0x6f,0x73,0x74,0x69,0x63,0x20,0x69,0x67,0x6e,0x6f,0x72,0x65,0x64,
    0x20,0x22,0x2d,0x57,0x6d,0x69,0x73,0x73,0x69,0x6e,0x67,0x2d,0x70,0x72,0x6f,0x74,
    0x6f,0x74,0x79,0x70,0x65,0x73,0x22,0x0a,0x23,0x70,0x72,0x61,0x67,0x6d,0x61,0x20,
    0x63,0x6c,0x61,0x6e,0x67,0x20,0x64,0x69,0x61,0x67,0x6e,0x6f,0x73,0x74,0x69,0x63,
    0x20,0x69,0x67,0x6e,0x6f,0x72,0x65,0x64,0x20,0x22,0x2d,0x57,0x6d,0x69,0x73,0x73,
    0x69,0x6e,0x67,0x2d,0x62,0x72,0x61,0x63,0x65,0x73,0x22,0x0a,0x0a,0x23,0x69,0x6e,
    0x63,0x6c,0x75,0x64,0x65,0x20,0x3c,0x6d,0x65,0x74,0x61,0x6c,0x5f,0x73,0x74,0x64,
    0x6c,0x69,0x62,0x3e,0x0a,0x23,0x69,0x6e,0x63,0x6c,0x75,0x64,0x65,0x20,0x3c,0x73,
    0x69,0x6d,0x64,0x2f,0x73,0x69,0x6d,0x64,0x2e,0x68,0x3e,0x0a,0x0a,0x75,0x73,0x69,
    0x6e,0x67,0x20,0x6e,0x61,0x6d,0x65,0x73,0x70,0x61,0x63,0x65,0x20,0x6d,0x65,0x74,
    0x61,0x6c,0x3b,0x0a,0x0a,0x74,0x65,0x6d,0x70,0x6c,0x61,0x74,0x65,0x3c,0x74,0x79,
    0x70,0x65,0x6e,0x61,0x6d,0x65,0x20,0x54,0x2c,0x20,0x73,0x69,0x7a,0x65,0x5f,0x74,
    0x20,0x4e,0x75,0x6d,0x3e,0x0a,0x73,0x74,0x72,0x75,0x63,0x74,0x20,0x73,0x70,0x76,
    0x55,0x6e,0x73,0x61,0x66,0x65,0x41,0x72,0x72,0x61,0x79,0x0a,0x7b,0x0a,0x20,0x20,
    0x20,0x20,0x54,0x20,0x65,0x6c,0x65,0x6d,0x65,0x6e,0x74,0x73,0x5b,0x4e,0x75,0x6d,
    0x20,0x3f,0x20,0x4e,0x75,0x6d,0x20,0x3a,0x20,0x31,0x5d,0x3b,0x0a,0x20,0x20,0x20,
    0x20,0x0a,0x20,0x20,0x20,0x20,0x74,0x68,0x72,0x65,0x61,0x64,0x20,0x54,0x26,0x20,
    0x6f,0x70,0x65,0x72,0x61,0x74,0x6f,0x72,0x20,0x5b,0x5d,0x20,0x28,0x73,0x69,0x7a,
    0x65,0x5f,0x74,0x20,0x70,0x6f,0x73,0x29,0x20,0x74,0x68,0x72,0x65,0x61,0x64,0x0a,
    0x20,0x20,0x20,0x20,0x7b,0x0a,0x20,0x20,0x20,0x20,0x20,0x20,0x20,0x20,0x72,0x65,
    0x74,0x75,0x72,0x6e,0x20,0x65,0x6c,0x65,0x6d,0x65,0x6e,0x74,0x73,0x5b,0x70,0x6f,
    0x73,0x5d,0x3b,0x0a,0x20,0x20,0x20,0x20,0x7d,0x0a,0x20,0x20,0x20,0x20,0x63,0x6f,
    0x6e,0x73,0x74,0x65,0x78,0x70,0x72,0x20,0x63,0x6f,0x6e,0x73,0x74,0x20,0x74,0x68,
    0x72,0x65,0x61,0x64,0x20,0x54,0x26,0x20,0x6f,0x70,0x65,0x72,0x61,0x74,0x6f,0x72,
    0x20,0x5b,0x5d,0x20,0x28,0x73,0x69,0x7a,0x65,0x5f,0x74,0x20,0x70,0x6f,0x73,0x29,
    0x20,0x63,0x6f,0x6e,0x73,0x74,0x20,0x74,0x68,0x72,0x65,0x61,0x64,0x0a,0x20,0x20,
    0x20,0x20,0x7b,0x0a,0x20,0x20,0x20,0x20,0x20,0x20,0x20,0x20,0x72,0x65,0x74,0x75,
    0x72,0x6e,0x20,0x65,0x6c,0x65,0x6d,0x65,0x6e,0x74,0x73,0x5b,0x70,0x6f,0x73,0x5d,
    0x3b,0x0a,0x20,0x20,0x20,0x20,0x7d,0x0a,0x20,0x20,0x20,0x20,0x0a,0x20,0x20,0x20,
    0x20,0x64,0x65,0x76,0x69,0x63,0x65,0x20,0x54,0x26,0x20,0x6f,0x70,0x65,0x72,0x61,
    0x74,0x6f,0x72,0x20,0x5b,0x5d,0x20,0x28,0x73,0x69,0x7a,0x65,0x5f,0x74,0x20,0x70,
    0x6f,0x73,0x29,0x20,0x64,0x65,0x76,0x69,0x63,0x65,0x0a,0x20,0x20,0x20,0x20,0x7b,
    0x0a,0x20,0x20,0x20,0x20,0x20,0x20,0x20,0x20,0x72,0x65,0x74,0x75,0x72,0x6e,0x20,
    0x65,0x6c,0x65,0x6d,0x65,0x6e,0x74,0x73,0x5b,0x70,0x6f,0x73,0x5d,0x3b,0x0a,0x20,
    0x20,0x20,0x20,0x7d,0x0a,0x20,0x20,0x20,0x20,0x63,0x6f,0x6e,0x73,0x74,0x65,0x78,
    0x70,0x72,0x20,0x63,0x6f,0x6e,0x73,0x74,0x20,0x64,0x65,0x76,0x69,0x63,0x65,0x20,
    0x54,0x26,0x20,0x6f,0x70,0x65,0x72,0x61,0x74,0x6f,0x72,0x20,0x5b,0x5d,0x20,0x28,
    0x73,0x69,0x7a,0x65,0x5f,0x74,0x20,0x70,0x6f,0x73,0x29,0x20,0x63,0x6f,0x6e,0x73,
    0x74,0x20,0x64,0x65,0x76,0x69,0x63,0x65,0x0a,0x20,0x20,0x20,0x20,0x7b,0x0a,0x20,
    0x20,0x20,0x20,0x20,0x20,0x20,0x20,0x72,0x65,0x74,0x75,0x72,0x6e,0x20,0x65,0x6c,
    0x65,0x6d,0x65,0x6e,0x74,0x73,0x5b,0x70,0x6f,0x73,0x5d,0x3b,0x0a,0x20,0x20,0x20,
    0x20,0x7d,0x0a,0x20,0x20,0x20,0x20,0x0a,0x20,0x20,0x20,0x20,0x63,0x6f,0x6e,0x73,
    0x74,0x65,0x78,0x70,0x72,0x20,0x63,0x6f,0x6e,0x73,0x74,0x20,0x63,0x6f,0x6e,0x73,
    0x74,0x61,0x6e,0x74,0x20,0x54,0x26,0x20,0x6f,0x70,0x65,0x72,0x61,0x74,0x6f,0x72,
    0x20,0x5b,0x5d,0x20,0x28,0x73,0x69,0x7a,0x65,0x5f,0x74,0x20,0x70,0x6f,0x73,0x29,
    0x20,0x63,0x6f,0x6e,0x73,0x74,0x20,0x63,0x6f,0x6e,0x73,0x74,0x61,0x6e,0x74,0x0a,
    0x20,0x20,0x20,0x20,0x7b,0x0a,0x20,0x20,0x20,0x20,0x20,0x20,0x20,0x20,0x72,0x65,
    0x74,0x75,0x72,0x6e,0x20,0x65,0x6c,0x65,0x6d,0x65,0x6e,0x74,0x73,0x5b,0x70,0x6f,
    0x73,0x5d,0x3b,0x0a,0x20,0x20,0x20,0x20,0x7d,0x0a,0x20,0x20,0x20,0x20,0x0a,0x20,
    0x20,0x20,0x20,0x74,0x68,0x72,0x65,0x61,0x64,0x67,0x72,0x6f,0x75,0x70,0x20,0x54,
    0x26,0x20,0x6f,0x70,0x65,0x72,0x61,0x74,0x6f,0x72,0x20,0x5b,0x5d,0x20,0x28,0x73,
    0x69,0x7a,0x65,0x5f,0x74,0x20,0x70,0x6f,0x73,0x29,0x20,0x74,0x68,0x72,0x65,0x61,
    0x64,0x67,0x72,0x6f,0x75,0x70,0x0a,0x20,0x20,0x20,0x20,0x7b,0x0a,0x20,0x20,0x20,
    0x20,0x20,0x20,0x20,0x20,0x72,0x65,0x74,0x75,0x72,0x6e,0x20,0x65,0x6c,0x65,0x6d,
    0x65,0x6e,0x74,0x73,0x5b,0x70,0x6f,0x73,0x5d,0x3b,0x0a,0x20,0x20,0x20,0x20,0x7d,
    0x0a,0x20,0x20,0x20,0x20,0x63,0x6f,0x6e,0x73,0x74,0x65,0x78,0x70,0x72,0x20,0x63,
    0x6f,0x6e,0x73,0x74,0x20,0x74,0x68,0x72,0x65,0x61,0x64,0x67,0x72,0x6f,0x75,0x70,
    0x20,0x54,0x26,0x20,0x6f,0x70,0x65,0x72,0x61,0x74,0x6f,0x72,0x20,0x5b,0x5d,0x20,
    0x28,0x73,0x69,0x7a,0x65,0x5f,0x74,0x20,0x70,0x6f,0x73,0x29,0x20,0x63,0x6f,0x6e,
    0x73,0x74,0x20,0x74,0x68,0x72,0x65,0x61,0x64,0x67,0x72,0x6f,0x75,0x70,0x0a,0x20,
    0x20,0x20,0x20,0x7b,0x0a,0x20,0x20,0x20,0x20,0x20,0x20,0x20,0x20,0x72,0x65,0x74,
    0x75,0x72,0x6e,0x20,0x65,0x6c,0x65,0x6d,0x65,0x6e,0x74,0x73,0x5b,0x70,0x6f,0x73,
    0x5d,0x3b,0x0a,0x20,0x20,0x20,0x20,0x7d,0x0a,0x7d,0x3b,0x0a,0x0a,0x2f,0x2f,0x20,
    0x49,0x6d,0x70,0x6c,0x65,0x6d,0x65,0x6e,0x74,0x61,0x74,0x69,0x6f,0x6e,0x20,0x6f,
    0x66,0x20,0x74,0x68,0x65,0x20,0x47,0x4c,0x53,0x4c,0x20,0x6d,0x6f,0x64,0x28,0x29,
    0x20,0x66,0x75,0x6e,0x63,0x74,0x69,0x6f,0x6e,0x2c,0x20,0x77,0x68,0x69,0x63,0x68,
    0x20,0x69,0x73,0x20,0x73,0x6c,0x69,0x67,0x68,0x74,0x6c,0x79,0x20,0x64,0x69,0x66,
    0x66,0x65,0x72,0x65,0x6e,0x74,0x20,0x74,0x68,0x61,0x6e,0x20,0x4d,0x65,0x74,0x61,
    0x6c,0x20,0x66,0x6d,0x6f,0x64,0x28,0x29,0x0a,0x74,0x65,0x6d,0x70,0x6c,0x61,0x74,
    0x65,0x3c,0x74,0x79,0x70,0x65,0x6e,0x61,0x6d,0x65,0x20,0x54,0x78,0x2c,0x20,0x74,
    0x79,0x70,0x65,0x6e,0x61,0x6d,0x65,0x20,0x54,0x79,0x3e,0x0a,0x69,0x6e,0x6c,0x69,
    0x6e,0x65,0x20,0x54,0x78,0x20,0x6d,0x6f,0x64,0x28,0x54,0x78,0x20,0x78,0x2c,0x20,
    0x54,0x79,0x20,0x79,0x29,0x0a,0x7b,0x0a,0x20,0x20,0x20,0x20,0x72,0x65,0x74,0x75,
    0x72,0x6e,0x20,0x78,0x20,0x2d,0x20,0x79,0x20,0x2a,0x20,0x66,0x6c,0x6f,0x6f,0x72,
    0x28,0x78,0x20,0x2f,0x20,0x79,0x29,0x3b,0x0a,0x7d,0x0a,0x0a,0x73,0x74,0x72,0x75,
    0x63,0x74,0x20,0x66,0x73,0x5f,0x70,0x61,0x72,0x61,0x6d,0x73,0x0a,0x7b,0x0a,0x20,
    0x20,0x20,0x20,0x69,0x6e,0x74,0x20,0x74,0x69,0x63,0x6b,0x3b,0x0a,0x20,0x20,0x20,
    0x20,0x66,0x6c,0x6f,0x61,0x74,0x20,0x74,0x69,0x6d,0x65,0x5f,0x73,0x3b,0x0a,0x20,
    0x20,0x20,0x20,0x69,0x6e,0x74,0x20,0x76,0x69,0x73,0x6f,0x70,0x74,0x3b,0x0a,0x20,
    0x20,0x20,0x20,0x69,0x6e,0x74,0x20,0x6e,0x5f,0x70,0x61,0x72,0x74,0x69,0x63,0x6c,
    0x65,0x73,0x3b,0x0a,0x20,0x20,0x20,0x20,0x66,0x6c,0x6f,0x61,0x74,0x20,0x70,0x61,
    0x72,0x74,0x69,0x63,0x6c,0x65,0x5f,0x6b,0x65,0x72,0x6e,0x5f,0x72,0x61,0x64,0x69,
    0x75,0x73,0x3b,0x0a,0x20,0x20,0x20,0x20,0x66,0x6c,0x6f,0x61,0x74,0x20,0x70,0x61,
    0x72,0x74,0x69,0x63,0x6c,0x65,0x5f,0x64,0x69,0x73,0x70,0x5f,0x73,0x63,0x61,0x6c,
    0x65,0x3b,0x0a,0x20,0x20,0x20,0x20,0x66,0x6c,0x6f,0x61,0x74,0x20,0x70,0x61,0x72,
    0x74,0x69,0x63,0x6c,0x65,0x5f,0x64,0x69,0x73,0x70,0x5f,0x72,0x61,0x64,0x69,0x75,
    0x73,0x3b,0x0a,0x20,0x20,0x20,0x20,0x66,0x6c,0x6f,0x61,0x74,0x32,0x20,0x70,0x61,
    0x72,0x74,0x69,0x63,0x6c,0x65,0x5f,0x62,0x6f,0x75,0x6e,0x64,0x73,0x3b,0x0a,0x20,
    0x20,0x20,0x20,0x66,0x6c,0x6f,0x61,0x74,0x32,0x20,0x70,0x61,0x72,0x74,0x69,0x63,
    0x6c,0x65,0x5f,0x72,0x65,0x6e,0x64,0x65,0x72,0x5f,0x6f,0x66,0x66,0x73,0x65,0x74,
    0x3b,0x0a,0x20,0x20,0x20,0x20,0x66,0x6c,0x6f,0x61,0x74,0x33,0x20,0x70,0x61,0x72,
    0x74,0x69,0x63,0x6c,0x65,0x5f,0x63,0x6f,0x6c,0x6f,0x72,0x5f,0x6c,0x65,0x66,0x74,
    0x3b,0x0a,0x20,0x20,0x20,0x20,0x66,0x6c,0x6f,0x61,0x74,0x33,0x20,0x70,0x61,0x72,
    0x74,0x69,0x63,0x6c,0x65,0x5f,0x63,0x6f,0x6c,0x6f,0x72,0x5f,0x72,0x69,0x67,0x68,
    0x74,0x3b,0x0a,0x20,0x20,0x20,0x20,0x69,0x6e,0x74,0x32,0x20,0x70,0x61,0x72,0x74,
    0x69,0x63,0x6c,0x65,0x5f,0x63,0x65,0x6c,0x6c,0x5f,0x64,0x69,0x6d,0x73,0x3b,0x0a,
    0x20,0x20,0x20,0x20,0x66,0x6c,0x6f,0x61,0x74,0x34,0x20,0x6f,0x76,0x65,0x72,0x72,
    0x69,0x64,0x65,0x5f,0x63,0x6f,0x6c,0x6f,0x72,0x3b,0x0a,0x7d,0x3b,0x0a,0x0a,0x73,
    0x74,0x72,0x75,0x63,0x74,0x20,0x67,0x70,0x75,0x5f,0x70,0x73,0x69,0x6d,0x5f,0x63,
    0x65,0x6c,0x6c,0x5f,0x74,0x0a,0x7b,0x0a,0x20,0x20,0x20,0x20,0x69,0x6e,0x74,0x20,
    0x73,0x74,0x61,0x72,0x74,0x3b,0x0a,0x20,0x20,0x20,0x20,0x69,0x6e,0x74,0x20,0x63,
    0x6f,0x75,0x6e,0x74,0x3b,0x0a,0x7d,0x3b,0x0a,0x0a,0x73,0x74,0x72,0x75,0x63,0x74,
    0x20,0x63,0x65,0x6c,0x6c,0x5f,0x62,0x75,0x66,0x66,0x65,0x72,0x0a,0x7b,0x0a,0x20,
    0x20,0x20,0x20,0x67,0x70,0x75,0x5f,0x70,0x73,0x69,0x6d,0x5f,0x63,0x65,0x6c,0x6c,
    0x5f,0x74,0x20,0x63,0x65,0x6c,0x6c,0x73,0x5b,0x31,0x5d,0x3b,0x0a,0x7d,0x3b,0x0a,
    0x0a,0x73,0x74,0x72,0x75,0x63,0x74,0x20,0x67,0x70,0x75,0x5f,0x70,0x73,0x69,0x6d,
    0x5f,0x70,0x61,0x72,0x74,0x69,0x63,0x6c,0x65,0x5f,0x74,0x0a,0x7b,0x0a,0x20,0x20,
    0x20,0x20,0x66,0x6c,0x6f,0x61,0x74,0x32,0x20,0x70,0x6f,0x73,0x3b,0x0a,0x20,0x20,
    0x20,0x20,0x66,0x6c,0x6f,0x61,0x74,0x20,0x64,0x65,0x6e,0x73,0x69,0x74,0x79,0x3b,
    0x0a,0x20,0x20,0x20,0x20,0x69,0x6e,0x74,0x20,0x69,0x73,0x5f,0x72,0x69,0x67,0x68,
    0x74,0x3b,0x0a,0x7d,0x3b,0x0a,0x0a,0x73,0x74,0x72,0x75,0x63,0x74,0x20,0x70,0x61,
    0x72,0x74,0x69,0x63,0x6c,0x65,0x5f,0x62,0x75,0x66,0x66,0x65,0x72,0x0a,0x7b,0x0a,
    0x20,0x20,0x20,0x20,0x67,0x70,0x75,0x5f,0x70,0x73,0x69,0x6d,0x5f,0x70,0x61,0x72,
    0x74,0x69,0x63,0x6c,0x65,0x5f,0x74,0x20,0x70,0x61,0x72,0x74,0x69,0x63,0x6c,0x65,
    0x73,0x5b,0x31,0x5d,0x3b,0x0a,0x7d,0x3b,0x0a,0x0a,0x63,0x6f,0x6e,0x73,0x74,0x61,
    0x6e,0x74,0x20,0x73,0x70,0x76,0x55,0x6e,0x73,0x61,0x66,0x65,0x41,0x72,0x72,0x61,
    0x79,0x3c,0x69,0x6e,0x74,0x32,0x2c,0x20,0x39,0x3e,0x20,0x5f,0x35,0x32,0x37,0x20,
    0x3d,0x20,0x73,0x70,0x76,0x55,0x6e,0x73,0x61,0x66,0x65,0x41,0x72,0x72,0x61,0x79,
    0x3c,0x69,0x6e,0x74,0x32,0x2c,0x20,0x39,0x3e,0x28,0x7b,0x20,0x69,0x6e,0x74,0x32,
    0x28,0x2d,0x31,0x29,0x2c,0x20,0x69,0x6e,0x74,0x32,0x28,0x30,0x2c,0x20,0x2d,0x31,
    0x29,0x2c,0x20,0x69,0x6e,0x74,0x32,0x28,0x31,0x2c,0x20,0x2d,0x31,0x29,0x2c,0x20,
    0x69,0x6e,0x74,0x32,0x28,0x2d,0x31,0x2c,0x20,0x30,0x29,0x2c,0x20,0x69,0x6e,0x74,
    0x32,0x28,0x30,0x29,0x2c,0x20,0x69,0x6e,0x74,0x32,0x28,0x31,0x2c,0x20,0x30,0x29,
    0x2c,0x20,0x69,0x6e,0x74,0x32,0x28,0x2d,0x31,0x2c,0x20,0x31,0x29,0x2c,0x20,0x69,
    0x6e,0x74,0x32,0x28,0x30,0x2c,0x20,0x31,0x29,0x2c,0x20,0x69,0x6e,0x74,0x32,0x28,
    0x31,0x29,0x20,0x7d,0x29,0x3b,0x0a,0x0a,0x73,0x74,0x72,0x75,0x63,0x74,0x20,0x6d,
    0x61,0x69,0x6e,0x30,0x5f,0x6f,0x75,0x74,0x0a,0x7b,0x0a,0x20,0x20,0x20,0x20,0x66,
    0x6c,0x6f,0x61,0x74,0x34,0x20,0x66,0x72,0x61,0x67,0x5f,0x63,0x6f,0x6c,0x6f,0x72,
    0x20,0x5b,0x5b,0x63,0x6f,0x6c,0x6f,0x72,0x28,0x30,0x29,0x5d,0x5d,0x3b,0x0a,0x20,
    0x20,0x20,0x20,0x66,0x6c,0x6f,0x61,0x74,0x34,0x20,0x66,0x72,0x61,0x67,0x5f,0x6c,
    0x69,0x67,0x68,0x74,0x20,0x5b,0x5b,0x63,0x6f,0x6c,0x6f,0x72,0x28,0x31,0x29,0x5d,
    0x5d,0x3b,0x0a,0x20,0x20,0x20,0x20,0x66,0x6c,0x6f,0x61,0x74,0x34,0x20,0x66,0x72,
    0x61,0x67,0x5f,0x62,0x6c,0x6f,0x6f,0x6d,0x20,0x5b,0x5b,0x63,0x6f,0x6c,0x6f,0x72,
    0x28,0x32,0x29,0x5d,0x5d,0x3b,0x0a,0x7d,0x3b,0x0a,0x0a,0x73,0x74,0x72,0x75,0x63,
    0x74,0x20,0x6d,0x61,0x69,0x6e,0x30,0x5f,0x69,0x6e,0x0a,0x7b,0x0a,0x20,0x20,0x20,
    0x20,0x66,0x6c,0x6f,0x61,0x74,0x32,0x20,0x75,0x76,0x20,0x5b,0x5b,0x75,0x73,0x65,
    0x72,0x28,0x6c,0x6f,0x63,0x6e,0x30,0x29,0x5d,0x5d,0x3b,0x0a,0x7d,0x3b,0x0a,0x0a,
    0x73,0x74,0x61,0x74,0x69,0x63,0x20,0x69,0x6e,0x6c,0x69,0x6e,0x65,0x20,0x5f,0x5f,
    0x61,0x74,0x74,0x72,0x69,0x62,0x75,0x74,0x65,0x5f,0x5f,0x28,0x28,0x61,0x6c,0x77,
    0x61,0x79,0x73,0x5f,0x69,0x6e,0x6c,0x69,0x6e,0x65,0x29,0x29,0x0a,0x69,0x6e,0x74,
    0x32,0x20,0x70,0x73,0x69,0x6d,0x5f,0x63,0x65,0x6c,0x6c,0x5f,0x66,0x72,0x6f,0x6d,
    0x5f,0x70,0x6f,0x73,0x28,0x74,0x68,0x72,0x65,0x61,0x64,0x20,0x63,0x6f,0x6e,0x73,
    0x74,0x20,0x66,0x6c,0x6f,0x61,0x74,0x32,0x26,0x20,0x70,0x6f,0x73,0x2c,0x20,0x63,
    0x6f,0x6e,0x73,0x74,0x61,0x6e,0x74,0x20,0x66,0x73,0x5f,0x70,0x61,0x72,0x61,0x6d,
    0x73,0x26,0x20,0x5f,0x34,0x35,0x33,0x29,0x0a,0x7b,0x0a,0x20,0x20,0x20,0x20,0x72,
    0x65,0x74,0x75,0x72,0x6e,0x20,0x69,0x6e,0x74,0x32,0x28,0x70,0x6f,0x73,0x20,0x2a,
    0x20,0x28,0x31,0x2e,0x30,0x20,0x2f,0x20,0x5f,0x34,0x35,0x33,0x2e,0x70,0x61,0x72,
    0x74,0x69,0x63,0x6c,0x65,0x5f,0x6b,0x65,0x72,0x6e,0x5f,0x72,0x61,0x64,0x69,0x75,
    0x73,0x29,0x29,0x20,0x2b,0x20,0x69,0x6e,0x74,0x32,0x28,0x31,0x29,0x3b,0x0a,0x7d,
    0x0a,0x0a,0x73,0x74,0x61,0x74,0x69,0x63,0x20,0x69,0x6e,0x6c,0x69,0x6e,0x65,0x20,
    0x5f,0x5f,0x61,0x74,0x74,0x72,0x69,0x62,0x75,0x74,0x65,0x5f,0x5f,0x28,0x28,0x61,
    0x6c,0x77,0x61,0x79,0x73,0x5f,0x69,0x6e,0x6c,0x69,0x6e,0x65,0x29,0x29,0x0a,0x69,
    0x6e,0x74,0x20,0x70,0x73,0x69,0x6d,0x5f,0x69,0x6e,0x64,0x65,0x78,0x5f,0x66,0x72,
    0x6f,0x6d,0x5f,0x63,0x65,0x6c,0x6c,0x28,0x74,0x68,0x72,0x65,0x61,0x64,0x20,0x63,
    0x6f,0x6e,0x73,0x74,0x20,0x69,0x6e,0x74,0x32,0x26,0x20,0x63,0x65,0x6c,0x6c,0x2c,
    0x20,0x63,0x6f,0x6e,0x73,0x74,0x61,0x6e,0x74,0x20,0x66,0x73,0x5f,0x70,0x61,0x72,
    0x61,0x6d,0x73,0x26,0x20,0x5f,0x34,0x35,0x33,0x29,0x0a,0x7b,0x0a,0x20,0x20,0x20,
    0x20,0x72,0x65,0x74,0x75,0x72,0x6e,0x20,0x28,0x63,0x65,0x6c,0x6c,0x2e,0x79,0x20,
    0x2a,0x20,0x5f,0x34,0x35,0x33,0x2e,0x70,0x61,0x72,0x74,0x69,0x63,0x6c,0x65,0x5f,
    0x63,0x65,0x6c,0x6c,0x5f,0x64,0x69,0x6d,0x73,0x2e,0x78,0x29,0x20,0x2b,0x20,0x63,
    0x65,0x6c,0x6c,0x2e,0x78,0x3b,0x0a,0x7d,0x0a,0x0a,0x73,0x74,0x61,0x74,0x69,0x63,
    0x20,0x69,0x6e,0x6c,0x69,0x6e,0x65,0x20,0x5f,0x5f,0x61,0x74,0x74,0x72,0x69,0x62,
    0x75,0x74,0x65,0x5f,0x5f,0x28,0x28,0x61,0x6c,0x77,0x61,0x79,0x73,0x5f,0x69,0x6e,
    0x6c,0x69,0x6e,0x65,0x29,0x29,0x0a,0x66,0x6c,0x6f,0x61,0x74,0x20,0x6b,0x5f,0x70,
    0x6f,0x6c,0x79,0x36,0x28,0x74,0x68,0x72,0x65,0x61,0x64,0x20,0x63,0x6f,0x6e,0x73,
    0x74,0x20,0x66,0x6c,0x6f,0x61,0x74,0x26,0x20,0x64,0x2c,0x20,0x74,0x68,0x72,0x65,
    0x61,0x64,0x20,0x63,0x6f,0x6e,0x73,0x74,0x20,0x66,0x6c,0x6f,0x61,0x74,0x26,0x20,
    0x72,0x29,0x0a,0x7b,0x0a,0x20,0x20,0x20,0x20,0x69,0x66,0x20,0x28,0x64,0x20,0x3e,
    0x20,0x72,0x29,0x0a,0x20,0x20,0x20,0x20,0x7b,0x0a,0x20,0x20,0x20,0x20,0x20,0x20,
    0x20,0x20,0x72,0x65,0x74,0x75,0x72,0x6e,0x20,0x30,0x2e,0x30,0x3b,0x0a,0x20,0x20,
    0x20,0x20,0x7d,0x0a,0x20,0x20,0x20,0x20,0x66,0x6c,0x6f,0x61,0x74,0x20,0x5f,0x34,
    0x33,0x32,0x20,0x3d,0x20,0x66,0x6d,0x61,0x28,0x72,0x2c,0x20,0x72,0x2c,0x20,0x2d,
    0x28,0x64,0x20,0x2a,0x20,0x64,0x29,0x29,0x3b,0x0a,0x20,0x20,0x20,0x20,0x72,0x65,
    0x74,0x75,0x72,0x6e,0x20,0x28,0x28,0x5f,0x34,0x33,0x32,0x20,0x2a,0x20,0x5f,0x34,
    0x33,0x32,0x29,0x20,0x2a,0x20,0x5f,0x34,0x33,0x32,0x29,0x20,0x2a,0x20,0x28,0x31,
    0x2e,0x32,0x37,0x33,0x32,0x33,0x39,0x34,0x39,0x33,0x33,0x37,0x30,0x30,0x35,0x36,
    0x31,0x35,0x32,0x33,0x34,0x33,0x37,0x35,0x20,0x2f,0x20,0x70,0x6f,0x77,0x28,0x72,
    0x2c,0x20,0x38,0x2e,0x30,0x29,0x29,0x3b,0x0a,0x7d,0x0a,0x0a,0x73,0x74,0x61,0x74,
    0x69,0x63,0x20,0x69,0x6e,0x6c,0x69,0x6e,0x65,0x20,0x5f,0x5f,0x61,0x74,0x74,0x72,
    0x69,0x62,0x75,0x74,0x65,0x5f,0x5f,0x28,0x28,0x61,0x6c,0x77,0x61,0x79,0x73,0x5f,
    0x69,0x6e,0x6c,0x69,0x6e,0x65,0x29,0x29,0x0a,0x66,0x6c,0x6f,0x61,0x74,0x20,0x73,
    0x61,0x74,0x75,0x72,0x61,0x74,0x65,0x30,0x28,0x74,0x68,0x72,0x65,0x61,0x64,0x20,
    0x63,0x6f,0x6e,0x73,0x74,0x20,0x66,0x6c,0x6f,0x61,0x74,0x26,0x20,0x78,0x29,0x0a,
    0x7b,0x0a,0x20,0x20,0x20,0x20,0x72,0x65,0x74,0x75,0x72,0x6e,0x20,0x66,0x61,0x73,
    0x74,0x3a,0x3a,0x63,0x6c,0x61,0x6d,0x70,0x28,0x78,0x2c,0x20,0x30,0x2e,0x30,0x2c,
    0x20,0x31,0x2e,0x30,0x29,0x3b,0x0a,0x7d,0x0a,0x0a,0x73,0x74,0x61,0x74,0x69,0x63,
    0x20,0x69,0x6e,0x6c,0x69,0x6e,0x65,0x20,0x5f,0x5f,0x61,0x74,0x74,0x72,0x69,0x62,
    0x75,0x74,0x65,0x5f,0x5f,0x28,0x28,0x61,0x6c,0x77,0x61,0x79,0x73,0x5f,0x69,0x6e,
    0x6c,0x69,0x6e,0x65,0x29,0x29,0x0a,0x66,0x6c,0x6f,0x61,0x74,0x33,0x20,0x72,0x67,
    0x62,0x5f,0x74,0x6f,0x5f,0x68,0x73,0x76,0x28,0x74,0x68,0x72,0x65,0x61,0x64,0x20,
    0x63,0x6f,0x6e,0x73,0x74,0x20,0x66,0x6c,0x6f,0x61,0x74,0x33,0x26,0x20,0x72,0x67,
    0x62,0x29,0x0a,0x7b,0x0a,0x20,0x20,0x20,0x20,0x66,0x6c,0x6f,0x61,0x74,0x20,0x72,
    0x20,0x3d,0x20,0x72,0x67,0x62,0x2e,0x78,0x3b,0x0a,0x20,0x20,0x20,0x20,0x66,0x6c,
    0x6f,0x61,0x74,0x20,0x67,0x20,0x3d,0x20,0x72,0x67,0x62,0x2e,0x79,0x3b,0x0a,0x20,
    0x20,0x20,0x20,0x66,0x6c,0x6f,0x61,0x74,0x20,0x62,0x20,0x3d,0x20,0x72,0x67,0x62,
    0x2e,0x7a,0x3b,0x0a,0x20,0x20,0x20,0x20,0x66,0x6c,0x6f,0x61,0x74,0x20,0x4b,0x20,
    0x3d,0x20,0x30,0x2e,0x30,0x3b,0x0a,0x20,0x20,0x20,0x20,0x69,0x66,0x20,0x28,0x72,
    0x67,0x62,0x2e,0x79,0x20,0x3c,0x20,0x72,0x67,0x62,0x2e,0x7a,0x29,0x0a,0x20,0x20,
    0x20,0x20,0x7b,0x0a,0x20,0x20,0x20,0x20,0x20,0x20,0x20,0x20,0x66,0x6c,0x6f,0x61,
    0x74,0x20,0x5f,0x32,0x36,0x34,0x20,0x3d,0x20,0x67,0x3b,0x0a,0x20,0x20,0x20,0x20,
    0x20,0x20,0x20,0x20,0x67,0x20,0x3d,0x20,0x62,0x3b,0x0a,0x20,0x20,0x20,0x20,0x20,
    0x20,0x20,0x20,0x62,0x20,0x3d,0x20,0x5f,0x32,0x36,0x34,0x3b,0x0a,0x20,0x20,0x20,
    0x20,0x20,0x20,0x20,0x20,0x4b,0x20,0x3d,0x20,0x2d,0x31,0x2e,0x30,0x3b,0x0a,0x20,
    0x20,0x20,0x20,0x7d,0x0a,0x20,0x20,0x20,0x20,0x69,0x66,0x20,0x28,0x72,0x20,0x3c,
    0x20,0x67,0x29,0x0a,0x20,0x20,0x20,0x20,0x7b,0x0a,0x20,0x20,0x20,0x20,0x20,0x20,
    0x20,0x20,0x66,0x6c,0x6f,0x61,0x74,0x20,0x5f,0x32,0x37,0x34,0x20,0x3d,0x20,0x72,
    0x3b,0x0a,0x20,0x20,0x20,0x20,0x20,0x20,0x20,0x20,0x72,0x20,0x3d,0x20,0x67,0x3b,
    0x0a,0x20,0x20,0x20,0x20,0x20,0x20,0x20,0x20,0x67,0x20,0x3d,0x20,0x5f,0x32,0x37,
    0x34,0x3b,0x0a,0x20,0x20,0x20,0x20,0x20,0x20,0x20,0x20,0x4b,0x20,0x3d,0x20,0x28,
    0x2d,0x30,0x2e,0x33,0x33,0x33,0x33,0x33,0x33,0x33,0x34,0x33,0x32,0x36,0x37,0x34,
    0x34,0x30,0x37,0x39,0x35,0x38,0x39,0x38,0x34,0x33,0x37,0x35,0x29,0x20,0x2d,0x20,
    0x4b,0x3b,0x0a,0x20,0x20,0x20,0x20,0x7d,0x0a,0x20,0x20,0x20,0x20,0x66,0x6c,0x6f,
    0x61,0x74,0x20,0x5f,0x32,0x38,0x38,0x20,0x3d,0x20,0x72,0x20,0x2d,0x20,0x28,0x28,
    0x67,0x20,0x3c,0x20,0x62,0x29,0x20,0x3f,0x20,0x67,0x20,0x3a,0x20,0x62,0x29,0x3b,
    0x0a,0x20,0x20,0x20,0x20,0x72,0x65,0x74,0x75,0x72,0x6e,0x20,0x66,0x6c,0x6f,0x61,
    0x74,0x33,0x28,0x61,0x62,0x73,0x28,0x4b,0x20,0x2b,0x20,0x28,0x28,0x67,0x20,0x2d,
    0x20,0x62,0x29,0x20,0x2f,0x20,0x66,0x6d,0x61,0x28,0x36,0x2e,0x30,0x2c,0x20,0x5f,
    0x32,0x38,0x38,0x2c,0x20,0x39,0x2e,0x39,0x39,0x39,0x39,0x39,0x39,0x36,0x38,0x32,
    0x36,0x35,0x35,0x32,0x32,0x35,0x33,0x38,0x38,0x39,0x36,0x37,0x38,0x38,0x37,0x34,
    0x36,0x33,0x34,0x38,0x37,0x32,0x65,0x2d,0x32,0x31,0x29,0x29,0x29,0x2c,0x20,0x5f,
    0x32,0x38,0x38,0x20,0x2f,0x20,0x28,0x72,0x20,0x2b,0x20,0x39,0x2e,0x39,0x39,0x39,
    0x39,0x39,0x39,0x36,0x38,0x32,0x36,0x35,0x35,0x32,0x32,0x35,0x33,0x38,0x38,0x39,
    0x36,0x37,0x38,0x38,0x37,0x34,0x36,0x33,0x34,0x38,0x37,0x32,0x65,0x2d,0x32,0x31,
    0x29,0x2c,0x20,0x72,0x29,0x3b,0x0a,0x7d,0x0a,0x0a,0x73,0x74,0x61,0x74,0x69,0x63,
    0x20,0x69,0x6e,0x6c,0x69,0x6e,0x65,0x20,0x5f,0x5f,0x61,0x74,0x74,0x72,0x69,0x62,
    0x75,0x74,0x65,0x5f,0x5f,0x28,0x28,0x61,0x6c,0x77,0x61,0x79,0x73,0x5f,0x69,0x6e,
    0x6c,0x69,0x6e,0x65,0x29,0x29,0x0a,0x66,0x6c,0x6f,0x61,0x74,0x33,0x20,0x68,0x73,
    0x76,0x5f,0x74,0x6f,0x5f,0x72,0x67,0x62,0x28,0x74,0x68,0x72,0x65,0x61,0x64,0x20,
    0x63,0x6f,0x6e,0x73,0x74,0x20,0x66,0x6c,0x6f,0x61,0x74,0x33,0x26,0x20,0x68,0x73,
    0x76,0x29,0x0a,0x7b,0x0a,0x20,0x20,0x20,0x20,0x66,0x6c,0x6f,0x61,0x74,0x20,0x68,
    0x20,0x3d,0x20,0x68,0x73,0x76,0x2e,0x78,0x3b,0x0a,0x20,0x20,0x20,0x20,0x69,0x66,
    0x20,0x28,0x68,0x73,0x76,0x2e,0x79,0x20,0x3d,0x3d,0x20,0x30,0x2e,0x30,0x29,0x0a,
    0x20,0x20,0x20,0x20,0x7b,0x0a,0x20,0x20,0x20,0x20,0x20,0x20,0x20,0x20,0x72,0x65,
    0x74,0x75,0x72,0x6e,0x20,0x66,0x6c,0x6f,0x61,0x74,0x33,0x28,0x68,0x73,0x76,0x2e,
    0x7a,0x29,0x3b,0x0a,0x20,0x20,0x20,0x20,0x7d,0x0a,0x20,0x20,0x20,0x20,0x66,0x6c,
    0x6f,0x61,0x74,0x20,0x5f,0x33,0x32,0x39,0x20,0x3d,0x20,0x68,0x3b,0x0a,0x20,0x20,
    0x20,0x20,0x66,0x6c,0x6f,0x61,0x74,0x20,0x5f,0x33,0x33,0x30,0x20,0x3d,0x20,0x6d,
    0x6f,0x64,0x28,0x5f,0x33,0x32,0x39,0x2c,0x20,0x31,0x2e,0x30,0x29,0x3b,0x0a,0x20,
    0x20,0x20,0x20,0x66,0x6c,0x6f,0x61,0x74,0x20,0x5f,0x33,0x33,0x32,0x20,0x3d,0x20,
    0x5f,0x33,0x33,0x30,0x20,0x2a,0x20,0x36,0x2e,0x30,0x3b,0x0a,0x20,0x20,0x20,0x20,
    0x68,0x20,0x3d,0x20,0x5f,0x33,0x33,0x32,0x3b,0x0a,0x20,0x20,0x20,0x20,0x69,0x6e,
    0x74,0x20,0x5f,0x33,0x33,0x36,0x20,0x3d,0x20,0x69,0x6e,0x74,0x28,0x5f,0x33,0x33,
    0x32,0x29,0x3b,0x0a,0x20,0x20,0x20,0x20,0x66,0x6c,0x6f,0x61,0x74,0x20,0x5f,0x33,
    0x34,0x31,0x20,0x3d,0x20,0x66,0x6d,0x61,0x28,0x5f,0x33,0x33,0x30,0x2c,0x20,0x36,
    0x2e,0x30,0x2c,0x20,0x2d,0x66,0x6c,0x6f,0x61,0x74,0x28,0x5f,0x33,0x33,0x36,0x29,
    0x29,0x3b,0x0a,0x20,0x20,0x20,0x20,0x66,0x6c,0x6f,0x61,0x74,0x20,0x5f,0x33,0x34,
    0x36,0x20,0x3d,0x20,0x68,0x73,0x76,0x2e,0x7a,0x20,0x2a,0x20,0x28,0x31,0x2e,0x30,
    0x20,0x2d,0x20,0x68,0x73,0x76,0x2e,0x79,0x29,0x3b,0x0a,0x20,0x20,0x20,0x20,0x66,
    0x6c,0x6f,0x61,0x74,0x20,0x5f,0x39,0x33,0x36,0x20,0x3d,0x20,0x2d,0x68,0x73,0x76,
    0x2e,0x79,0x3b,0x0a,0x20,0x20,0x20,0x20,0x66,0x6c,0x6f,0x61,0x74,0x20,0x5f,0x33,
    0x35,0x33,0x20,0x3d,0x20,0x68,0x73,0x76,0x2e,0x7a,0x20,0x2a,0x20,0x66,0x6d,0x61,
    0x28,0x5f,0x39,0x33,0x36,0x2c,0x20,0x5f,0x33,0x34,0x31,0x2c,0x20,0x31,0x2e,0x30,
    0x29,0x3b,0x0a,0x20,0x20,0x20,0x20,0x66,0x6c,0x6f,0x61,0x74,0x20,0x5f,0x33,0x36,
    0x31,0x20,0x3d,0x20,0x68,0x73,0x76,0x2e,0x7a,0x20,0x2a,0x20,0x66,0x6d,0x61,0x28,
    0x5f,0x39,0x33,0x36,0x2c,0x20,0x31,0x2e,0x30,0x20,0x2d,0x20,0x5f,0x33,0x34,0x31,
    0x2c,0x20,0x31,0x2e,0x30,0x29,0x3b,0x0a,0x20,0x20,0x20,0x20,0x66,0x6c,0x6f,0x61,
    0x74,0x20,0x72,0x3b,0x0a,0x20,0x20,0x20,0x20,0x66,0x6c,0x6f,0x61,0x74,0x20,0x67,
    0x3b,0x0a,0x20,0x20,0x20,0x20,0x66,0x6c,0x6f,0x61,0x74,0x20,0x62,0x3b,0x0a,0x20,
    0x20,0x20,0x20,0x69,0x66,0x20,0x28,0x5f,0x33,0x33,0x36,0x20,0x3d,0x3d,0x20,0x30,
    0x29,0x0a,0x20,0x20,0x20,0x20,0x7b,0x0a,0x20,0x20,0x20,0x20,0x20,0x20,0x20,0x20,
    0x72,0x20,0x3d,0x20,0x68,0x73,0x76,0x2e,0x7a,0x3b,0x0a,0x20,0x20,0x20,0x20,0x20,
    0x20,0x20,0x20,0x67,0x20,0x3d,0x20,0x5f,0x33,0x36,0x31,0x3b,0x0a,0x20,0x20,0x20,
    0x20,0x20,0x20,0x20,0x20,0x62,0x20,0x3d,0x20,0x5f,0x33,0x34,0x36,0x3b,0x0a,0x20,
    0x20,0x20,0x20,0x7d,0x0a,0x20,0x20,0x20,0x20,0x65,0x6c,0x73,0x65,0x0a,0x20,0x20,
    0x20,0x20,0x7b,0x0a,0x20,0x20,0x20,0x20,0x20,0x20,0x20,0x20,0x69,0x66,0x20,0x28,
    0x5f,0x33,0x33,0x36,0x20,0x3d,0x3d,0x20,0x31,0x29,0x0a,0x20,0x20,0x20,0x20,0x20,
    0x20,0x20,0x20,0x7b,0x0a,0x20,0x20,0x20,0x20,0x20,0x20,0x20,0x20,0x20,0x20,0x20,
    0x20,0x72,0x20,0x3d,0x20,0x5f,0x33,0x35,0x33,0x3b,0x0a,0x20,0x20,0x20,0x20,0x20,
    0x20,0x20,0x20,0x20,0x20,0x20,0x20,0x67,0x20,0x3d,0x20,0x68,0x73,0x76,0x2e,0x7a,
    0x3b,0x0a,0x20,0x20,0x20,0x20,0x20,0x20,0x20,0x20,0x20,0x20,0x20,0x20,0x62,0x20,
    0x3d,0x20,0x5f,0x33,0x34,0x36,0x3b,0x0a,0x20,0x20,0x20,0x20,0x20,0x20,0x20,0x20,
    0x7d,0x0a,0x20,0x20,0x20,0x20,0x20,0x20,0x20,0x20,0x65,0x6c,0x73,0x65,0x0a,0x20,
    0x20,0x20,0x20,0x20,0x20,0x20,0x20,0x7b,0x0a,0x20,0x20,0x20,0x20,0x20,0x20,0x20,
    0x20,0x20,0x20,0x20,0x20,0x69,0x66,0x20,0x28,0x5f,0x33,0x33,0x36,0x20,0x3d,0x3d,
    0x20,0x32,0x29,0x0a,0x20,0x20,0x20,0x20,0x20,0x20,0x20,0x20,0x20,0x20,0x20,0x20,
    0x7b,0x0a,0x20,0x20,0x20,0x20,0x20,0x20,0x20,0x20,0x20,0x20,0x20,0x20,0x20,0x20,
    0x20,0x20,0x72,0x20,0x3d,0x20,0x5f,0x33,0x34,0x36,0x3b,0x0a,0x20,0x20,0x20,0x20,
    0x20,0x20,0x20,0x20,0x20,0x20,0x20,0x20,0x20,0x20,0x20,0x20,0x67,0x20,0x3d,0x20,
    0x68,0x73,0x76,0x2e,0x7a,0x3b,0x0a,0x20,0x20,0x20,0x20,0x20,0x20,0x20,0x20,0x20,
    0x20,0x20,0x20,0x20,0x20,0x20,0x20,0x62,0x20,0x3d,0x20,0x5f,0x33,0x36,0x31,0x3b,
    0x0a,0x20,0x20,0x20,0x20,0x20,0x20,0x20,0x20,0x20,0x20,0x20,0x20,0x7d,0x0a,0x20,
    0x20,0x20,0x20,0x20,0x20,0x20,0x20,0x20,0x20,0x20,0x20,0x65,0x6c,0x73,0x65,0x0a,
    0x20,0x20,0x20,0x20,0x20,0x20,0x20,0x20,0x20,0x20,0x20,0x20,0x7b,0x0a,0x20,0x20,
    0x20,0x20,0x20,0x20,0x20,0x20,0x20,0x20,0x20,0x20,0x20,0x20,0x20,0x20,0x69,0x66,
    0x20,0x28,0x5f,0x33,0x33,0x36,0x20,0x3d,0x3d,0x20,0x33,0x29,0x0a,0x20,0x20,0x20,
    0x20,0x20,0x20,0x20,0x20,0x20,0x20,0x20,0x20,0x20,0x20,0x20,0x20,0x7b,0x0a,0x20,
    0x20,0x20,0x20,0x20,0x20,0x20,0x20,0x20,0x20,0x20,0x20,0x20,0x20,0x20,0x20,0x20,
    0x20,0x20,0x20,0x72,0x20,0x3d,0x20,0x5f,0x33,0x34,0x36,0x3b,0x0a,0x20,0x20,0x20,
    0x20,0x20,0x20,0x20,0x20,0x20,0x20,0x20,0x20,0x20,0x20,0x20,0x20,0x20,0x20,0x20,
    0x20,0x67,0x20,0x3d,0x20,0x5f,0x33,0x35,0x33,0x3b,0x0a,0x20,0x20,0x20,0x20,0x20,
    0x20,0x20,0x20,0x20,0x20,0x20,0x20,0x20,0x20,0x20,0x20,0x20,0x20,0x20,0x20,0x62,
    0x20,0x3d,0x20,0x68,0x73,0x76,0x2e,0x7a,0x3b,0x0a,0x20,0x20,0x20,0x20,0x20,0x20,
    0x20,0x20,0x20,0x20,0x20,0x20,0x20,0x20,0x20,0x20,0x7d,0x0a,0x20,0x20,0x20,0x20,
    0x20,0x20,0x20,0x20,0x20,0x20,0x20,0x20,0x20,0x20,0x20,0x20,0x65,0x6c,0x73,0x65,
    0x0a,0x20,0x20,0x20,0x20,0x20,0x20,0x20,0x20,0x20,0x20,0x20,0x20,0x20,0x20,0x20,
    0x20,0x7b,0x0a,0x20,0x20,0x20,0x20,0x20,0x20,0x20,0x20,0x20,0x20,0x20,0x20,0x20,
    0x20,0x20,0x20,0x20,0x20,0x20,0x20,0x69,0x66,0x20,0x28,0x5f,0x33,0x33,0x36,0x20,
    0x3d,0x3d,0x20,0x34,0x29,0x0a,0x20,0x20,0x20,0x20,0x20,0x20,0x20,0x20,0x20,0x20,
    0x20,0x20,0x20,0x20,0x20,0x20,0x20,0x20,0x20,0x20,0x7b,0x0a,0x20,0x20,0x20,0x20,
    0x20,0x20,0x20,0x20,0x20,0x20,0x20,0x20,0x20,0x20,0x20,0x20,0x20,0x20,0x20,0x20,
    0x20,0x20,0x20,0x20,0x72,0x20,0x3d,0x20,0x5f,0x33,0x36,0x31,0x3b,0x0a,0x20,0x20,
    0x20,0x20,0x20,0x20,0x20,0x20,0x20,0x20,0x20,0x20,0x20,0x20,0x20,0x20,0x20,0x20,
    0x20,0x20,0x20,0x20,0x20,0x20,0x67,0x20,0x3d,0x20,0x5f,0x33,0x34,0x36,0x3b,0x0a,
    0x20,0x20,0x20,0x20,0x20,0x20,0x20,0x20,0x20,0x20,0x20,0x20,0x20,0x20,0x20,0x20,
    0x20,0x20,0x20,0x20,0x20,0x20,0x20,0x20,0x62,0x20,0x3d,0x20,0x68,0x73,0x76,0x2e,
    0x7a,0x3b,0x0a,0x20,0x20,0x20,0x20,0x20,0x20,0x20,0x20,0x20,0x20,0x20,0x20,0x20,
    0x20,0x20,0x20,0x20,0x20,0x20,0x20,0x7d,0x0a,0x20,0x20,0x20,0x20,0x20,0x20,0x20,
    0x20,0x20,0x20,0x20,0x20,0x20,0x20,0x20,0x20,0x20,0x20,0x20,0x20,0x65,0x6c,0x73,
    0x65,0x0a,0x20,0x20,0x20,0x20,0x20,0x20,0x20,0x20,0x20,0x20,0x20,0x20,0x20,0x20,
    0x20,0x20,0x20,0x20,0x20,0x20,0x7b,0x0a,0x20,0x20,0x20,0x20,0x20,0x20,0x20,0x20,
    0x20,0x20,0x20,0x20,0x20,0x20,0x20,0x20,0x20,0x20,0x20,0x20,0x20,0x20,0x20,0x20,
    0x72,0x20,0x3d,0x20,0x68,0x73,0x76,0x2e,0x7a,0x3b,0x0a,0x20,0x20,0x20,0x20,0x20,
    0x20,0x20,0x20,0x20,0x20,0x20,0x20,0x20,0x20,0x20,0x20,0x20,0x20,0x20,0x20,0x20,
    0x20,0x20,0x20,0x67,0x20,0x3d,0x20,0x5f,0x33,0x34,0x36,0x3b,0x0a,0x20,0x20,0x20,
    0x20,0x20,0x20,0x20,0x20,0x20,0x20,0x20,0x20,0x20,0x20,0x20,0x20,0x20,0x20,0x20,
    0x20,0x20,0x20,0x20,0x20,0x62,0x20,0x3d,0x20,0x5f,0x33,0x35,0x33,0x3b,0x0a,0x20,
    0x20,0x20,0x20,0x20,0x20,0x20,0x20,0x20,0x20,0x20,0x20,0x20,0x20,0x20,0x20,0x20,
    0x20,0x20,0x20,0x7d,0x0a,0x20,0x20,0x20,0x20,0x20,0x20,0x20,0x20,0x20,0x20,0x20,
    0x20,0x20,0x20,0x20,0x20,0x7d,0x0a,0x20,0x20,0x20,0x20,0x20,0x20,0x20,0x20,0x20,
    0x20,0x20,0x20,0x7d,0x0a,0x20,0x20,0x20,0x20,0x20,0x20,0x20,0x20,0x7d,0x0a,0x20,
    0x20,0x20,0x20,0x7d,0x0a,0x20,0x20,0x20,0x20,0x72,0x65,0x74,0x75,0x72,0x6e,0x20,
    0x66,0x6c,0x6f,0x61,0x74,0x33,0x28,0x72,0x2c,0x20,0x67,0x2c,0x20,0x62,0x29,0x3b,
    0x0a,0x7d,0x0a,0x0a,0x73,0x74,0x61,0x74,0x69,0x63,0x20,0x69,0x6e,0x6c,0x69,0x6e,
    0x65,0x20,0x5f,0x5f,0x61,0x74,0x74,0x72,0x69,0x62,0x75,0x74,0x65,0x5f,0x5f,0x28,
    0x28,0x61,0x6c,0x77,0x61,0x79,0x73,0x5f,0x69,0x6e,0x6c,0x69,0x6e,0x65,0x29,0x29,
    0x0a,0x66,0x6c,0x6f,0x61,0x74,0x33,0x20,0x63,0x6f,0x6d,0x70,0x75,0x74,0x65,0x5f,
    0x70,0x61,0x72,0x74,0x69,0x63,0x6c,0x65,0x73,0x5f,0x63,0x6f,0x6c,0x6f,0x72,0x28,
    0x63,0x6f,0x6e,0x73,0x74,0x61,0x6e,0x74,0x20,0x66,0x73,0x5f,0x70,0x61,0x72,0x61,
    0x6d,0x73,0x26,0x20,0x5f,0x34,0x35,0x33,0x2c,0x20,0x74,0x68,0x72,0x65,0x61,0x64,
    0x20,0x66,0x6c,0x6f,0x61,0x74,0x32,0x26,0x20,0x75,0x76,0x2c,0x20,0x63,0x6f,0x6e,
    0x73,0x74,0x20,0x64,0x65,0x76,0x69,0x63,0x65,0x20,0x63,0x65,0x6c,0x6c,0x5f,0x62,
    0x75,0x66,0x66,0x65,0x72,0x26,0x20,0x5f,0x35,0x34,0x31,0x2c,0x20,0x63,0x6f,0x6e,
    0x73,0x74,0x20,0x64,0x65,0x76,0x69,0x63,0x65,0x20,0x70,0x61,0x72,0x74,0x69,0x63,
    0x6c,0x65,0x5f,0x62,0x75,0x66,0x66,0x65,0x72,0x26,0x20,0x5f,0x36,0x34,0x32,0x29,
    0x0a,0x7b,0x0a,0x20,0x20,0x20,0x20,0x66,0x6c,0x6f,0x61,0x74,0x32,0x20,0x5f,0x34,
    0x39,0x34,0x20,0x3d,0x20,0x66,0x6d,0x61,0x28,0x66,0x6c,0x6f,0x61,0x74,0x32,0x28,
    0x75,0x76,0x2e,0x78,0x2c,0x20,0x31,0x2e,0x30,0x20,0x2d,0x20,0x75,0x76,0x2e,0x79,
    0x29,0x2c,0x20,0x5f,0x34,0x35,0x33,0x2e,0x70,0x61,0x72,0x74,0x69,0x63,0x6c,0x65,
    0x5f,0x62,0x6f,0x75,0x6e,0x64,0x73,0x2c,0x20,0x2d,0x5f,0x34,0x35,0x33,0x2e,0x70,
    0x61,0x72,0x74,0x69,0x63,0x6c,0x65,0x5f,0x72,0x65,0x6e,0x64,0x65,0x72,0x5f,0x6f,
    0x66,0x66,0x73,0x65,0x74,0x29,0x3b,0x0a,0x20,0x20,0x20,0x20,0x66,0x6c,0x6f,0x61,
    0x74,0x20,0x5f,0x39,0x30,0x32,0x20,0x3d,0x20,0x30,0x2e,0x30,0x3b,0x0a,0x20,0x20,
    0x20,0x20,0x66,0x6c,0x6f,0x61,0x74,0x20,0x5f,0x39,0x30,0x33,0x20,0x3d,0x20,0x30,
    0x2e,0x30,0x3b,0x0a,0x20,0x20,0x20,0x20,0x66,0x6c,0x6f,0x61,0x74,0x20,0x64,0x65,
    0x6e,0x73,0x69,0x74,0x79,0x20,0x3d,0x20,0x30,0x2e,0x30,0x3b,0x0a,0x20,0x20,0x20,
    0x20,0x66,0x6c,0x6f,0x61,0x74,0x32,0x20,0x70,0x61,0x72,0x61,0x6d,0x20,0x3d,0x20,
    0x5f,0x34,0x39,0x34,0x3b,0x0a,0x20,0x20,0x20,0x20,0x69,0x6e,0x74,0x32,0x20,0x5f,
    0x35,0x30,0x34,0x20,0x3d,0x20,0x70,0x73,0x69,0x6d,0x5f,0x63,0x65,0x6c,0x6c,0x5f,
    0x66,0x72,0x6f,0x6d,0x5f,0x70,0x6f,0x73,0x28,0x70,0x61,0x72,0x61,0x6d,0x2c,0x20,
    0x5f,0x34,0x35,0x33,0x29,0x3b,0x0a,0x20,0x20,0x20,0x20,0x66,0x6f,0x72,0x20,0x28,
    0x69,0x6e,0x74,0x20,0x6e,0x20,0x3d,0x20,0x30,0x3b,0x20,0x6e,0x20,0x3c,0x20,0x39,
    0x3b,0x20,0x6e,0x2b,0x2b,0x29,0x0a,0x20,0x20,0x20,0x20,0x7b,0x0a,0x20,0x20,0x20,
    0x20,0x20,0x20,0x20,0x20,0x69,0x6e,0x74,0x32,0x20,0x5f,0x35,0x33,0x33,0x20,0x3d,
    0x20,0x5f,0x35,0x30,0x34,0x20,0x2b,0x20,0x5f,0x35,0x32,0x37,0x5b,0x6e,0x5d,0x3b,
    0x0a,0x20,0x20,0x20,0x20,0x20,0x20,0x20,0x20,0x69,0x6e,0x74,0x32,0x20,0x70,0x61,
    0x72,0x61,0x6d,0x5f,0x31,0x20,0x3d,0x20,0x5f,0x35,0x33,0x33,0x3b,0x0a,0x20,0x20,
    0x20,0x20,0x20,0x20,0x20,0x20,0x69,0x6e,0x74,0x20,0x5f,0x35,0x34,0x34,0x20,0x3d,
    0x20,0x70,0x73,0x69,0x6d,0x5f,0x69,0x6e,0x64,0x65,0x78,0x5f,0x66,0x72,0x6f,0x6d,
    0x5f,0x63,0x65,0x6c,0x6c,0x28,0x70,0x61,0x72,0x61,0x6d,0x5f,0x31,0x2c,0x20,0x5f,
    0x34,0x35,0x33,0x29,0x3b,0x0a,0x20,0x20,0x20,0x20,0x20,0x20,0x20,0x20,0x69,0x6e,
    0x74,0x20,0x5f,0x35,0x35,0x33,0x20,0x3d,0x20,0x5f,0x35,0x33,0x33,0x2e,0x78,0x3b,
    0x0a,0x20,0x20,0x20,0x20,0x20,0x20,0x20,0x20,0x62,0x6f,0x6f,0x6c,0x20,0x5f,0x35,
    0x35,0x34,0x20,0x3d,0x20,0x5f,0x35,0x35,0x33,0x20,0x3c,0x20,0x30,0x3b,0x0a,0x20,
    0x20,0x20,0x20,0x20,0x20,0x20,0x20,0x62,0x6f,0x6f,0x6c,0x20,0x5f,0x35,0x36,0x31,
    0x3b,0x0a,0x20,0x20,0x20,0x20,0x20,0x20,0x20,0x20,0x69,0x66,0x20,0x28,0x21,0x5f,
    0x35,0x35,0x34,0x29,0x0a,0x20,0x20,0x20,0x20,0x20,0x20,0x20,0x20,0x7b,0x0a,0x20,
    0x20,0x20,0x20,0x20,0x20,0x20,0x20,0x20,0x20,0x20,0x20,0x5f,0x35,0x36,0x31,0x20,
    0x3d,0x20,0x5f,0x35,0x33,0x33,0x2e,0x79,0x20,0x3c,0x20,0x30,0x3b,0x0a,0x20,0x20,
    0x20,0x20,0x20,0x20,0x20,0x20,0x7d,0x0a,0x20,0x20,0x20,0x20,0x20,0x20,0x20,0x20,
    0x65,0x6c,0x73,0x65,0x0a,0x20,0x20,0x20,0x20,0x20,0x20,0x20,0x20,0x7b,0x0a,0x20,
    0x20,0x20,0x20,0x20,0x20,0x20,0x20,0x20,0x20,0x20,0x20,0x5f,0x35,0x36,0x31,0x20,
    0x3d,0x20,0x5f,0x35,0x35,0x34,0x3b,0x0a,0x20,0x20,0x20,0x20,0x20,0x20,0x20,0x20,
    0x7d,0x0a,0x20,0x20,0x20,0x20,0x20,0x20,0x20,0x20,0x62,0x6f,0x6f,0x6c,0x20,0x5f,
    0x35,0x37,0x30,0x3b,0x0a,0x20,0x20,0x20,0x20,0x20,0x20,0x20,0x20,0x69,0x66,0x20,
    0x28,0x21,0x5f,0x35,0x36,0x31,0x29,0x0a,0x20,0x20,0x20,0x20,0x20,0x20,0x20,0x20,
    0x7b,0x0a,0x20,0x20,0x20,0x20,0x20,0x20,0x20,0x20,0x20,0x20,0x20,0x20,0x5f,0x35,
    0x37,0x30,0x20,0x3d,0x20,0x5f,0x35,0x35,0x33,0x20,0x3e,0x3d,0x20,0x5f,0x34,0x35,
    0x33,0x2e,0x70,0x61,0x72,0x74,0x69,0x63,0x6c,0x65,0x5f,0x63,0x65,0x6c,0x6c,0x5f,
    0x64,0x69,0x6d,0x73,0x2e,0x78,0x3b,0x0a,0x20,0x20,0x20,0x20,0x20,0x20,0x20,0x20,
    0x7d,0x0a,0x20,0x20,0x20,0x20,0x20,0x20,0x20,0x20,0x65,0x6c,0x73,0x65,0x0a,0x20,
    0x20,0x20,0x20,0x20,0x20,0x20,0x20,0x7b,0x0a,0x20,0x20,0x20,0x20,0x20,0x20,0x20,
    0x20,0x20,0x20,0x20,0x20,0x5f,0x35,0x37,0x30,0x20,0x3d,0x20,0x5f,0x35,0x36,0x31,
    0x3b,0x0a,0x20,0x20,0x20,0x20,0x20,0x20,0x20,0x20,0x7d,0x0a,0x20,0x20,0x20,0x20,
    0x20,0x20,0x20,0x20,0x62,0x6f,0x6f,0x6c,0x20,0x5f,0x35,0x37,0x39,0x3b,0x0a,0x20,
    0x20,0x20,0x20,0x20,0x20,0x20,0x20,0x69,0x66,0x20,0x28,0x21,0x5f,0x35,0x37,0x30,
    0x29,0x0a,0x20,0x20,0x20,0x20,0x20,0x20,0x20,0x20,0x7b,0x0a,0x20,0x20,0x20,0x20,
    0x20,0x20,0x20,0x20,0x20,0x20,0x20,0x20,0x5f,0x35,0x37,0x39,0x20,0x3d,0x20,0x5f,
    0x35,0x33,0x33,0x2e,0x79,0x20,0x3e,0x3d,0x20,0x5f,0x34,0x35,0x33,0x2e,0x70,0x61,
    0x72,0x74,0x69,0x63,0x6c,0x65,0x5f,0x63,0x65,0x6c,0x6c,0x5f,0x64,0x69,0x6d,0x73,
    0x2e,0x79,0x3b,0x0a,0x20,0x20,0x20,0x20,0x20,0x20,0x20,0x20,0x7d,0x0a,0x20,0x20,
    0x20,0x20,0x20,0x20,0x20,0x20,0x65,0x6c,0x73,0x65,0x0a,0x20,0x20,0x20,0x20,0x20,
    0x20,0x20,0x20,0x7b,0x0a,0x20,0x20,0x20,0x20,0x20,0x20,0x20,0x20,0x20,0x20,0x20,
    0x20,0x5f,0x35,0x37,0x39,0x20,0x3d,0x20,0x5f,0x35,0x37,0x30,0x3b,0x0a,0x20,0x20,
    0x20,0x20,0x20,0x20,0x20,0x20,0x7d,0x0a,0x20,0x20,0x20,0x20,0x20,0x20,0x20,0x20,
    0x69,0x66,0x20,0x28,0x5f,0x35,0x37,0x39,0x29,0x0a,0x20,0x20,0x20,0x20,0x20,0x20,
    0x20,0x20,0x7b,0x0a,0x20,0x20,0x20,0x20,0x20,0x20,0x20,0x20,0x20,0x20,0x20,0x20,
    0x72,0x65,0x74,0x75,0x72,0x6e,0x20,0x66,0x6c,0x6f,0x61,0x74,0x33,0x28,0x31,0x2e,
    0x30,0x2c,0x20,0x30,0x2e,0x30,0x2c,0x20,0x31,0x2e,0x30,0x29,0x3b,0x0a,0x20,0x20,
    0x20,0x20,0x20,0x20,0x20,0x20,0x7d,0x0a,0x20,0x20,0x20,0x20,0x20,0x20,0x20,0x20,
    0x69,0x66,0x20,0x28,0x5f,0x35,0x34,0x31,0x2e,0x63,0x65,0x6c,0x6c,0x73,0x5b,0x5f,
    0x35,0x34,0x34,0x5d,0x2e,0x73,0x74,0x61,0x72,0x74,0x20,0x3d,0x3d,0x20,0x32,0x31,
    0x34,0x37,0x34,0x38,0x33,0x36,0x34,0x37,0x29,0x0a,0x20,0x20,0x20,0x20,0x20,0x20,
    0x20,0x20,0x7b,0x0a,0x20,0x20,0x20,0x20,0x20,0x20,0x20,0x20,0x20,0x20,0x20,0x20,
    0x63,0x6f,0x6e,0x74,0x69,0x6e,0x75,0x65,0x3b,0x0a,0x20,0x20,0x20,0x20,0x20,0x20,
    0x20,0x20,0x7d,0x0a,0x20,0x20,0x20,0x20,0x20,0x20,0x20,0x20,0x65,0x6c,0x73,0x65,
    0x0a,0x20,0x20,0x20,0x20,0x20,0x20,0x20,0x20,0x7b,0x0a,0x20,0x20,0x20,0x20,0x20,
    0x20,0x20,0x20,0x20,0x20,0x20,0x20,0x62,0x6f,0x6f,0x6c,0x20,0x5f,0x35,0x39,0x34,
    0x20,0x3d,0x20,0x5f,0x35,0x34,0x31,0x2e,0x63,0x65,0x6c,0x6c,0x73,0x5b,0x5f,0x35,
    0x34,0x34,0x5d,0x2e,0x63,0x6f,0x75,0x6e,0x74,0x20,0x3c,0x20,0x30,0x3b,0x0a,0x20,
    0x20,0x20,0x20,0x20,0x20,0x20,0x20,0x20,0x20,0x20,0x20,0x62,0x6f,0x6f,0x6c,0x20,
    0x5f,0x36,0x30,0x32,0x3b,0x0a,0x20,0x20,0x20,0x20,0x20,0x20,0x20,0x20,0x20,0x20,
    0x20,0x20,0x69,0x66,0x20,0x28,0x21,0x5f,0x35,0x39,0x34,0x29,0x0a,0x20,0x20,0x20,
    0x20,0x20,0x20,0x20,0x20,0x20,0x20,0x20,0x20,0x7b,0x0a,0x20,0x20,0x20,0x20,0x20,
    0x20,0x20,0x20,0x20,0x20,0x20,0x20,0x20,0x20,0x20,0x20,0x5f,0x36,0x30,0x32,0x20,
    0x3d,0x20,0x5f,0x35,0x34,0x31,0x2e,0x63,0x65,0x6c,0x6c,0x73,0x5b,0x5f,0x35,0x34,
    0x34,0x5d,0x2e,0x63,0x6f,0x75,0x6e,0x74,0x20,0x3e,0x20,0x32,0x30,0x34,0x38,0x3b,
    0x0a,0x20,0x20,0x20,0x20,0x20,0x20,0x20,0x20,0x20,0x20,0x20,0x20,0x7d,0x0a,0x20,
    0x20,0x20,0x20,0x20,0x20,0x20,0x20,0x20,0x20,0x20,0x20,0x65,0x6c,0x73,0x65,0x0a,
    0x20,0x20,0x20,0x20,0x20,0x20,0x20,0x20,0x20,0x20,0x20,0x20,0x7b,0x0a,0x20,0x20,
    0x20,0x20,0x20,0x20,0x20,0x20,0x20,0x20,0x20,0x20,0x20,0x20,0x20,0x20,0x5f,0x36,
    0x30,0x32,0x20,0x3d,0x20,0x5f,0x35,0x39,0x34,0x3b,0x0a,0x20,0x20,0x20,0x20,0x20,
    0x20,0x20,0x20,0x20,0x20,0x20,0x20,0x7d,0x0a,0x20,0x20,0x20,0x20,0x20,0x20,0x20,
    0x20,0x20,0x20,0x20,0x20,0x62,0x6f,0x6f,0x6c,0x20,0x5f,0x36,0x30,0x39,0x3b,0x0a,
    0x20,0x20,0x20,0x20,0x20,0x20,0x20,0x20,0x20,0x20,0x20,0x20,0x69,0x66,0x20,0x28,
    0x21,0x5f,0x36,0x30,0x32,0x29,0x0a,0x20,0x20,0x20,0x20,0x20,0x20,0x20,0x20,0x20,
    0x20,0x20,0x20,0x7b,0x0a,0x20,0x20,0x20,0x20,0x20,0x20,0x20,0x20,0x20,0x20,0x20,
    0x20,0x20,0x20,0x20,0x20,0x5f,0x36,0x30,0x39,0x20,0x3d,0x20,0x5f,0x35,0x34,0x31,
    0x2e,0x63,0x65,0x6c,0x6c,0x73,0x5b,0x5f,0x35,0x34,0x34,0x5d,0x2e,0x73,0x74,0x61,
    0x72,0x74,0x20,0x3c,0x20,0x30,0x3b,0x0a,0x20,0x20,0x20,0x20,0x20,0x20,0x20,0x20,
    0x20,0x20,0x20,0x20,0x7d,0x0a,0x20,0x20,0x20,0x20,0x20,0x20,0x20,0x20,0x20,0x20,
    0x20,0x20,0x65,0x6c,0x73,0x65,0x0a,0x20,0x20,0x20,0x20,0x20,0x20,0x20,0x20,0x20,
    0x20,0x20,0x20,0x7b,0x0a,0x20,0x20,0x20,0x20,0x20,0x20,0x20,0x20,0x20,0x20,0x20,
    0x20,0x20,0x20,0x20,0x20,0x5f,0x36,0x30,0x39,0x20,0x3d,0x20,0x5f,0x36,0x30,0x32,
    0x3b,0x0a,0x20,0x20,0x20,0x20,0x20,0x20,0x20,0x20,0x20,0x20,0x20,0x20,0x7d,0x0a,
    0x20,0x20,0x20,0x20,0x20,0x20,0x20,0x20,0x20,0x20,0x20,0x20,0x62,0x6f,0x6f,0x6c,
    0x20,0x5f,0x36,0x31,0x36,0x3b,0x0a,0x20,0x20,0x20,0x20,0x20,0x20,0x20,0x20,0x20,
    0x20,0x20,0x20,0x69,0x66,0x20,0x28,0x21,0x5f,0x36,0x30,0x39,0x29,0x0a,0x20,0x20,
    0x20,0x20,0x20,0x20,0x20,0x20,0x20,0x20,0x20,0x20,0x7b,0x0a,0x20,0x20,0x20,0x20,
    0x20,0x20,0x20,0x20,0x20,0x20,0x20,0x20,0x20,0x20,0x20,0x20,0x5f,0x36,0x31,0x36,
    0x20,0x3d,0x20,0x5f,0x35,0x34,0x31,0x2e,0x63,0x65,0x6c,0x6c,0x73,0x5b,0x5f,0x35,
    0x34,0x34,0x5d,0x2e,0x73,0x74,0x61,0x72,0x74,0x20,0x3e,0x20,0x32,0x30,0x34,0x38,
    0x3b,0x0a,0x20,0x20,0x20,0x20,0x20,0x20,0x20,0x20,0x20,0x20,0x20,0x20,0x7d,0x0a,
    0x20,0x20,0x20,0x20,0x20,0x20,0x20,0x20,0x20,0x20,0x20,0x20,0x65,0x6c,0x73,0x65,
    0x0a,0x20,0x20,0x20,0x20,0x20,0x20,0x20,0x20,0x20,0x20,0x20,0x20,0x7b,0x0a,0x20,
    0x20,0x20,0x20,0x20,0x20,0x20,0x20,0x20,0x20,0x20,0x20,0x20,0x20,0x20,0x20,0x5f,
    0x36,0x31,0x36,0x20,0x3d,0x20,0x5f,0x36,0x30,0x39,0x3b,0x0a,0x20,0x20,0x20,0x20,
    0x20,0x20,0x20,0x20,0x20,0x20,0x20,0x20,0x7d,0x0a,0x20,0x20,0x20,0x20,0x20,0x20,
    0x20,0x20,0x20,0x20,0x20,0x20,0x69,0x66,0x20,0x28,0x5f,0x36,0x31,0x36,0x29,0x0a,
    0x20,0x20,0x20,0x20,0x20,0x20,0x20,0x20,0x20,0x20,0x20,0x20,0x7b,0x0a,0x20,0x20,
    0x20,0x20,0x20,0x20,0x20,0x20,0x20,0x20,0x20,0x20,0x20,0x20,0x20,0x20,0x72,0x65,
    0x74,0x75,0x72,0x6e,0x20,0x66,0x6c,0x6f,0x61,0x74,0x33,0x28,0x31,0x2e,0x30,0x2c,
    0x20,0x30,0x2e,0x30,0x2c,0x20,0x31,0x2e,0x30,0x29,0x3b,0x0a,0x20,0x20,0x20,0x20,
    0x20,0x20,0x20,0x20,0x20,0x20,0x20,0x20,0x7d,0x0a,0x20,0x20,0x20,0x20,0x20,0x20,
    0x20,0x20,0x7d,0x0a,0x20,0x20,0x20,0x20,0x20,0x20,0x20,0x20,0x69,0x6e,0x74,0x20,
    0x69,0x20,0x3d,0x20,0x5f,0x35,0x34,0x31,0x2e,0x63,0x65,0x6c,0x6c,0x73,0x5b,0x5f,
    0x35,0x34,0x34,0x5d,0x2e,0x73,0x74,0x61,0x72,0x74,0x3b,0x0a,0x20,0x20,0x20,0x20,
    0x20,0x20,0x20,0x20,0x69,0x6e,0x74,0x20,0x5f,0x36,0x32,0x38,0x20,0x3d,0x20,0x5f,
    0x35,0x34,0x31,0x2e,0x63,0x65,0x6c,0x6c,0x73,0x5b,0x5f,0x35,0x34,0x34,0x5d,0x2e,
    0x73,0x74,0x61,0x72,0x74,0x20,0x2b,0x20,0x5f,0x35,0x34,0x31,0x2e,0x63,0x65,0x6c,
    0x6c,0x73,0x5b,0x5f,0x35,0x34,0x34,0x5d,0x2e,0x63,0x6f,0x75,0x6e,0x74,0x3b,0x0a,
    0x20,0x20,0x20,0x20,0x20,0x20,0x20,0x20,0x77,0x68,0x69,0x6c,0x65,0x20,0x28,0x69,
    0x20,0x3c,0x20,0x5f,0x36,0x32,0x38,0x29,0x0a,0x20,0x20,0x20,0x20,0x20,0x20,0x20,
    0x20,0x7b,0x0a,0x20,0x20,0x20,0x20,0x20,0x20,0x20,0x20,0x20,0x20,0x20,0x20,0x66,
    0x6c,0x6f,0x61,0x74,0x20,0x5f,0x36,0x34,0x38,0x20,0x3d,0x20,0x6c,0x65,0x6e,0x67,
    0x74,0x68,0x28,0x5f,0x36,0x34,0x32,0x2e,0x70,0x61,0x72,0x74,0x69,0x63,0x6c,0x65,
    0x73,0x5b,0x69,0x5d,0x2e,0x70,0x6f,0x73,0x20,0x2d,0x20,0x5f,0x34,0x39,0x34,0x29,
    0x3b,0x0a,0x20,0x20,0x20,0x20,0x20,0x20,0x20,0x20,0x20,0x20,0x20,0x20,0x69,0x66,
    0x20,0x28,0x5f,0x36,0x34,0x38,0x20,0x3c,0x20,0x5f,0x34,0x35,0x33,0x2e,0x70,0x61,
    0x72,0x74,0x69,0x63,0x6c,0x65,0x5f,0x64,0x69,0x73,0x70,0x5f,0x72,0x61,0x64,0x69,
    0x75,0x73,0x29,0x0a,0x20,0x20,0x20,0x20,0x20,0x20,0x20,0x20,0x20,0x20,0x20,0x20,
    0x7b,0x0a,0x20,0x20,0x20,0x20,0x20,0x20,0x20,0x20,0x20,0x20,0x20,0x20,0x20,0x20,
    0x20,0x20,0x66,0x6c,0x6f,0x61,0x74,0x20,0x70,0x61,0x72,0x61,0x6d,0x5f,0x32,0x20,
    0x3d,0x20,0x5f,0x36,0x34,0x38,0x3b,0x0a,0x20,0x20,0x20,0x20,0x20,0x20,0x20,0x20,
    0x20,0x20,0x20,0x20,0x20,0x20,0x20,0x20,0x66,0x6c,0x6f,0x61,0x74,0x20,0x70,0x61,
    0x72,0x61,0x6d,0x5f,0x33,0x20,0x3d,0x20,0x5f,0x34,0x35,0x33,0x2e,0x70,0x61,0x72,
    0x74,0x69,0x63,0x6c,0x65,0x5f,0x64,0x69,0x73,0x70,0x5f,0x72,0x61,0x64,0x69,0x75,
    0x73,0x3b,0x0a,0x20,0x20,0x20,0x20,0x20,0x20,0x20,0x20,0x20,0x20,0x20,0x20,0x20,
    0x20,0x20,0x20,0x66,0x6c,0x6f,0x61,0x74,0x20,0x5f,0x36,0x36,0x32,0x20,0x3d,0x20,
    0x6b,0x5f,0x70,0x6f,0x6c,0x79,0x36,0x28,0x70,0x61,0x72,0x61,0x6d,0x5f,0x32,0x2c,
    0x20,0x70,0x61,0x72,0x61,0x6d,0x5f,0x33,0x29,0x3b,0x0a,0x20,0x20,0x20,0x20,0x20,
    0x20,0x20,0x20,0x20,0x20,0x20,0x20,0x20,0x20,0x20,0x20,0x64,0x65,0x6e,0x73,0x69,
    0x74,0x79,0x20,0x3d,0x20,0x66,0x6d,0x61,0x28,0x5f,0x36,0x34,0x32,0x2e,0x70,0x61,
    0x72,0x74,0x69,0x63,0x6c,0x65,0x73,0x5b,0x69,0x5d,0x2e,0x64,0x65,0x6e,0x73,0x69,
    0x74,0x79,0x2c,0x20,0x5f,0x36,0x36,0x32,0x2c,0x20,0x64,0x65,0x6e,0x73,0x69,0x74,
    0x79,0x29,0x3b,0x0a,0x20,0x20,0x20,0x20,0x20,0x20,0x20,0x20,0x20,0x20,0x20,0x20,
    0x20,0x20,0x20,0x20,0x5f,0x39,0x30,0x32,0x20,0x3d,0x20,0x66,0x6d,0x61,0x28,0x66,
    0x6c,0x6f,0x61,0x74,0x28,0x31,0x20,0x2d,0x20,0x5f,0x36,0x34,0x32,0x2e,0x70,0x61,
    0x72,0x74,0x69,0x63,0x6c,0x65,0x73,0x5b,0x69,0x5d,0x2e,0x69,0x73,0x5f,0x72,0x69,
    0x67,0x68,0x74,0x29,0x2c,0x20,0x5f,0x36,0x36,0x32,0x2c,0x20,0x5f,0x39,0x30,0x32,
    0x29,0x3b,0x0a,0x20,0x20,0x20,0x20,0x20,0x20,0x20,0x20,0x20,0x20,0x20,0x20,0x20,
    0x20,0x20,0x20,0x5f,0x39,0x30,0x33,0x20,0x3d,0x20,0x66,0x6d,0x61,0x28,0x66,0x6c,
    0x6f,0x61,0x74,0x28,0x5f,0x36,0x34,0x32,0x2e,0x70,0x61,0x72,0x74,0x69,0x63,0x6c,
    0x65,0x73,0x5b,0x69,0x5d,0x2e,0x69,0x73,0x5f,0x72,0x69,0x67,0x68,0x74,0x29,0x2c,
    0x20,0x5f,0x36,0x36,0x32,0x2c,0x20,0x5f,0x39,0x30,0x33,0x29,0x3b,0x0a,0x20,0x20,
    0x20,0x20,0x20,0x20,0x20,0x20,0x20,0x20,0x20,0x20,0x7d,0x0a,0x20,0x20,0x20,0x20,
    0x20,0x20,0x20,0x20,0x20,0x20,0x20,0x20,0x69,0x2b,0x2b,0x3b,0x0a,0x20,0x20,0x20,
    0x20,0x20,0x20,0x20,0x20,0x7d,0x0a,0x20,0x20,0x20,0x20,0x7d,0x0a,0x20,0x20,0x20,
    0x20,0x66,0x6c,0x6f,0x61,0x74,0x20,0x70,0x61,0x72,0x61,0x6d,0x5f,0x34,0x20,0x3d,
    0x20,0x64,0x65,0x6e,0x73,0x69,0x74,0x79,0x20,0x2f,0x20,0x5f,0x34,0x35,0x33,0x2e,
    0x70,0x61,0x72,0x74,0x69,0x63,0x6c,0x65,0x5f,0x64,0x69,0x73,0x70,0x5f,0x73,0x63,
    0x61,0x6c,0x65,0x3b,0x0a,0x20,0x20,0x20,0x20,0x66,0x6c,0x6f,0x61,0x74,0x33,0x20,
    0x70,0x61,0x72,0x61,0x6d,0x5f,0x35,0x20,0x3d,0x20,0x66,0x6c,0x6f,0x61,0x74,0x33,
    0x28,0x30,0x2e,0x30,0x29,0x3b,0x0a,0x20,0x20,0x20,0x20,0x66,0x6c,0x6f,0x61,0x74,
    0x33,0x20,0x70,0x61,0x72,0x61,0x6d,0x5f,0x36,0x20,0x3d,0x20,0x6d,0x69,0x78,0x28,
    0x5f,0x34,0x35,0x33,0x2e,0x70,0x61,0x72,0x74,0x69,0x63,0x6c,0x65,0x5f,0x63,0x6f,
    0x6c,0x6f,0x72,0x5f,0x6c,0x65,0x66,0x74,0x2c,0x20,0x5f,0x34,0x35,0x33,0x2e,0x70,
    0x61,0x72,0x74,0x69,0x63,0x6c,0x65,0x5f,0x63,0x6f,0x6c,0x6f,0x72,0x5f,0x72,0x69,
    0x67,0x68,0x74,0x2c,0x20,0x66,0x6c,0x6f,0x61,0x74,0x33,0x28,0x5f,0x39,0x30,0x33,
    0x20,0x2f,0x20,0x28,0x5f,0x39,0x30,0x32,0x20,0x2b,0x20,0x5f,0x39,0x30,0x33,0x29,
    0x29,0x29,0x3b,0x0a,0x20,0x20,0x20,0x20,0x66,0x6c,0x6f,0x61,0x74,0x33,0x20,0x70,
    0x61,0x72,0x61,0x6d,0x5f,0x37,0x20,0x3d,0x20,0x6d,0x69,0x78,0x28,0x72,0x67,0x62,
    0x5f,0x74,0x6f,0x5f,0x68,0x73,0x76,0x28,0x70,0x61,0x72,0x61,0x6d,0x5f,0x35,0x29,
    0x2c,0x20,0x72,0x67,0x62,0x5f,0x74,0x6f,0x5f,0x68,0x73,0x76,0x28,0x70,0x61,0x72,
    0x61,0x6d,0x5f,0x36,0x29,0x2c,0x20,0x66,0x6c,0x6f,0x61,0x74,0x33,0x28,0x73,0x61,
    0x74,0x75,0x72,0x61,0x74,0x65,0x30,0x28,0x70,0x61,0x72,0x61,0x6d,0x5f,0x34,0x29,
    0x29,0x29,0x3b,0x0a,0x20,0x20,0x20,0x20,0x72,0x65,0x74,0x75,0x72,0x6e,0x20,0x68,
    0x73,0x76,0x5f,0x74,0x6f,0x5f,0x72,0x67,0x62,0x28,0x70,0x61,0x72,0x61,0x6d,0x5f,
    0x37,0x29,0x3b,0x0a,0x7d,0x0a,0x0a,0x73,0x74,0x61,0x74,0x69,0x63,0x20,0x69,0x6e,
    0x6c,0x69,0x6e,0x65,0x20,0x5f,0x5f,0x61,0x74,0x74,0x72,0x69,0x62,0x75,0x74,0x65,
    0x5f,0x5f,0x28,0x28,0x61,0x6c,0x77,0x61,0x79,0x73,0x5f,0x69,0x6e,0x6c,0x69,0x6e,
    0x65,0x29,0x29,0x0a,0x66,0x6c,0x6f,0x61,0x74,0x20,0x68,0x61,0x73,0x68,0x28,0x74,
    0x68,0x72,0x65,0x61,0x64,0x20,0x63,0x6f,0x6e,0x73,0x74,0x20,0x66,0x6c,0x6f,0x61,
    0x74,0x26,0x20,0x6e,0x29,0x0a,0x7b,0x0a,0x20,0x20,0x20,0x20,0x72,0x65,0x74,0x75,
    0x72,0x6e,0x20,0x66,0x72,0x61,0x63,0x74,0x28,0x73,0x69,0x6e,0x28,0x6e,0x29,0x20,
    0x2a,0x20,0x34,0x33,0x37,0x35,0x38,0x2e,0x35,0x34,0x36,0x38,0x37,0x35,0x29,0x3b,
    0x0a,0x7d,0x0a,0x0a,0x73,0x74,0x61,0x74,0x69,0x63,0x20,0x69,0x6e,0x6c,0x69,0x6e,
    0x65,0x20,0x5f,0x5f,0x61,0x74,0x74,0x72,0x69,0x62,0x75,0x74,0x65,0x5f,0x5f,0x28,
    0x28,0x61,0x6c,0x77,0x61,0x79,0x73,0x5f,0x69,0x6e,0x6c,0x69,0x6e,0x65,0x29,0x29,
    0x0a,0x66,0x6c,0x6f,0x61,0x74,0x20,0x5f,0x6e,0x6f,0x69,0x73,0x65,0x28,0x74,0x68,
    0x72,0x65,0x61,0x64,0x20,0x63,0x6f,0x6e,0x73,0x74,0x20,0x66,0x6c,0x6f,0x61,0x74,
    0x33,0x26,0x20,0x78,0x29,0x0a,0x7b,0x0a,0x20,0x20,0x20,0x20,0x66,0x6c,0x6f,0x61,
    0x74,0x33,0x20,0x5f,0x36,0x34,0x20,0x3d,0x20,0x66,0x6c,0x6f,0x6f,0x72,0x28,0x78,
    0x29,0x3b,0x0a,0x20,0x20,0x20,0x20,0x66,0x6c,0x6f,0x61,0x74,0x33,0x20,0x5f,0x36,
    0x37,0x20,0x3d,0x20,0x66,0x72,0x61,0x63,0x74,0x28,0x78,0x29,0x3b,0x0a,0x20,0x20,
    0x20,0x20,0x66,0x6c,0x6f,0x61,0x74,0x33,0x20,0x5f,0x37,0x37,0x20,0x3d,0x20,0x28,
    0x5f,0x36,0x37,0x20,0x2a,0x20,0x5f,0x36,0x37,0x29,0x20,0x2a,0x20,0x28,0x66,0x6c,
    0x6f,0x61,0x74,0x33,0x28,0x33,0x2e,0x30,0x29,0x20,0x2d,0x20,0x28,0x5f,0x36,0x37,
    0x20,0x2a,0x20,0x32,0x2e,0x30,0x29,0x29,0x3b,0x0a,0x20,0x20,0x20,0x20,0x66,0x6c,
    0x6f,0x61,0x74,0x20,0x5f,0x39,0x34,0x20,0x3d,0x20,0x66,0x6d,0x61,0x28,0x31,0x31,
    0x33,0x2e,0x30,0x2c,0x20,0x5f,0x36,0x34,0x2e,0x7a,0x2c,0x20,0x66,0x6d,0x61,0x28,
    0x5f,0x36,0x34,0x2e,0x79,0x2c,0x20,0x35,0x37,0x2e,0x30,0x2c,0x20,0x5f,0x36,0x34,
    0x2e,0x78,0x29,0x29,0x3b,0x0a,0x20,0x20,0x20,0x20,0x66,0x6c,0x6f,0x61,0x74,0x20,
    0x70,0x61,0x72,0x61,0x6d,0x20,0x3d,0x20,0x5f,0x39,0x34,0x3b,0x0a,0x20,0x20,0x20,
    0x20,0x66,0x6c,0x6f,0x61,0x74,0x20,0x70,0x61,0x72,0x61,0x6d,0x5f,0x31,0x20,0x3d,
    0x20,0x5f,0x39,0x34,0x20,0x2b,0x20,0x31,0x2e,0x30,0x3b,0x0a,0x20,0x20,0x20,0x20,
    0x66,0x6c,0x6f,0x61,0x74,0x20,0x5f,0x31,0x30,0x37,0x20,0x3d,0x20,0x5f,0x37,0x37,
    0x2e,0x78,0x3b,0x0a,0x20,0x20,0x20,0x20,0x66,0x6c,0x6f,0x61,0x74,0x20,0x70,0x61,
    0x72,0x61,0x6d,0x5f,0x32,0x20,0x3d,0x20,0x5f,0x39,0x34,0x20,0x2b,0x20,0x35,0x37,
    0x2e,0x30,0x3b,0x0a,0x20,0x20,0x20,0x20,0x66,0x6c,0x6f,0x61,0x74,0x20,0x70,0x61,
    0x72,0x61,0x6d,0x5f,0x33,0x20,0x3d,0x20,0x5f,0x39,0x34,0x20,0x2b,0x20,0x35,0x38,
    0x2e,0x30,0x3b,0x0a,0x20,0x20,0x20,0x20,0x66,0x6c,0x6f,0x61,0x74,0x20,0x5f,0x31,
    0x32,0x32,0x20,0x3d,0x20,0x5f,0x37,0x37,0x2e,0x79,0x3b,0x0a,0x20,0x20,0x20,0x20,
    0x66,0x6c,0x6f,0x61,0x74,0x20,0x70,0x61,0x72,0x61,0x6d,0x5f,0x34,0x20,0x3d,0x20,
    0x5f,0x39,0x34,0x20,0x2b,0x20,0x31,0x31,0x33,0x2e,0x30,0x3b,0x0a,0x20,0x20,0x20,
    0x20,0x66,0x6c,0x6f,0x61,0x74,0x20,0x70,0x61,0x72,0x61,0x6d,0x5f,0x35,0x20,0x3d,
    0x20,0x5f,0x39,0x34,0x20,0x2b,0x20,0x31,0x31,0x34,0x2e,0x30,0x3b,0x0a,0x20,0x20,
    0x20,0x20,0x66,0x6c,0x6f,0x61,0x74,0x20,0x70,0x61,0x72,0x61,0x6d,0x5f,0x36,0x20,
    0x3d,0x20,0x5f,0x39,0x34,0x20,0x2b,0x20,0x31,0x37,0x30,0x2e,0x30,0x3b,0x0a,0x20,
    0x20,0x20,0x20,0x66,0x6c,0x6f,0x61,0x74,0x20,0x70,0x61,0x72,0x61,0x6d,0x5f,0x37,
    0x20,0x3d,0x20,0x5f,0x39,0x34,0x20,0x2b,0x20,0x31,0x37,0x31,0x2e,0x30,0x3b,0x0a,
    0x20,0x20,0x20,0x20,0x72,0x65,0x74,0x75,0x72,0x6e,0x20,0x6d,0x69,0x78,0x28,0x6d,
    0x69,0x78,0x28,0x6d,0x69,0x78,0x28,0x68,0x61,0x73,0x68,0x28,0x70,0x61,0x72,0x61,
    0x6d,0x29,0x2c,0x20,0x68,0x61,0x73,0x68,0x28,0x70,0x61,0x72,0x61,0x6d,0x5f,0x31,
    0x29,0x2c,0x20,0x5f,0x31,0x30,0x37,0x29,0x2c,0x20,0x6d,0x69,0x78,0x28,0x68,0x61,
    0x73,0x68,0x28,0x70,0x61,0x72,0x61,0x6d,0x5f,0x32,0x29,0x2c,0x20,0x68,0x61,0x73,
    0x68,0x28,0x70,0x61,0x72,0x61,0x6d,0x5f,0x33,0x29,0x2c,0x20,0x5f,0x31,0x30,0x37,
    0x29,0x2c,0x20,0x5f,0x31,0x32,0x32,0x29,0x2c,0x20,0x6d,0x69,0x78,0x28,0x6d,0x69,
    0x78,0x28,0x68,0x61,0x73,0x68,0x28,0x70,0x61,0x72,0x61,0x6d,0x5f,0x34,0x29,0x2c,
    0x20,0x68,0x61,0x73,0x68,0x28,0x70,0x61,0x72,0x61,0x6d,0x5f,0x35,0x29,0x2c,0x20,
    0x5f,0x31,0x30,0x37,0x29,0x2c,0x20,0x6d,0x69,0x78,0x28,0x68,0x61,0x73,0x68,0x28,
    0x70,0x61,0x72,0x61,0x6d,0x5f,0x36,0x29,0x2c,0x20,0x68,0x61,0x73,0x68,0x28,0x70,
    0x61,0x72,0x61,0x6d,0x5f,0x37,0x29,0x2c,0x20,0x5f,0x31,0x30,0x37,0x29,0x2c,0x20,
    0x5f,0x31,0x32,0x32,0x29,0x2c,0x20,0x5f,0x37,0x37,0x2e,0x7a,0x29,0x3b,0x0a,0x7d,
    0x0a,0x0a,0x73,0x74,0x61,0x74,0x69,0x63,0x20,0x69,0x6e,0x6c,0x69,0x6e,0x65,0x20,
    0x5f,0x5f,0x61,0x74,0x74,0x72,0x69,0x62,0x75,0x74,0x65,0x5f,0x5f,0x28,0x28,0x61,
    0x6c,0x77,0x61,0x79,0x73,0x5f,0x69,0x6e,0x6c,0x69,0x6e,0x65,0x29,0x29,0x0a,0x66,
    0x6c,0x6f,0x61,0x74,0x20,0x66,0x62,0x6d,0x28,0x74,0x68,0x72,0x65,0x61,0x64,0x20,
    0x66,0x6c,0x6f,0x61,0x74,0x33,0x26,0x20,0x70,0x29,0x0a,0x7b,0x0a,0x20,0x20,0x20,
    0x20,0x66,0x6c,0x6f,0x61,0x74,0x33,0x20,0x70,0x61,0x72,0x61,0x6d,0x20,0x3d,0x20,
    0x70,0x3b,0x0a,0x20,0x20,0x20,0x20,0x66,0x6c,0x6f,0x61,0x74,0x20,0x66,0x20,0x3d,
    0x20,0x30,0x2e,0x35,0x20,0x2a,0x20,0x5f,0x6e,0x6f,0x69,0x73,0x65,0x28,0x70,0x61,
    0x72,0x61,0x6d,0x29,0x3b,0x0a,0x20,0x20,0x20,0x20,0x70,0x20,0x3d,0x20,0x28,0x66,
    0x6c,0x6f,0x61,0x74,0x33,0x78,0x33,0x28,0x66,0x6c,0x6f,0x61,0x74,0x33,0x28,0x30,
    0x2e,0x30,0x2c,0x20,0x30,0x2e,0x38,0x30,0x30,0x30,0x30,0x30,0x30,0x31,0x31,0x39,
    0x32,0x30,0x39,0x32,0x38,0x39,0x35,0x35,0x30,0x37,0x38,0x31,0x32,0x35,0x2c,0x20,
    0x30,0x2e,0x36,0x30,0x30,0x30,0x30,0x30,0x30,0x32,0x33,0x38,0x34,0x31,0x38,0x35,
    0x37,0x39,0x31,0x30,0x31,0x35,0x36,0x32,0x35,0x29,0x2c,0x20,0x66,0x6c,0x6f,0x61,
    0x74,0x33,0x28,0x2d,0x30,0x2e,0x38,0x30,0x30,0x30,0x30,0x30,0x30,0x31,0x31,0x39,
    0x32,0x30,0x39,0x32,0x38,0x39,0x35,0x35,0x30,0x37,0x38,0x31,0x32,0x35,0x2c,0x20,
    0x30,0x2e,0x33,0x36,0x30,0x30,0x30,0x30,0x30,0x31,0x34,0x33,0x30,0x35,0x31,0x31,
    0x34,0x37,0x34,0x36,0x30,0x39,0x33,0x37,0x35,0x2c,0x20,0x2d,0x30,0x2e,0x34,0x37,
    0x39,0x39,0x39,0x39,0x39,0x38,0x39,0x32,0x37,0x31,0x31,0x36,0x33,0x39,0x34,0x30,
    0x34,0x32,0x39,0x36,0x38,0x37,0x35,0x29,0x2c,0x20,0x66,0x6c,0x6f,0x61,0x74,0x33,
    0x28,0x2d,0x30,0x2e,0x36,0x30,0x30,0x30,0x30,0x30,0x30,0x32,0x33,0x38,0x34,0x31,
    0x38,0x35,0x37,0x39,0x31,0x30,0x31,0x35,0x36,0x32,0x35,0x2c,0x20,0x2d,0x30,0x2e,
    0x34,0x37,0x39,0x39,0x39,0x39,0x39,0x38,0x39,0x32,0x37,0x31,0x31,0x36,0x33,0x39,
    0x34,0x30,0x34,0x32,0x39,0x36,0x38,0x37,0x35,0x2c,0x20,0x30,0x2e,0x36,0x33,0x39,
    0x39,0x39,0x39,0x39,0x38,0x35,0x36,0x39,0x34,0x38,0x38,0x35,0x32,0x35,0x33,0x39,
    0x30,0x36,0x32,0x35,0x29,0x29,0x20,0x2a,0x20,0x70,0x29,0x20,0x2a,0x20,0x32,0x2e,
    0x30,0x31,0x39,0x39,0x39,0x39,0x39,0x38,0x30,0x39,0x32,0x36,0x35,0x31,0x33,0x36,
    0x37,0x31,0x38,0x37,0x35,0x3b,0x0a,0x20,0x20,0x20,0x20,0x66,0x6c,0x6f,0x61,0x74,
    0x33,0x20,0x70,0x61,0x72,0x61,0x6d,0x5f,0x31,0x20,0x3d,0x20,0x70,0x3b,0x0a,0x20,
    0x20,0x20,0x20,0x66,0x20,0x3d,0x20,0x66,0x6d,0x61,0x28,0x30,0x2e,0x32,0x35,0x2c,
    0x20,0x5f,0x6e,0x6f,0x69,0x73,0x65,0x28,0x70,0x61,0x72,0x61,0x6d,0x5f,0x31,0x29,
    0x2c,0x20,0x66,0x29,0x3b,0x0a,0x20,0x20,0x20,0x20,0x70,0x20,0x3d,0x20,0x28,0x66,
    0x6c,0x6f,0x61,0x74,0x33,0x78,0x33,0x28,0x66,0x6c,0x6f,0x61,0x74,0x33,0x28,0x30,
    0x2e,0x30,0x2c,0x20,0x30,0x2e,0x38,0x30,0x30,0x30,0x30,0x30,0x30,0x31,0x31,0x39,
    0x32,0x30,0x39,0x32,0x38,0x39,0x35,0x35,0x30,0x37,0x38,0x31,0x32,0x35,0x2c,0x20,
    0x30,0x2e,0x36,0x30,0x30,0x30,0x30,0x30,0x30,0x32,0x33,0x38,0x34,0x31,0x38,0x35,
    0x37,0x39,0x31,0x30,0x31,0x35,0x36,0x32,0x35,0x29,0x2c,0x20,0x66,0x6c,0x6f,0x61,
    0x74,0x33,0x28,0x2d,0x30,0x2e,0x38,0x30,0x30,0x30,0x30,0x30,0x30,0x31,0x31,0x39,
    0x32,0x30,0x39,0x32,0x38,0x39,0x35,0x35,0x30,0x37,0x38,0x31,0x32,0x35,0x2c,0x20,
    0x30,0x2e,0x33,0x36,0x30,0x30,0x30,0x30,0x30,0x31,0x34,0x33,0x30,0x35,0x31,0x31,
    0x34,0x37,0x34,0x36,0x30,0x39,0x33,0x37,0x35,0x2c,0x20,0x2d,0x30,0x2e,0x34,0x37,
    0x39,0x39,0x39,0x39,0x39,0x38,0x39,0x32,0x37,0x31,0x31,0x36,0x33,0x39,0x34,0x30,
    0x34,0x32,0x39,0x36,0x38,0x37,0x35,0x29,0x2c,0x20,0x66,0x6c,0x6f,0x61,0x74,0x33,
    0x28,0x2d,0x30,0x2e,0x36,0x30,0x30,0x30,0x30,0x30,0x30,0x32,0x33,0x38,0x34,0x31,
    0x38,0x35,0x37,0x39,0x31,0x30,0x31,0x35,0x36,0x32,0x35,0x2c,0x20,0x2d,0x30,0x2e,
    0x34,0x37,0x39,0x39,0x39,0x39,0x39,0x38,0x39,0x32,0x37,0x31,0x31,0x36,0x33,0x39,
    0x34,0x30,0x34,0x32,0x39,0x36,0x38,0x37,0x35,0x2c,0x20,0x30,0x2e,0x36,0x33,0x39,
    0x39,0x39,0x39,0x39,0x38,0x35,0x36,0x39,0x34,0x38,0x38,0x35,0x32,0x35,0x33,0x39,
    0x30,0x36,0x32,0x35,0x29,0x29,0x20,0x2a,0x20,0x70,0x29,0x20,0x2a,0x20,0x32,0x2e,
    0x30,0x32,0x39,0x39,0x39,0x39,0x39,0x37,0x31,0x33,0x38,0x39,0x37,0x37,0x30,0x35,
    0x30,0x37,0x38,0x31,0x32,0x35,0x3b,0x0a,0x20,0x20,0x20,0x20,0x66,0x6c,0x6f,0x61,
    0x74,0x33,0x20,0x70,0x61,0x72,0x61,0x6d,0x5f,0x32,0x20,0x3d,0x20,0x70,0x3b,0x0a,
    0x20,0x20,0x20,0x20,0x66,0x20,0x3d,0x20,0x66,0x6d,0x61,0x28,0x30,0x2e,0x31,0x32,
    0x35,0x2c,0x20,0x5f,0x6e,0x6f,0x69,0x73,0x65,0x28,0x70,0x61,0x72,0x61,0x6d,0x5f,
    0x32,0x29,0x2c,0x20,0x66,0x29,0x3b,0x0a,0x20,0x20,0x20,0x20,0x70,0x20,0x3d,0x20,
    0x28,0x66,0x6c,0x6f,0x61,0x74,0x33,0x78,0x33,0x28,0x66,0x6c,0x6f,0x61,0x74,0x33,
    0x28,0x30,0x2e,0x30,0x2c,0x20,0x30,0x2e,0x38,0x30,0x30,0x30,0x30,0x30,0x30,0x31,
    0x31,0x39,0x32,0x30,0x39,0x32,0x38,0x39,0x35,0x35,0x30,0x37,0x38,0x31,0x32,0x35,
    0x2c,0x20,0x30,0x2e,0x36,0x30,0x30,0x30,0x30,0x30,0x30,0x32,0x33,0x38,0x34,0x31,
    0x38,0x35,0x37,0x39,0x31,0x30,0x31,0x35,0x36,0x32,0x35,0x29,0x2c,0x20,0x66,0x6c,
    0x6f,0x61,0x74,0x33,0x28,0x2d,0x30,0x2e,0x38,0x30,0x30,0x30,0x30,0x30,0x30,0x31,
    0x31,0x39,0x32,0x30,0x39,0x32,0x38,0x39,0x35,0x35,0x30,0x37,0x38,0x31,0x32,0x35,
    0x2c,0x20,0x30,0x2e,0x33,0x36,0x30,0x30,0x30,0x30,0x30,0x31,0x34,0x33,0x30,0x35,
    0x31,0x31,0x34,0x37,0x34,0x36,0x30,0x39,0x33,0x37,0x35,0x2c,0x20,0x2d,0x30,0x2e,
    0x34,0x37,0x39,0x39,0x39,0x39,0x39,0x38,0x39,0x32,0x37,0x31,0x31,0x36,0x33,0x39,
    0x34,0x30,0x34,0x32,0x39,0x36,0x38,0x37,0x35,0x29,0x2c,0x20,0x66,0x6c,0x6f,0x61,
    0x74,0x33,0x28,0x2d,0x30,0x2e,0x36,0x30,0x30,0x30,0x30,0x30,0x30,0x32,0x33,0x38,
    0x34,0x31,0x38,0x35,0x37,0x39,0x31,0x30,0x31,0x35,0x36,0x32,0x35,0x2c,0x20,0x2d,
    0x30,0x2e,0x34,0x37,0x39,0x39,0x39,0x39,0x39,0x38,0x39,0x32,0x37,0x31,0x31,0x36,
    0x33,0x39,0x34,0x30,0x34,0x32,0x39,0x36,0x38,0x37,0x35,0x2c,0x20,0x30,0x2e,0x36,
    0x33,0x39,0x39,0x39,0x39,0x39,0x38,0x35,0x36,0x39,0x34,0x38,0x38,0x35,0x32,0x35,
    0x33,0x39,0x30,0x36,0x32,0x35,0x29,0x29,0x20,0x2a,0x20,0x70,0x29,0x20,0x2a,0x20,
    0x32,0x2e,0x30,0x30,0x39,0x39,0x39,0x39,0x39,0x39,0x30,0x34,0x36,0x33,0x32,0x35,
    0x36,0x38,0x33,0x35,0x39,0x33,0x37,0x35,0x3b,0x0a,0x20,0x20,0x20,0x20,0x66,0x6c,
    0x6f,0x61,0x74,0x33,0x20,0x70,0x61,0x72,0x61,0x6d,0x5f,0x33,0x20,0x3d,0x20,0x70,
    0x3b,0x0a,0x20,0x20,0x20,0x20,0x66,0x6c,0x6f,0x61,0x74,0x20,0x5f,0x32,0x31,0x32,
    0x20,0x3d,0x20,0x66,0x3b,0x0a,0x20,0x20,0x20,0x20,0x66,0x6c,0x6f,0x61,0x74,0x20,
    0x5f,0x32,0x31,0x33,0x20,0x3d,0x20,0x66,0x6d,0x61,0x28,0x30,0x2e,0x30,0x36,0x32,
    0x35,0x2c,0x20,0x5f,0x6e,0x6f,0x69,0x73,0x65,0x28,0x70,0x61,0x72,0x61,0x6d,0x5f,
    0x33,0x29,0x2c,0x20,0x5f,0x32,0x31,0x32,0x29,0x3b,0x0a,0x20,0x20,0x20,0x20,0x66,
    0x20,0x3d,0x20,0x5f,0x32,0x31,0x33,0x3b,0x0a,0x20,0x20,0x20,0x20,0x72,0x65,0x74,
    0x75,0x72,0x6e,0x20,0x5f,0x32,0x31,0x33,0x3b,0x0a,0x7d,0x0a,0x0a,0x73,0x74,0x61,
    0x74,0x69,0x63,0x20,0x69,0x6e,0x6c,0x69,0x6e,0x65,0x20,0x5f,0x5f,0x61,0x74,0x74,
    0x72,0x69,0x62,0x75,0x74,0x65,0x5f,0x5f,0x28,0x28,0x61,0x6c,0x77,0x61,0x79,0x73,
    0x5f,0x69,0x6e,0x6c,0x69,0x6e,0x65,0x29,0x29,0x0a,0x66,0x6c,0x6f,0x61,0x74,0x20,
    0x65,0x61,0x73,0x65,0x5f,0x69,0x6e,0x5f,0x6f,0x75,0x74,0x5f,0x71,0x75,0x61,0x72,
    0x74,0x28,0x74,0x68,0x72,0x65,0x61,0x64,0x20,0x63,0x6f,0x6e,0x73,0x74,0x20,0x66,
    0x6c,0x6f,0x61,0x74,0x26,0x20,0x78,0x29,0x0a,0x7b,0x0a,0x20,0x20,0x20,0x20,0x66,
    0x6c,0x6f,0x61,0x74,0x20,0x5f,0x32,0x32,0x34,0x3b,0x0a,0x20,0x20,0x20,0x20,0x69,
    0x66,0x20,0x28,0x78,0x20,0x3c,0x20,0x30,0x2e,0x35,0x29,0x0a,0x20,0x20,0x20,0x20,
    0x7b,0x0a,0x20,0x20,0x20,0x20,0x20,0x20,0x20,0x20,0x5f,0x32,0x32,0x34,0x20,0x3d,
    0x20,0x28,0x28,0x28,0x38,0x2e,0x30,0x20,0x2a,0x20,0x78,0x29,0x20,0x2a,0x20,0x78,
    0x29,0x20,0x2a,0x20,0x78,0x29,0x20,0x2a,0x20,0x78,0x3b,0x0a,0x20,0x20,0x20,0x20,
    0x7d,0x0a,0x20,0x20,0x20,0x20,0x65,0x6c,0x73,0x65,0x0a,0x20,0x20,0x20,0x20,0x7b,
    0x0a,0x20,0x20,0x20,0x20,0x20,0x20,0x20,0x20,0x5f,0x32,0x32,0x34,0x20,0x3d,0x20,
    0x66,0x6d,0x61,0x28,0x2d,0x70,0x6f,0x77,0x28,0x66,0x6d,0x61,0x28,0x2d,0x32,0x2e,
    0x30,0x2c,0x20,0x78,0x2c,0x20,0x32,0x2e,0x30,0x29,0x2c,0x20,0x34,0x2e,0x30,0x29,
    0x2c,0x20,0x30,0x2e,0x35,0x2c,0x20,0x31,0x2e,0x30,0x29,0x3b,0x0a,0x20,0x20,0x20,
    0x20,0x7d,0x0a,0x20,0x20,0x20,0x20,0x72,0x65,0x74,0x75,0x72,0x6e,0x20,0x5f,0x32,
    0x32,0x34,0x3b,0x0a,0x7d,0x0a,0x0a,0x66,0x72,0x61,0x67,0x6d,0x65,0x6e,0x74,0x20,
    0x6d,0x61,0x69,0x6e,0x30,0x5f,0x6f,0x75,0x74,0x20,0x6d,0x61,0x69,0x6e,0x30,0x28,
    0x6d,0x61,0x69,0x6e,0x30,0x5f,0x69,0x6e,0x20,0x69,0x6e,0x20,0x5b,0x5b,0x73,0x74,
    0x61,0x67,0x65,0x5f,0x69,0x6e,0x5d,0x5d,0x2c,0x20,0x63,0x6f,0x6e,0x73,0x74,0x61,
    0x6e,0x74,0x20,0x66,0x73,0x5f,0x70,0x61,0x72,0x61,0x6d,0x73,0x26,0x20,0x5f,0x34,
    0x35,0x33,0x20,0x5b,0x5b,0x62,0x75,0x66,0x66,0x65,0x72,0x28,0x30,0x29,0x5d,0x5d,
    0x2c,0x20,0x63,0x6f,0x6e,0x73,0x74,0x20,0x64,0x65,0x76,0x69,0x63,0x65,0x20,0x63,
    0x65,0x6c,0x6c,0x5f,0x62,0x75,0x66,0x66,0x65,0x72,0x26,0x20,0x5f,0x35,0x34,0x31,
    0x20,0x5b,0x5b,0x62,0x75,0x66,0x66,0x65,0x72,0x28,0x34,0x29,0x5d,0x5d,0x2c,0x20,
    0x63,0x6f,0x6e,0x73,0x74,0x20,0x64,0x65,0x76,0x69,0x63,0x65,0x20,0x70,0x61,0x72,
    0x74,0x69,0x63,0x6c,0x65,0x5f,0x62,0x75,0x66,0x66,0x65,0x72,0x26,0x20,0x5f,0x36,
    0x34,0x32,0x20,0x5b,0x5b,0x62,0x75,0x66,0x66,0x65,0x72,0x28,0x35,0x29,0x5d,0x5d,
    0x2c,0x20,0x74,0x65,0x78,0x74,0x75,0x72,0x65,0x32,0x64,0x3c,0x66,0x6c,0x6f,0x61,
    0x74,0x3e,0x20,0x64,0x5f,0x70,0x6f,0x73,0x5f,0x76,0x5f,0x69,0x6e,0x64,0x65,0x78,
    0x5f,0x74,0x79,0x70,0x65,0x5f,0x66,0x6c,0x61,0x67,0x73,0x20,0x5b,0x5b,0x74,0x65,
    0x78,0x74,0x75,0x72,0x65,0x28,0x30,0x29,0x5d,0x5d,0x2c,0x20,0x74,0x65,0x78,0x74,
    0x75,0x72,0x65,0x32,0x64,0x3c,0x66,0x6c,0x6f,0x61,0x74,0x3e,0x20,0x63,0x5f,0x65,
    0x78,0x74,0x72,0x61,0x5f,0x69,0x64,0x5f,0x70,0x6f,0x73,0x20,0x5b,0x5b,0x74,0x65,
    0x78,0x74,0x75,0x72,0x65,0x28,0x31,0x29,0x5d,0x5d,0x2c,0x20,0x74,0x65,0x78,0x74,
    0x75,0x72,0x65,0x32,0x64,0x3c,0x66,0x6c,0x6f,0x61,0x74,0x3e,0x20,0x63,0x5f,0x63,
    0x6f,0x6c,0x6f,0x72,0x20,0x5b,0x5b,0x74,0x65,0x78,0x74,0x75,0x72,0x65,0x28,0x32,
    0x29,0x5d,0x5d,0x2c,0x20,0x74,0x65,0x78,0x74,0x75,0x72,0x65,0x32,0x64,0x3c,0x66,
    0x6c,0x6f,0x61,0x74,0x3e,0x20,0x63,0x5f,0x6c,0x69,0x67,0x68,0x74,0x20,0x5b,0x5b,
    0x74,0x65,0x78,0x74,0x75,0x72,0x65,0x28,0x33,0x29,0x5d,0x5d,0x2c,0x20,0x74,0x65,
    0x78,0x74,0x75,0x72,0x65,0x32,0x64,0x3c,0x66,0x6c,0x6f,0x61,0x74,0x3e,0x20,0x63,
    0x5f,0x62,0x6c,0x6f,0x6f,0x6d,0x20,0x5b,0x5b,0x74,0x65,0x78,0x74,0x75,0x72,0x65,
    0x28,0x34,0x29,0x5d,0x5d,0x2c,0x20,0x73,0x61,0x6d,0x70,0x6c,0x65,0x72,0x20,0x73,
    0x6d,0x70,0x5f,0x6e,0x65,0x61,0x72,0x65,0x73,0x74,0x20,0x5b,0x5b,0x73,0x61,0x6d,
    0x70,0x6c,0x65,0x72,0x28,0x30,0x29,0x5d,0x5d,0x29,0x0a,0x7b,0x0a,0x20,0x20,0x20,
    0x20,0x6d,0x61,0x69,0x6e,0x30,0x5f,0x6f,0x75,0x74,0x20,0x6f,0x75,0x74,0x20,0x3d,
    0x20,0x7b,0x7d,0x3b,0x0a,0x20,0x20,0x20,0x20,0x66,0x6c,0x6f,0x61,0x74,0x34,0x20,
    0x5f,0x37,0x35,0x31,0x20,0x3d,0x20,0x63,0x5f,0x65,0x78,0x74,0x72,0x61,0x5f,0x69,
    0x64,0x5f,0x70,0x6f,0x73,0x2e,0x73,0x61,0x6d,0x70,0x6c,0x65,0x28,0x73,0x6d,0x70,
    0x5f,0x6e,0x65,0x61,0x72,0x65,0x73,0x74,0x2c,0x20,0x69,0x6e,0x2e,0x75,0x76,0x29,
    0x3b,0x0a,0x20,0x20,0x20,0x20,0x6f,0x75,0x74,0x2e,0x66,0x72,0x61,0x67,0x5f,0x63,
    0x6f,0x6c,0x6f,0x72,0x20,0x3d,0x20,0x63,0x5f,0x63,0x6f,0x6c,0x6f,0x72,0x2e,0x73,
    0x61,0x6d,0x70,0x6c,0x65,0x28,0x73,0x6d,0x70,0x5f,0x6e,0x65,0x61,0x72,0x65,0x73,
    0x74,0x2c,0x20,0x69,0x6e,0x2e,0x75,0x76,0x29,0x3b,0x0a,0x20,0x20,0x20,0x20,0x6f,
    0x75,0x74,0x2e,0x66,0x72,0x61,0x67,0x5f,0x6c,0x69,0x67,0x68,0x74,0x20,0x3d,0x20,
    0x63,0x5f,0x6c,0x69,0x67,0x68,0x74,0x2e,0x73,0x61,0x6d,0x70,0x6c,0x65,0x28,0x73,
    0x6d,0x70,0x5f,0x6e,0x65,0x61,0x72,0x65,0x73,0x74,0x2c,0x20,0x69,0x6e,0x2e,0x75,
    0x76,0x29,0x3b,0x0a,0x20,0x20,0x20,0x20,0x6f,0x75,0x74,0x2e,0x66,0x72,0x61,0x67,
    0x5f,0x62,0x6c,0x6f,0x6f,0x6d,0x20,0x3d,0x20,0x63,0x5f,0x62,0x6c,0x6f,0x6f,0x6d,
    0x2e,0x73,0x61,0x6d,0x70,0x6c,0x65,0x28,0x73,0x6d,0x70,0x5f,0x6e,0x65,0x61,0x72,
    0x65,0x73,0x74,0x2c,0x20,0x69,0x6e,0x2e,0x75,0x76,0x29,0x3b,0x0a,0x20,0x20,0x20,
    0x20,0x69,0x66,0x20,0x28,0x28,0x28,0x61,0x73,0x5f,0x74,0x79,0x70,0x65,0x3c,0x69,
    0x6e,0x74,0x3e,0x28,0x64,0x5f,0x70,0x6f,0x73,0x5f,0x76,0x5f,0x69,0x6e,0x64,0x65,
    0x78,0x5f,0x74,0x79,0x70,0x65,0x5f,0x66,0x6c,0x61,0x67,0x73,0x2e,0x73,0x61,0x6d,
    0x70,0x6c,0x65,0x28,0x73,0x6d,0x70,0x5f,0x6e,0x65,0x61,0x72,0x65,0x73,0x74,0x2c,
    0x20,0x69,0x6e,0x2e,0x75,0x76,0x29,0x2e,0x77,0x29,0x20,0x26,0x20,0x36,0x35,0x35,
    0x33,0x35,0x29,0x20,0x26,0x20,0x37,0x29,0x20,0x3d,0x3d,0x20,0x33,0x29,0x0a,0x20,
    0x20,0x20,0x20,0x7b,0x0a,0x20,0x20,0x20,0x20,0x20,0x20,0x20,0x20,0x69,0x66,0x20,
    0x28,0x28,0x61,0x73,0x5f,0x74,0x79,0x70,0x65,0x3c,0x69,0x6e,0x74,0x3e,0x28,0x5f,
    0x37,0x35,0x31,0x2e,0x78,0x29,0x20,0x26,0x20,0x39,0x36,0x29,0x20,0x21,0x3d,0x20,
    0x30,0x29,0x0a,0x20,0x20,0x20,0x20,0x20,0x20,0x20,0x20,0x7b,0x0a,0x20,0x20,0x20,
    0x20,0x20,0x20,0x20,0x20,0x20,0x20,0x20,0x20,0x66,0x6c,0x6f,0x61,0x74,0x33,0x20,
    0x5f,0x38,0x32,0x31,0x20,0x3d,0x20,0x6d,0x69,0x78,0x28,0x63,0x6f,0x6d,0x70,0x75,
    0x74,0x65,0x5f,0x70,0x61,0x72,0x74,0x69,0x63,0x6c,0x65,0x73,0x5f,0x63,0x6f,0x6c,
    0x6f,0x72,0x28,0x5f,0x34,0x35,0x33,0x2c,0x20,0x69,0x6e,0x2e,0x75,0x76,0x2c,0x20,
    0x5f,0x35,0x34,0x31,0x2c,0x20,0x5f,0x36,0x34,0x32,0x29,0x2c,0x20,0x5f,0x34,0x35,
    0x33,0x2e,0x6f,0x76,0x65,0x72,0x72,0x69,0x64,0x65,0x5f,0x63,0x6f,0x6c,0x6f,0x72,
    0x2e,0x78,0x79,0x7a,0x2c,0x20,0x66,0x6c,0x6f,0x61,0x74,0x33,0x28,0x5f,0x34,0x35,
    0x33,0x2e,0x6f,0x76,0x65,0x72,0x72,0x69,0x64,0x65,0x5f,0x63,0x6f,0x6c,0x6f,0x72,
    0x2e,0x77,0x29,0x29,0x3b,0x0a,0x20,0x20,0x20,0x20,0x20,0x20,0x20,0x20,0x20,0x20,
    0x20,0x20,0x66,0x6c,0x6f,0x61,0x74,0x33,0x20,0x70,0x63,0x6f,0x6c,0x6f,0x72,0x20,
    0x3d,0x20,0x5f,0x38,0x32,0x31,0x3b,0x0a,0x20,0x20,0x20,0x20,0x20,0x20,0x20,0x20,
    0x20,0x20,0x20,0x20,0x66,0x6c,0x6f,0x61,0x74,0x33,0x20,0x70,0x61,0x72,0x61,0x6d,
    0x20,0x3d,0x20,0x5f,0x38,0x32,0x31,0x3b,0x0a,0x20,0x20,0x20,0x20,0x20,0x20,0x20,
    0x20,0x20,0x20,0x20,0x20,0x66,0x6c,0x6f,0x61,0x74,0x33,0x20,0x5f,0x38,0x32,0x35,
    0x20,0x3d,0x20,0x72,0x67,0x62,0x5f,0x74,0x6f,0x5f,0x68,0x73,0x76,0x28,0x70,0x61,
    0x72,0x61,0x6d,0x29,0x3b,0x0a,0x20,0x20,0x20,0x20,0x20,0x20,0x20,0x20,0x20,0x20,
    0x20,0x20,0x66,0x6c,0x6f,0x61,0x74,0x20,0x5f,0x38,0x32,0x36,0x20,0x3d,0x20,0x5f,
    0x38,0x32,0x35,0x2e,0x7a,0x3b,0x0a,0x20,0x20,0x20,0x20,0x20,0x20,0x20,0x20,0x20,
    0x20,0x20,0x20,0x66,0x6c,0x6f,0x61,0x74,0x32,0x20,0x5f,0x38,0x33,0x31,0x20,0x3d,
    0x20,0x69,0x6e,0x2e,0x75,0x76,0x20,0x2a,0x20,0x31,0x2e,0x32,0x39,0x39,0x39,0x39,
    0x39,0x39,0x35,0x32,0x33,0x31,0x36,0x32,0x38,0x34,0x31,0x37,0x39,0x36,0x38,0x37,
    0x35,0x3b,0x0a,0x20,0x20,0x20,0x20,0x20,0x20,0x20,0x20,0x20,0x20,0x20,0x20,0x66,
    0x6c,0x6f,0x61,0x74,0x33,0x20,0x70,0x61,0x72,0x61,0x6d,0x5f,0x31,0x20,0x3d,0x20,
    0x66,0x6c,0x6f,0x61,0x74,0x33,0x28,0x5f,0x38,0x33,0x31,0x2e,0x78,0x2c,0x20,0x66,
    0x6d,0x61,0x28,0x2d,0x5f,0x34,0x35,0x33,0x2e,0x74,0x69,0x6d,0x65,0x5f,0x73,0x2c,
    0x20,0x31,0x2e,0x36,0x30,0x30,0x30,0x30,0x30,0x30,0x32,0x33,0x38,0x34,0x31,0x38,
    0x35,0x37,0x39,0x31,0x30,0x31,0x35,0x36,0x32,0x35,0x2c,0x20,0x5f,0x38,0x33,0x31,
    0x2e,0x79,0x29,0x2c,0x20,0x5f,0x34,0x35,0x33,0x2e,0x74,0x69,0x6d,0x65,0x5f,0x73,
    0x20,0x2a,0x20,0x30,0x2e,0x33,0x30,0x30,0x30,0x30,0x30,0x30,0x31,0x31,0x39,0x32,
    0x30,0x39,0x32,0x38,0x39,0x35,0x35,0x30,0x37,0x38,0x31,0x32,0x35,0x29,0x3b,0x0a,
    0x20,0x20,0x20,0x20,0x20,0x20,0x20,0x20,0x20,0x20,0x20,0x20,0x66,0x6c,0x6f,0x61,
    0x74,0x20,0x5f,0x38,0x34,0x38,0x20,0x3d,0x20,0x66,0x62,0x6d,0x28,0x70,0x61,0x72,
    0x61,0x6d,0x5f,0x31,0x29,0x3b,0x0a,0x20,0x20,0x20,0x20,0x20,0x20,0x20,0x20,0x20,
    0x20,0x20,0x20,0x66,0x6c,0x6f,0x61,0x74,0x20,0x70,0x61,0x72,0x61,0x6d,0x5f,0x32,
    0x20,0x3d,0x20,0x5f,0x38,0x34,0x38,0x3b,0x0a,0x20,0x20,0x20,0x20,0x20,0x20,0x20,
    0x20,0x20,0x20,0x20,0x20,0x66,0x6c,0x6f,0x61,0x74,0x20,0x70,0x61,0x72,0x61,0x6d,
    0x5f,0x33,0x20,0x3d,0x20,0x73,0x61,0x74,0x75,0x72,0x61,0x74,0x65,0x30,0x28,0x70,
    0x61,0x72,0x61,0x6d,0x5f,0x32,0x29,0x3b,0x0a,0x20,0x20,0x20,0x20,0x20,0x20,0x20,
    0x20,0x20,0x20,0x20,0x20,0x70,0x63,0x6f,0x6c,0x6f,0x72,0x20,0x2a,0x3d,0x20,0x6d,
    0x69,0x78,0x28,0x30,0x2e,0x36,0x39,0x39,0x39,0x39,0x39,0x39,0x38,0x38,0x30,0x37,
    0x39,0x30,0x37,0x31,0x30,0x34,0x34,0x39,0x32,0x31,0x38,0x37,0x35,0x2c,0x20,0x31,
    0x2e,0x30,0x2c,0x20,0x65,0x61,0x73,0x65,0x5f,0x69,0x6e,0x5f,0x6f,0x75,0x74,0x5f,
    0x71,0x75,0x61,0x72,0x74,0x28,0x70,0x61,0x72,0x61,0x6d,0x5f,0x33,0x29,0x29,0x3b,
    0x0a,0x20,0x20,0x20,0x20,0x20,0x20,0x20,0x20,0x20,0x20,0x20,0x20,0x69,0x66,0x20,
    0x28,0x5f,0x38,0x32,0x36,0x20,0x3e,0x20,0x30,0x2e,0x30,0x30,0x31,0x30,0x30,0x30,
    0x30,0x30,0x30,0x30,0x34,0x37,0x34,0x39,0x37,0x34,0x35,0x31,0x33,0x30,0x35,0x33,
    0x38,0x39,0x34,0x30,0x34,0x32,0x39,0x36,0x38,0x37,0x35,0x29,0x0a,0x20,0x20,0x20,
    0x20,0x20,0x20,0x20,0x20,0x20,0x20,0x20,0x20,0x7b,0x0a,0x20,0x20,0x20,0x20,0x20,
    0x20,0x20,0x20,0x20,0x20,0x20,0x20,0x20,0x20,0x20,0x20,0x66,0x6c,0x6f,0x61,0x74,
    0x34,0x20,0x5f,0x38,0x36,0x35,0x20,0x3d,0x20,0x6f,0x75,0x74,0x2e,0x66,0x72,0x61,
    0x67,0x5f,0x63,0x6f,0x6c,0x6f,0x72,0x3b,0x0a,0x20,0x20,0x20,0x20,0x20,0x20,0x20,
    0x20,0x20,0x20,0x20,0x20,0x20,0x20,0x20,0x20,0x66,0x6c,0x6f,0x61,0x74,0x33,0x20,
    0x5f,0x38,0x36,0x39,0x20,0x3d,0x20,0x6d,0x69,0x78,0x28,0x5f,0x38,0x36,0x35,0x2e,
    0x78,0x79,0x7a,0x2c,0x20,0x70,0x63,0x6f,0x6c,0x6f,0x72,0x2c,0x20,0x66,0x6c,0x6f,
    0x61,0x74,0x33,0x28,0x30,0x2e,0x33,0x30,0x30,0x30,0x30,0x30,0x30,0x31,0x31,0x39,
    0x32,0x30,0x39,0x32,0x38,0x39,0x35,0x35,0x30,0x37,0x38,0x31,0x32,0x35,0x29,0x29,
    0x3b,0x0a,0x20,0x20,0x20,0x20,0x20,0x20,0x20,0x20,0x20,0x20,0x20,0x20,0x20,0x20,
    0x20,0x20,0x6f,0x75,0x74,0x2e,0x66,0x72,0x61,0x67,0x5f,0x63,0x6f,0x6c,0x6f,0x72,
    0x2e,0x78,0x20,0x3d,0x20,0x5f,0x38,0x36,0x39,0x2e,0x78,0x3b,0x0a,0x20,0x20,0x20,
    0x20,0x20,0x20,0x20,0x20,0x20,0x20,0x20,0x20,0x20,0x20,0x20,0x20,0x6f,0x75,0x74,
    0x2e,0x66,0x72,0x61,0x67,0x5f,0x63,0x6f,0x6c,0x6f,0x72,0x2e,0x79,0x20,0x3d,0x20,
    0x5f,0x38,0x36,0x39,0x2e,0x79,0x3b,0x0a,0x20,0x20,0x20,0x20,0x20,0x20,0x20,0x20,
    0x20,0x20,0x20,0x20,0x20,0x20,0x20,0x20,0x6f,0x75,0x74,0x2e,0x66,0x72,0x61,0x67,
    0x5f,0x63,0x6f,0x6c,0x6f,0x72,0x2e,0x7a,0x20,0x3d,0x20,0x5f,0x38,0x36,0x39,0x2e,
    0x7a,0x3b,0x0a,0x20,0x20,0x20,0x20,0x20,0x20,0x20,0x20,0x20,0x20,0x20,0x20,0x20,
    0x20,0x20,0x20,0x66,0x6c,0x6f,0x61,0x74,0x20,0x70,0x61,0x72,0x61,0x6d,0x5f,0x34,
    0x20,0x3d,0x20,0x5f,0x38,0x32,0x36,0x20,0x2d,0x20,0x30,0x2e,0x38,0x30,0x30,0x30,
    0x30,0x30,0x30,0x31,0x31,0x39,0x32,0x30,0x39,0x32,0x38,0x39,0x35,0x35,0x30,0x37,
    0x38,0x31,0x32,0x35,0x3b,0x0a,0x20,0x20,0x20,0x20,0x20,0x20,0x20,0x20,0x20,0x20,
    0x20,0x20,0x20,0x20,0x20,0x20,0x6f,0x75,0x74,0x2e,0x66,0x72,0x61,0x67,0x5f,0x6c,
    0x69,0x67,0x68,0x74,0x20,0x2b,0x3d,0x20,0x66,0x6c,0x6f,0x61,0x74,0x34,0x28,0x70,
    0x63,0x6f,0x6c,0x6f,0x72,0x2c,0x20,0x73,0x61,0x74,0x75,0x72,0x61,0x74,0x65,0x30,
    0x28,0x70,0x61,0x72,0x61,0x6d,0x5f,0x34,0x29,0x29,0x3b,0x0a,0x20,0x20,0x20,0x20,
    0x20,0x20,0x20,0x20,0x20,0x20,0x20,0x20,0x20,0x20,0x20,0x20,0x70,0x63,0x6f,0x6c,
    0x6f,0x72,0x20,0x3d,0x20,0x66,0x6c,0x6f,0x61,0x74,0x33,0x28,0x31,0x2e,0x30,0x2c,
    0x20,0x30,0x2e,0x33,0x30,0x30,0x30,0x30,0x30,0x30,0x31,0x31,0x39,0x32,0x30,0x39,
    0x32,0x38,0x39,0x35,0x35,0x30,0x37,0x38,0x31,0x32,0x35,0x2c,0x20,0x30,0x2e,0x33,
    0x30,0x30,0x30,0x30,0x30,0x30,0x31,0x31,0x39,0x32,0x30,0x39,0x32,0x38,0x39,0x35,
    0x35,0x30,0x37,0x38,0x31,0x32,0x35,0x29,0x3b,0x0a,0x20,0x20,0x20,0x20,0x20,0x20,
    0x20,0x20,0x20,0x20,0x20,0x20,0x20,0x20,0x20,0x20,0x66,0x6c,0x6f,0x61,0x74,0x20,
    0x70,0x61,0x72,0x61,0x6d,0x5f,0x35,0x20,0x3d,0x20,0x5f,0x38,0x32,0x36,0x20,0x2d,
    0x20,0x30,0x2e,0x35,0x3b,0x0a,0x20,0x20,0x20,0x20,0x20,0x20,0x20,0x20,0x20,0x20,
    0x20,0x20,0x20,0x20,0x20,0x20,0x6f,0x75,0x74,0x2e,0x66,0x72,0x61,0x67,0x5f,0x62,
    0x6c,0x6f,0x6f,0x6d,0x20,0x2b,0x3d,0x20,0x66,0x6c,0x6f,0x61,0x74,0x34,0x28,0x31,
    0x2e,0x30,0x2c,0x20,0x30,0x2e,0x33,0x30,0x30,0x30,0x30,0x30,0x30,0x31,0x31,0x39,
    0x32,0x30,0x39,0x32,0x38,0x39,0x35,0x35,0x30,0x37,0x38,0x31,0x32,0x35,0x2c,0x20,
    0x30,0x2e,0x33,0x30,0x30,0x30,0x30,0x30,0x30,0x31,0x31,0x39,0x32,0x30,0x39,0x32,
    0x38,0x39,0x35,0x35,0x30,0x37,0x38,0x31,0x32,0x35,0x2c,0x20,0x73,0x61,0x74,0x75,
    0x72,0x61,0x74,0x65,0x30,0x28,0x70,0x61,0x72,0x61,0x6d,0x5f,0x35,0x29,0x29,0x3b,
    0x0a,0x20,0x20,0x20,0x20,0x20,0x20,0x20,0x20,0x20,0x20,0x20,0x20,0x7d,0x0a,0x20,
    0x20,0x20,0x20,0x20,0x20,0x20,0x20,0x7d,0x0a,0x20,0x20,0x20,0x20,0x7d,0x0a,0x20,
    0x20,0x20,0x20,0x72,0x65,0x74,0x75,0x72,0x6e,0x20,0x6f,0x75,0x74,0x3b,0x0a,0x7d,
    0x0a,0x0a,0x00,
};
const sg_shader_desc* post0_program_shader_desc(sg_backend backend) {
    if (backend == SG_BACKEND_METAL_MACOS) {
        static sg_shader_desc desc;
        static bool valid;
        if (!valid) {
            valid = true;
            desc.vs.source = (const char*)post0_vs_source_metal_macos;
            desc.vs.entry = "main0";
            desc.vs.uniform_blocks[0].size = 192;
            desc.vs.uniform_blocks[0].layout = SG_UNIFORMLAYOUT_STD140;
            desc.fs.source = (const char*)post0_fs_source_metal_macos;
            desc.fs.entry = "main0";
            desc.fs.uniform_blocks[0].size = 112;
            desc.fs.uniform_blocks[0].layout = SG_UNIFORMLAYOUT_STD140;
            desc.fs.storage_buffers[0].used = true;
            desc.fs.storage_buffers[0].readonly = true;
            desc.fs.storage_buffers[1].used = true;
            desc.fs.storage_buffers[1].readonly = true;
            desc.fs.images[0].used = true;
            desc.fs.images[0].multisampled = false;
            desc.fs.images[0].image_type = SG_IMAGETYPE_2D;
            desc.fs.images[0].sample_type = SG_IMAGESAMPLETYPE_FLOAT;
            desc.fs.images[1].used = true;
            desc.fs.images[1].multisampled = false;
            desc.fs.images[1].image_type = SG_IMAGETYPE_2D;
            desc.fs.images[1].sample_type = SG_IMAGESAMPLETYPE_FLOAT;
            desc.fs.images[2].used = true;
            desc.fs.images[2].multisampled = false;
            desc.fs.images[2].image_type = SG_IMAGETYPE_2D;
            desc.fs.images[2].sample_type = SG_IMAGESAMPLETYPE_FLOAT;
            desc.fs.images[3].used = true;
            desc.fs.images[3].multisampled = false;
            desc.fs.images[3].image_type = SG_IMAGETYPE_2D;
            desc.fs.images[3].sample_type = SG_IMAGESAMPLETYPE_FLOAT;
            desc.fs.images[4].used = true;
            desc.fs.images[4].multisampled = false;
            desc.fs.images[4].image_type = SG_IMAGETYPE_2D;
            desc.fs.images[4].sample_type = SG_IMAGESAMPLETYPE_FLOAT;
            desc.fs.samplers[0].used = true;
            desc.fs.samplers[0].sampler_type = SG_SAMPLERTYPE_FILTERING;
            desc.fs.image_sampler_pairs[0].used = true;
            desc.fs.image_sampler_pairs[0].image_slot = 0;
            desc.fs.image_sampler_pairs[0].sampler_slot = 0;
            desc.fs.image_sampler_pairs[1].used = true;
            desc.fs.image_sampler_pairs[1].image_slot = 1;
            desc.fs.image_sampler_pairs[1].sampler_slot = 0;
            desc.fs.image_sampler_pairs[2].used = true;
            desc.fs.image_sampler_pairs[2].image_slot = 2;
            desc.fs.image_sampler_pairs[2].sampler_slot = 0;
            desc.fs.image_sampler_pairs[3].used = true;
            desc.fs.image_sampler_pairs[3].image_slot = 3;
            desc.fs.image_sampler_pairs[3].sampler_slot = 0;
            desc.fs.image_sampler_pairs[4].used = true;
            desc.fs.image_sampler_pairs[4].image_slot = 4;
            desc.fs.image_sampler_pairs[4].sampler_slot = 0;
            desc.label = "post0_program_shader";
        }
        return &desc;
    }
    return 0;
}
int post0_program_attr_slot(const char* attr_name) {
    (void)attr_name;
    if (0 == strcmp(attr_name, "position")) {
        return 0;
    }
    if (0 == strcmp(attr_name, "texcoord0")) {
        return 1;
    }
    return -1;
}
int post0_program_image_slot(sg_shader_stage stage, const char* img_name) {
    (void)stage; (void)img_name;
    if (SG_SHADERSTAGE_FS == stage) {
        if (0 == strcmp(img_name, "d_pos_v_index_type_flags")) {
            return 0;
        }
        if (0 == strcmp(img_name, "c_extra_id_pos")) {
            return 1;
        }
        if (0 == strcmp(img_name, "c_color")) {
            return 2;
        }
        if (0 == strcmp(img_name, "c_light")) {
            return 3;
        }
        if (0 == strcmp(img_name, "c_bloom")) {
            return 4;
        }
    }
    return -1;
}
int post0_program_sampler_slot(sg_shader_stage stage, const char* smp_name) {
    (void)stage; (void)smp_name;
    if (SG_SHADERSTAGE_FS == stage) {
        if (0 == strcmp(smp_name, "smp_nearest")) {
            return 0;
        }
    }
    return -1;
}
int post0_program_uniformblock_slot(sg_shader_stage stage, const char* ub_name) {
    (void)stage; (void)ub_name;
    if (SG_SHADERSTAGE_VS == stage) {
        if (0 == strcmp(ub_name, "vs_params")) {
            return 0;
        }
    }
    if (SG_SHADERSTAGE_FS == stage) {
        if (0 == strcmp(ub_name, "fs_params")) {
            return 0;
        }
    }
    return -1;
}
size_t post0_program_uniformblock_size(sg_shader_stage stage, const char* ub_name) {
    (void)stage; (void)ub_name;
    if (SG_SHADERSTAGE_VS == stage) {
        if (0 == strcmp(ub_name, "vs_params")) {
            return sizeof(post0_vs_params_t);
        }
    }
    if (SG_SHADERSTAGE_FS == stage) {
        if (0 == strcmp(ub_name, "fs_params")) {
            return sizeof(post0_fs_params_t);
        }
    }
    return 0;
}
int post0_program_uniform_offset(sg_shader_stage stage, const char* ub_name, const char* u_name) {
    (void)stage; (void)ub_name; (void)u_name;
    if (SG_SHADERSTAGE_VS == stage) {
        if (0 == strcmp(ub_name, "vs_params")) {
            if (0 == strcmp(u_name, "model")) {
                return 0;
            }
            if (0 == strcmp(u_name, "view")) {
                return 64;
            }
            if (0 == strcmp(u_name, "proj")) {
                return 128;
            }
        }
    }
    if (SG_SHADERSTAGE_FS == stage) {
        if (0 == strcmp(ub_name, "fs_params")) {
            if (0 == strcmp(u_name, "tick")) {
                return 0;
            }
            if (0 == strcmp(u_name, "time_s")) {
                return 4;
            }
            if (0 == strcmp(u_name, "visopt")) {
                return 8;
            }
            if (0 == strcmp(u_name, "n_particles")) {
                return 12;
            }
            if (0 == strcmp(u_name, "particle_kern_radius")) {
                return 16;
            }
            if (0 == strcmp(u_name, "particle_disp_scale")) {
                return 20;
            }
            if (0 == strcmp(u_name, "particle_disp_radius")) {
                return 24;
            }
            if (0 == strcmp(u_name, "particle_bounds")) {
                return 32;
            }
            if (0 == strcmp(u_name, "particle_render_offset")) {
                return 40;
            }
            if (0 == strcmp(u_name, "particle_color_left")) {
                return 48;
            }
            if (0 == strcmp(u_name, "particle_color_right")) {
                return 64;
            }
            if (0 == strcmp(u_name, "particle_cell_dims")) {
                return 80;
            }
            if (0 == strcmp(u_name, "override_color")) {
                return 96;
            }
        }
    }
    return -1;
}
sg_shader_uniform_desc post0_program_uniform_desc(sg_shader_stage stage, const char* ub_name, const char* u_name) {
    (void)stage; (void)ub_name; (void)u_name;
    #if defined(__cplusplus)
    sg_shader_uniform_desc desc = {};
    #else
    sg_shader_uniform_desc desc = {0};
    #endif
    if (SG_SHADERSTAGE_VS == stage) {
        if (0 == strcmp(ub_name, "vs_params")) {
            if (0 == strcmp(u_name, "model")) {
                desc.name = "model";
                desc.type = SG_UNIFORMTYPE_MAT4;
                desc.array_count = 0;
                return desc;
            }
            if (0 == strcmp(u_name, "view")) {
                desc.name = "view";
                desc.type = SG_UNIFORMTYPE_MAT4;
                desc.array_count = 0;
                return desc;
            }
            if (0 == strcmp(u_name, "proj")) {
                desc.name = "proj";
                desc.type = SG_UNIFORMTYPE_MAT4;
                desc.array_count = 0;
                return desc;
            }
        }
    }
    if (SG_SHADERSTAGE_FS == stage) {
        if (0 == strcmp(ub_name, "fs_params")) {
            if (0 == strcmp(u_name, "tick")) {
                desc.name = "tick";
                desc.type = SG_UNIFORMTYPE_INT;
                desc.array_count = 0;
                return desc;
            }
            if (0 == strcmp(u_name, "time_s")) {
                desc.name = "time_s";
                desc.type = SG_UNIFORMTYPE_FLOAT;
                desc.array_count = 0;
                return desc;
            }
            if (0 == strcmp(u_name, "visopt")) {
                desc.name = "visopt";
                desc.type = SG_UNIFORMTYPE_INT;
                desc.array_count = 0;
                return desc;
            }
            if (0 == strcmp(u_name, "n_particles")) {
                desc.name = "n_particles";
                desc.type = SG_UNIFORMTYPE_INT;
                desc.array_count = 0;
                return desc;
            }
            if (0 == strcmp(u_name, "particle_kern_radius")) {
                desc.name = "particle_kern_radius";
                desc.type = SG_UNIFORMTYPE_FLOAT;
                desc.array_count = 0;
                return desc;
            }
            if (0 == strcmp(u_name, "particle_disp_scale")) {
                desc.name = "particle_disp_scale";
                desc.type = SG_UNIFORMTYPE_FLOAT;
                desc.array_count = 0;
                return desc;
            }
            if (0 == strcmp(u_name, "particle_disp_radius")) {
                desc.name = "particle_disp_radius";
                desc.type = SG_UNIFORMTYPE_FLOAT;
                desc.array_count = 0;
                return desc;
            }
            if (0 == strcmp(u_name, "particle_bounds")) {
                desc.name = "particle_bounds";
                desc.type = SG_UNIFORMTYPE_FLOAT2;
                desc.array_count = 0;
                return desc;
            }
            if (0 == strcmp(u_name, "particle_render_offset")) {
                desc.name = "particle_render_offset";
                desc.type = SG_UNIFORMTYPE_FLOAT2;
                desc.array_count = 0;
                return desc;
            }
            if (0 == strcmp(u_name, "particle_color_left")) {
                desc.name = "particle_color_left";
                desc.type = SG_UNIFORMTYPE_FLOAT3;
                desc.array_count = 0;
                return desc;
            }
            if (0 == strcmp(u_name, "particle_color_right")) {
                desc.name = "particle_color_right";
                desc.type = SG_UNIFORMTYPE_FLOAT3;
                desc.array_count = 0;
                return desc;
            }
            if (0 == strcmp(u_name, "particle_cell_dims")) {
                desc.name = "particle_cell_dims";
                desc.type = SG_UNIFORMTYPE_INT2;
                desc.array_count = 0;
                return desc;
            }
            if (0 == strcmp(u_name, "override_color")) {
                desc.name = "override_color";
                desc.type = SG_UNIFORMTYPE_FLOAT4;
                desc.array_count = 0;
                return desc;
            }
        }
    }
    return desc;
}
int post0_program_storagebuffer_slot(sg_shader_stage stage, const char* sbuf_name) {
    (void)stage; (void)sbuf_name;
    if (SG_SHADERSTAGE_FS == stage) {
        if (0 == strcmp(sbuf_name, "cell_buffer")) {
            return 0;
        }
        if (0 == strcmp(sbuf_name, "particle_buffer")) {
            return 1;
        }
    }
    return -1;
}
#endif // SOKOL_SHDC_IMPL